{
	"credit": "Made with Blockbench",
	"textures": {
		"layer0": "item/misc/blazar"
	},
	"elements": [
		{
			"from": [-3.5, -13, 7.55],
			"to": [-1.5, 32, 7.95],
			"rotation": {"angle": -45, "axis": "z", "origin": [-7, -0.5, 7.65]},
			"faces": {
				"north": {"uv": [13, 0, 16, 16], "texture": "#layer0"},
				"east": {"uv": [13, 0, 13.5, 16], "texture": "#layer0"},
				"south": {"uv": [13, 0, 16, 16], "texture": "#layer0"},
				"west": {"uv": [13, 0, 13.5, 16], "texture": "#layer0"}
			}
		},
		{
			"from": [-15, -15, 7.5],
			"to": [-14, -14, 8],
			"faces": {
				"north": {"uv": [2, 14, 1, 15], "texture": "#layer0"},
				"east": {"uv": [2, 14, 1.5, 15], "texture": "#layer0"},
				"south": {"uv": [1, 14, 2, 15], "texture": "#layer0"},
				"west": {"uv": [1.5, 14, 1, 15], "texture": "#layer0"},
				"up": {"uv": [1, 14, 2, 14.5], "texture": "#layer0"},
				"down": {"uv": [1, 14.5, 2, 15], "texture": "#layer0"}
			}
		},
		{
			"from": [-14.5, -14.5, 7.5],
			"to": [-12.5, -12.5, 8],
			"faces": {
				"north": {"uv": [3.5, 12.5, 1.5, 14.5], "texture": "#layer0"},
				"east": {"uv": [3.5, 12.5, 3, 14.5], "texture": "#layer0"},
				"south": {"uv": [1.5, 12.5, 3.5, 14.5], "texture": "#layer0"},
				"west": {"uv": [2, 12.5, 1.5, 14.5], "texture": "#layer0"},
				"up": {"uv": [1.5, 12.5, 3.5, 13], "texture": "#layer0"},
				"down": {"uv": [1.5, 14, 3.5, 14.5], "texture": "#layer0"}
			}
		},
		{
			"from": [-16, -16, 7.5],
			"to": [-14.5, -14.5, 8],
			"faces": {
				"north": {"uv": [1.5, 14.5, 0, 16], "texture": "#layer0"},
				"east": {"uv": [1, 14.5, 1.5, 16], "texture": "#layer0"},
				"south": {"uv": [0, 14.5, 1.5, 16], "texture": "#layer0"},
				"west": {"uv": [0, 14.5, 0.5, 16], "texture": "#layer0"},
				"up": {"uv": [0, 14.5, 1.5, 15], "texture": "#layer0"},
				"down": {"uv": [0, 15.5, 1.5, 16], "texture": "#layer0"}
			}
		},
		{
			"from": [-14, -13, 7.5],
			"to": [-12.5, -11.5, 8],
			"faces": {
				"north": {"uv": [3.5, 11.5, 2, 13], "texture": "#layer0"},
				"east": {"uv": [3, 11.5, 3.5, 13], "texture": "#layer0"},
				"south": {"uv": [2, 11.5, 3.5, 13], "texture": "#layer0"},
				"west": {"uv": [2, 11.5, 2.5, 13], "texture": "#layer0"},
				"up": {"uv": [2, 11.5, 3.5, 12], "texture": "#layer0"}
			}
		},
		{
			"from": [-15, -11, 7.5],
			"to": [-13.5, -10, 8],
			"faces": {
				"north": {"uv": [2.5, 10, 1, 11], "texture": "#layer0"},
				"east": {"uv": [2, 10, 2.5, 11], "texture": "#layer0"},
				"south": {"uv": [1, 10, 2.5, 11], "texture": "#layer0"},
				"west": {"uv": [1, 10, 1.5, 11], "texture": "#layer0"},
				"up": {"uv": [1, 10, 2.5, 10.5], "texture": "#layer0"},
				"down": {"uv": [1, 10.5, 2.5, 11], "texture": "#layer0"}
			}
		},
		{
			"from": [-14.5, -11.5, 7.5],
			"to": [-14, -9.5, 8],
			"faces": {
				"north": {"uv": [2, 9.5, 1.5, 11.5], "texture": "#layer0"},
				"east": {"uv": [1.5, 9.5, 2, 11.5], "texture": "#layer0"},
				"south": {"uv": [1.5, 9.5, 2, 11.5], "texture": "#layer0"},
				"west": {"uv": [1.5, 9.5, 2, 11.5], "texture": "#layer0"},
				"up": {"uv": [1.5, 9.5, 2, 10], "texture": "#layer0"},
				"down": {"uv": [1.5, 11, 2, 11.5], "texture": "#layer0"}
			}
		},
		{
			"from": [-12, -15, 7.5],
			"to": [-10, -14.5, 8],
			"rotation": {"angle": 0, "axis": "z", "origin": [-10.25, -14.5, 7.65]},
			"faces": {
				"north": {"uv": [2, 9.5, 1.5, 11.5], "rotation": 270, "texture": "#layer0"},
				"east": {"uv": [1.5, 9.5, 2, 10], "rotation": 90, "texture": "#layer0"},
				"south": {"uv": [1.5, 9.5, 2, 11.5], "rotation": 90, "texture": "#layer0"},
				"west": {"uv": [1.5, 11, 2, 11.5], "rotation": 90, "texture": "#layer0"},
				"up": {"uv": [1.5, 9.5, 2, 11.5], "rotation": 90, "texture": "#layer0"},
				"down": {"uv": [1.5, 9.5, 2, 11.5], "rotation": 90, "texture": "#layer0"}
			}
		},
		{
			"from": [-11.5, -15.5, 7.5],
			"to": [-10.5, -14, 8],
			"rotation": {"angle": 0, "axis": "z", "origin": [-10.25, -14.5, 7.65]},
			"faces": {
				"north": {"uv": [2.5, 10, 1, 11], "rotation": 270, "texture": "#layer0"},
				"east": {"uv": [1, 10, 2.5, 10.5], "rotation": 90, "texture": "#layer0"},
				"south": {"uv": [1, 10, 2.5, 11], "rotation": 90, "texture": "#layer0"},
				"west": {"uv": [1, 10.5, 2.5, 11], "rotation": 90, "texture": "#layer0"},
				"up": {"uv": [1, 10, 1.5, 11], "rotation": 90, "texture": "#layer0"},
				"down": {"uv": [2, 10, 2.5, 11], "rotation": 90, "texture": "#layer0"}
			}
		},
		{
			"from": [-13.5, -11.5, 7.5],
			"to": [-13, -11, 8],
			"faces": {
				"north": {"uv": [2.5, 11, 3, 11.5], "texture": "#layer0"},
				"east": {"uv": [2.5, 11, 3, 11.5], "texture": "#layer0"},
				"south": {"uv": [2.5, 11, 3, 11.5], "texture": "#layer0"},
				"west": {"uv": [2.5, 11, 3, 11.5], "texture": "#layer0"},
				"up": {"uv": [2.5, 11, 3, 11.5], "texture": "#layer0"},
				"down": {"uv": [2.5, 11, 3, 11.5], "texture": "#layer0"}
			}
		},
		{
			"from": [-11.5, -13.5, 7.5],
			"to": [-11, -13, 8],
			"faces": {
				"north": {"uv": [4.5, 13, 5, 13.5], "texture": "#layer0"},
				"east": {"uv": [4.5, 13, 5, 13.5], "texture": "#layer0"},
				"south": {"uv": [4.5, 13, 5, 13.5], "texture": "#layer0"},
				"west": {"uv": [4.5, 13, 5, 13.5], "texture": "#layer0"},
				"up": {"uv": [4.5, 13, 5, 13.5], "texture": "#layer0"},
				"down": {"uv": [4.5, 13, 5, 13.5], "texture": "#layer0"}
			}
		},
		{
			"from": [-12.5, -12.5, 7.5],
			"to": [-12, -12, 8],
			"faces": {
				"north": {"uv": [3.5, 12, 4, 12.5], "texture": "#layer0"},
				"east": {"uv": [3.5, 12, 4, 12.5], "texture": "#layer0"},
				"south": {"uv": [3.5, 12, 4, 12.5], "texture": "#layer0"},
				"west": {"uv": [3.5, 12, 4, 12.5], "texture": "#layer0"},
				"up": {"uv": [3.5, 12, 4, 12.5], "texture": "#layer0"},
				"down": {"uv": [3.5, 12, 4, 12.5], "texture": "#layer0"}
			}
		},
		{
			"from": [-13, -14, 7.5],
			"to": [-11.5, -12.5, 8],
			"faces": {
				"north": {"uv": [4.5, 12.5, 3, 14], "texture": "#layer0"},
				"east": {"uv": [4, 12.5, 4.5, 14], "texture": "#layer0"},
				"south": {"uv": [3, 12.5, 4.5, 14], "texture": "#layer0"},
				"up": {"uv": [3, 12.5, 4.5, 13], "texture": "#layer0"},
				"down": {"uv": [3, 13.5, 4.5, 14], "texture": "#layer0"}
			}
		}
	],
	"gui_light": "front",
	"display": {
		"thirdperson_righthand": {
			"rotation": [45, 90, 0],
			"translation": [0, 45, 2],
			"scale": [1.5, 1.5, 1.5]
		},
		"thirdperson_lefthand": {
			"rotation": [45, -90, 0],
			"translation": [0, 45, 2],
			"scale": [1.5, 1.5, 1.5]
		},
		"firstperson_righthand": {
			"rotation": [0, -90, 25],
			"translation": [4.52, 52, 16],
			"scale": [2, 2, 2]
		},
		"firstperson_lefthand": {
			"rotation": [0, 90, -25],
			"translation": [4.52, 52, 16],
			"scale": [2, 2, 2]
		},
		"ground": {
			"translation": [22, 23, 0]
		},
		"gui": {
			"translation": [40, 40, 0],
			"scale": [2, 2, 1]
		},
		"head": {
			"rotation": [90, 90, -135],
			"translation": [-6.25, 0.25, -63],
			"scale": [2, 2, 2]
		},
		"fixed": {
			"rotation": [0, -180, 0],
			"translation": [-51, 51, -1],
			"scale": [2.5, 2.5, 2.5]
		}
	},
	"groups": [0,
		{
			"name": "blazar_item",
			"origin": [0, 0, 0],
			"color": 0,
			"children": [1, 2, 3, 4, 5, 6, 7, 8, 9, 10, 11, 12]
		}
	]
}