{
	"credit": "Made with Blockbench",
	"textures": {
		"1": "custom/enchanter2",
		"3": "custom/enchanter_book"
	},
	"elements": [
		{
			"from": [4, 10, 5],
			"to": [22, 29, 8],
			"faces": {
				"north": {"uv": [0, 0, 6, 6], "texture": "#1"},
				"east": {"uv": [0, 0, 5, 12.5], "texture": "#1"},
				"south": {"uv": [0, 0, 16, 16], "texture": "#1"},
				"west": {"uv": [0, 0, 4, 6], "texture": "#1"},
				"up": {"uv": [0, 0, 6, 4], "texture": "#1"},
				"down": {"uv": [0, 0, 6, 4], "texture": "#1"}
			}
		},
		{
			"from": [5, 12, 8],
			"to": [21, 28, 9],
			"faces": {
				"north": {"uv": [0, 0, 6, 6], "texture": "#1"},
				"east": {"uv": [0, 0, 5, 12.5], "texture": "#1"},
				"south": {"uv": [0, 0, 16, 16], "texture": "#3"},
				"west": {"uv": [0, 0, 4, 6], "texture": "#1"},
				"up": {"uv": [0, 0, 6, 4], "texture": "#1"},
				"down": {"uv": [0, 0, 6, 4], "texture": "#1"}
			}
		},
		{
			"from": [22, 11, 5],
			"to": [24, 28, 10],
			"faces": {
				"north": {"uv": [0, 0, 1, 6], "texture": "#1"},
				"east": {"uv": [0, 0, 4, 6], "texture": "#1"},
				"south": {"uv": [0, 0, 1, 6], "texture": "#1"},
				"west": {"uv": [0, 0, 4, 16], "texture": "#1"},
				"up": {"uv": [0, 0, 1, 4], "texture": "#1"},
				"down": {"uv": [0, 0, 1, 4], "texture": "#1"}
			}
		},
		{
			"from": [2, 11, 5],
			"to": [4, 28, 10],
			"faces": {
				"north": {"uv": [0, 0, 1, 6], "texture": "#1"},
				"east": {"uv": [0, 0, 4, 6], "texture": "#1"},
				"south": {"uv": [0, 0, 1, 6], "texture": "#1"},
				"west": {"uv": [0, 0, 4, 16], "texture": "#1"},
				"up": {"uv": [0, 0, 1, 4], "texture": "#1"},
				"down": {"uv": [0, 0, 1, 4], "texture": "#1"}
			}
		}
	],
	"gui_light": "front",
	"display": {
		"thirdperson_righthand": {
			"rotation": [-152, -180, -180],
			"translation": [-8.25, 0.5, 2.75],
			"scale": [0.5, 0.5, 0.5]
		},
		"thirdperson_lefthand": {
			"rotation": [39, 0, 0],
			"translation": [-3.5, 4, 10],
			"scale": [0.5, 0.5, 0.5]
		},
		"firstperson_righthand": {
			"rotation": [31.25, 67.75, -18.25],
			"translation": [1, 4.5, -0.25],
			"scale": [0.66211, 1.03125, 1.09961]
		},
		"firstperson_lefthand": {
			"rotation": [0, 0, -9.25],
			"translation": [3, 4.5, 0.25],
			"scale": [1.05469, 0.94531, 0.40234]
		},
		"ground": {
			"rotation": [-26, 20.25, -9],
			"scale": [0.9043, 0.86133, 1]
		},
		"gui": {
			"rotation": [0, -7.75, -40.5],
			"translation": [0.75, 1.25, 0],
			"scale": [1.53516, 1.69141, 1]
		},
		"fixed": {
			"rotation": [0, -0.25, 35.5],
			"translation": [-0.75, 0.75, -3.25],
			"scale": [1.92188, 1.8457, 1]
		}
	}
}