{
	"credit": "Made with Blockbench",
	"textures": {
		"0": "custom/flamber_torch",
		"particle": "custom/flamber_torch"
	},
	"elements": [
		{
			"from": [7, 2, 8],
			"to": [9, 12, 10],
			"rotation": {"angle": 0, "axis": "y", "origin": [24, -8, 23]},
			"faces": {
				"north": {"uv": [7, 6, 9, 16], "texture": "#0"},
				"east": {"uv": [7, 6, 9, 16], "texture": "#0"},
				"south": {"uv": [7, 6, 9, 16], "texture": "#0"},
				"west": {"uv": [7, 6, 9, 16], "texture": "#0"},
				"up": {"uv": [7, 6, 9, 8], "texture": "#0"},
				"down": {"uv": [7, 8, 9, 10], "texture": "#0"}
			}
		},
		{
			"from": [6, 9, 7],
			"to": [10, 10, 8],
			"rotation": {"angle": 0, "axis": "y", "origin": [15, 17, 15]},
			"faces": {
				"north": {"uv": [6, 9, 10, 10], "texture": "#0"},
				"east": {"uv": [7, 8, 8, 9], "texture": "#0"},
				"south": {"uv": [6, 9, 10, 10], "texture": "#0"},
				"west": {"uv": [7, 8, 8, 9], "texture": "#0"},
				"up": {"uv": [6, 9, 10, 10], "texture": "#0"},
				"down": {"uv": [6, 9, 10, 10], "texture": "#0"}
			}
		},
		{
			"from": [6, 9, 8],
			"to": [7, 10, 10],
			"rotation": {"angle": 0, "axis": "y", "origin": [15, 17, 16]},
			"faces": {
				"north": {"uv": [7, 8, 8, 9], "texture": "#0"},
				"east": {"uv": [7, 9, 9, 10], "texture": "#0"},
				"south": {"uv": [8, 8, 9, 9], "texture": "#0"},
				"west": {"uv": [7, 9, 9, 10], "texture": "#0"},
				"up": {"uv": [7, 7, 8, 9], "texture": "#0"},
				"down": {"uv": [7, 7, 8, 9], "texture": "#0"}
			}
		},
		{
			"from": [9, 9, 8],
			"to": [10, 10, 10],
			"rotation": {"angle": 0, "axis": "y", "origin": [18, 17, 16]},
			"faces": {
				"north": {"uv": [7, 8, 8, 9], "texture": "#0"},
				"east": {"uv": [7, 9, 9, 10], "texture": "#0"},
				"south": {"uv": [7, 8, 8, 9], "texture": "#0"},
				"west": {"uv": [7, 9, 9, 10], "texture": "#0"},
				"up": {"uv": [7, 7, 8, 9], "texture": "#0"},
				"down": {"uv": [7, 7, 8, 9], "texture": "#0"}
			}
		},
		{
			"from": [6, 9, 10],
			"to": [10, 10, 11],
			"rotation": {"angle": 0, "axis": "y", "origin": [15, 17, 18]},
			"faces": {
				"north": {"uv": [6, 9, 10, 10], "texture": "#0"},
				"east": {"uv": [6, 9, 7, 10], "texture": "#0"},
				"south": {"uv": [6, 9, 10, 10], "texture": "#0"},
				"west": {"uv": [9, 9, 10, 10], "texture": "#0"},
				"up": {"uv": [6, 9, 10, 10], "texture": "#0"},
				"down": {"uv": [6, 9, 10, 10], "texture": "#0"}
			}
		}
	],
	"gui_light": "front",
	"display": {
		"thirdperson_righthand": {
			"rotation": [179, 136.25, 176.5],
			"translation": [0, 4.5, 0.75],
			"scale": [0.86133, 1.36524, 1]
		},
		"thirdperson_lefthand": {
			"translation": [0, 4, 0.5]
		},
		"firstperson_righthand": {
			"rotation": [31.25, 67.75, -18.25],
			"translation": [1, 4.5, -0.25],
			"scale": [0.66211, 1.03125, 1.09961]
		},
		"firstperson_lefthand": {
			"rotation": [0, 0, -9.25],
			"translation": [3, 4.5, 0.25],
			"scale": [1.05469, 0.94531, 0.40234]
		},
		"ground": {
			"rotation": [-26, 20.25, -9],
			"scale": [0.9043, 0.86133, 1]
		},
		"gui": {
			"rotation": [0, -7.75, -40.5],
			"translation": [0.75, 1.25, 0],
			"scale": [1.53516, 1.69141, 1]
		},
		"fixed": {
			"rotation": [0, -0.25, 35.5],
			"translation": [-0.75, 0.75, -3.25],
			"scale": [1.92188, 1.8457, 1]
		}
	}
}