{
	"credit": "Made with Blockbench",
	"parent": "geomancer_wall",
	"texture_size": [32, 32],
	"textures": {
		"0": "custom/geomancer_wall",
		"1": "custom/geomancer_wall_face",
		"particle": "custom/geomancer_wall"
	},
	"elements": [
		{
			"from": [1, 0, 1],
			"to": [15, 32, 15],
			"rotation": {"angle": 0, "axis": "y", "origin": [12, 8, 10]},
			"faces": {
				"north": {"uv": [9, 0, 16, 16], "texture": "#0"},
				"east": {"uv": [5, 0, 12, 16], "texture": "#0"},
				"south": {"uv": [0, 0, 7, 16], "texture": "#0"},
				"west": {"uv": [0, 0, 7, 16], "texture": "#1"},
				"up": {"uv": [0, 0, 8, 8], "texture": "#0"},
				"down": {"uv": [8, 8, 16, 16], "texture": "#0"}
			}
		}
	],
	"display": {
		"thirdperson_righthand": {
			"rotation": [-90, -90, -180],
			"translation": [-5.75, -1.75, -2.25],
			"scale": [1, 1.11523, 1.2207]
		},
		"head": {
			"translation": [0, -14, 2],
			"scale": [3, 4, 3]
		}
	}
}