{
	"credit": "Made with Blockbench",
	"textures": {
		"0": "custom/magnet",
		"particle": "custom/magnet"
	},
	"elements": [
		{
			"from": [6, 0, 6],
			"to": [8, 6, 8],
			"faces": {
				"north": {"uv": [0, 0, 2, 6], "texture": "#0"},
				"east": {"uv": [3, 10, 5, 16], "texture": "#0"},
				"south": {"uv": [3, 0, 5, 6], "texture": "#0"},
				"west": {"uv": [0, 10, 2, 16], "texture": "#0"},
				"up": {"uv": [5, 0, 7, 2], "texture": "#0"},
				"down": {"uv": [0, 0, 2, 2], "texture": "#0"}
			}
		},
		{
			"from": [6, 0, 11],
			"to": [8, 6, 13],
			"faces": {
				"north": {"uv": [14, 0, 16, 6], "texture": "#0"},
				"east": {"uv": [14, 10, 16, 16], "texture": "#0"},
				"south": {"uv": [11, 0, 13, 6], "texture": "#0"},
				"west": {"uv": [11, 10, 13, 16], "texture": "#0"},
				"up": {"uv": [5, 14, 7, 16], "texture": "#0"},
				"down": {"uv": [14, 0, 16, 2], "texture": "#0"}
			}
		},
		{
			"from": [6, -1, 8],
			"to": [8, 2, 11],
			"faces": {
				"north": {"uv": [0, 0, 2, 3], "texture": "#0"},
				"east": {"uv": [6, 9, 10, 12], "texture": "#0"},
				"south": {"uv": [14, 0, 16, 3], "texture": "#0"},
				"west": {"uv": [6, 6, 10, 9], "texture": "#0"},
				"up": {"uv": [8, 10, 10, 14], "texture": "#0"},
				"down": {"uv": [7, 12, 9, 16], "texture": "#0"}
			}
		}
	],
	"gui_light": "front",
	"display": {
		"thirdperson_righthand": {
			"rotation": [179, 136.25, 176.5],
			"translation": [0, 7.75, 0.75],
			"scale": [1, 0.90235, 1]
		},
		"thirdperson_lefthand": {
			"translation": [0, 8.5, 0.5]
		},
		"firstperson_righthand": {
			"rotation": [0, 0, -9],
			"translation": [-1, 10.25, 3.5],
			"scale": [1, 0.85156, 0.5]
		},
		"firstperson_lefthand": {
			"rotation": [0, 0, -9.25],
			"translation": [-0.25, 11.25, 0.75],
			"scale": [1, 1.11328, 0.64063]
		},
		"ground": {
			"rotation": [-26, 20.25, -9],
			"translation": [0, 2, 0],
			"scale": [0.75, 0.75, 0.75]
		},
		"gui": {
			"rotation": [0, 90, 0],
			"translation": [-3, 10.75, 0],
			"scale": [2, 2, 2]
		},
		"fixed": {
			"rotation": [0, -90, 0],
			"translation": [1.5, 5.5, -0.25]
		}
	}
}