{
	"credit": "Made with Blockbench",
	"textures": {
		"0": "custom/royal_guard_helmet",
		"particle": "custom/royal_guard_helmet"
	},
	"elements": [
		{
			"name": "vindicator_gold_helmet1",
			"from": [1, 6, 5],
			"to": [11, 11, 15],
			"rotation": {"angle": 0, "axis": "y", "origin": [9, 15, 13]},
			"faces": {
				"north": {"uv": [0, 10, 10, 15], "texture": "#0"},
				"east": {"uv": [0, 10, 10, 15], "texture": "#0"},
				"south": {"uv": [0, 10, 10, 15], "texture": "#0"},
				"west": {"uv": [0, 10, 10, 15], "texture": "#0"},
				"up": {"uv": [0, 0, 10, 10], "texture": "#0"},
				"down": {"uv": [0, 0, 10, 10], "texture": "#0"}
			}
		},
		{
			"name": "vindicator_gold_helmet2",
			"from": [1, 2, 5],
			"to": [2, 6, 15],
			"rotation": {"angle": 0, "axis": "y", "origin": [9, 14, 15]},
			"faces": {
				"north": {"uv": [0, 10, 1, 15], "texture": "#0"},
				"east": {"uv": [0, 0, 10, 5], "texture": "#0"},
				"south": {"uv": [0, 10, 1, 15], "texture": "#0"},
				"west": {"uv": [0, 0, 10, 5], "texture": "#0"},
				"up": {"uv": [0, 0, 1, 10], "texture": "#0"},
				"down": {"uv": [0, 0, 1, 10], "texture": "#0"}
			}
		},
		{
			"name": "vindicator_gold_helmet3",
			"from": [2, 2, 14],
			"to": [10, 6, 15],
			"rotation": {"angle": 0, "axis": "y", "origin": [10, 14, 7]},
			"faces": {
				"north": {"uv": [0, 0, 10, 5], "texture": "#0"},
				"east": {"uv": [0, 10, 1, 15], "texture": "#missing"},
				"south": {"uv": [1, 9, 9, 14], "texture": "#0"},
				"west": {"uv": [0, 10, 1, 15], "texture": "#missing"},
				"up": {"uv": [0, 0, 1, 10], "rotation": 270, "texture": "#missing"},
				"down": {"uv": [0, 0, 1, 10], "rotation": 90, "texture": "#0"}
			}
		},
		{
			"name": "vindicator_gold_helmet3",
			"from": [10, 2, 5],
			"to": [11, 6, 15],
			"rotation": {"angle": 0, "axis": "y", "origin": [18, 14, 15]},
			"faces": {
				"north": {"uv": [0, 10, 1, 15], "texture": "#0"},
				"east": {"uv": [0, 0, 10, 5], "texture": "#0"},
				"south": {"uv": [0, 10, 1, 15], "texture": "#0"},
				"west": {"uv": [0, 0, 10, 5], "texture": "#0"},
				"up": {"uv": [0, 0, 1, 10], "texture": "#0"},
				"down": {"uv": [0, 0, 1, 10], "texture": "#0"}
			}
		},
		{
			"name": "horn1",
			"from": [12, 9, 7],
			"to": [14, 13, 9],
			"rotation": {"angle": 0, "axis": "y", "origin": [20, 17, 15]},
			"faces": {
				"north": {"uv": [1, 1, 3, 6], "texture": "#0"},
				"east": {"uv": [1, 1, 3, 6], "texture": "#0"},
				"south": {"uv": [1, 1, 3, 6], "texture": "#0"},
				"west": {"uv": [1, 1, 3, 6], "texture": "#0"},
				"up": {"uv": [1, 1, 3, 3], "texture": "#0"},
				"down": {"uv": [1, 1, 3, 3], "texture": "#0"}
			}
		},
		{
			"name": "horn2",
			"from": [-2, 9, 7],
			"to": [0, 13, 9],
			"rotation": {"angle": 0, "axis": "y", "origin": [7, 17, 15]},
			"faces": {
				"north": {"uv": [1, 1, 3, 6], "texture": "#0"},
				"east": {"uv": [1, 1, 3, 6], "texture": "#0"},
				"south": {"uv": [1, 1, 3, 6], "texture": "#0"},
				"west": {"uv": [1, 1, 3, 6], "texture": "#0"},
				"up": {"uv": [1, 1, 3, 3], "texture": "#0"},
				"down": {"uv": [1, 1, 3, 3], "texture": "#0"}
			}
		},
		{
			"from": [4, 11, 5],
			"to": [8, 14, 7],
			"rotation": {"angle": 0, "axis": "y", "origin": [15, 19, 13]},
			"faces": {
				"north": {"uv": [11, 3, 15, 6], "texture": "#0"},
				"east": {"uv": [1, 1, 3, 4], "texture": "#0"},
				"south": {"uv": [3, 10, 7, 13], "texture": "#0"},
				"west": {"uv": [1, 1, 3, 4], "texture": "#0"},
				"up": {"uv": [1, 1, 5, 3], "texture": "#0"},
				"down": {"uv": [1, 1, 5, 3], "texture": "#0"}
			}
		},
		{
			"from": [11, 9, 7],
			"to": [12, 10, 9],
			"rotation": {"angle": 0, "axis": "y", "origin": [19, 17, 15]},
			"faces": {
				"north": {"uv": [1, 1, 3, 2], "texture": "#0"},
				"east": {"uv": [1, 1, 3, 2], "texture": "#0"},
				"south": {"uv": [1, 1, 3, 2], "texture": "#0"},
				"west": {"uv": [1, 1, 3, 2], "texture": "#0"},
				"up": {"uv": [1, 1, 2, 3], "texture": "#0"},
				"down": {"uv": [1, 1, 2, 3], "texture": "#0"}
			}
		},
		{
			"from": [0, 9, 7],
			"to": [1, 10, 9],
			"rotation": {"angle": 0, "axis": "y", "origin": [8, 17, 15]},
			"faces": {
				"north": {"uv": [1, 1, 2, 2], "texture": "#0"},
				"east": {"uv": [1, 1, 3, 2], "texture": "#0"},
				"south": {"uv": [1, 1, 2, 2], "texture": "#0"},
				"west": {"uv": [1, 1, 3, 2], "texture": "#0"},
				"up": {"uv": [1, 1, 2, 3], "texture": "#0"},
				"down": {"uv": [1, 1, 2, 3], "texture": "#0"}
			}
		}
	],
	"display": {
		"thirdperson_righthand": {
			"rotation": [-180, -180, -180],
			"translation": [-8, 16.5, 8],
			"scale": [1, 1.44922, 1]
		},
		"gui": {
			"rotation": [0, -180, 0],
			"translation": [-2, 0.5, 0]
		},
		"head": {
			"translation": [3.5, 4, -2.75],
			"scale": [1.47852, 1.89063, 1.44531]
		},
		"fixed": {
			"translation": [2, 1, -7]
		}
	}
}