{
	"credit": "Made with Blockbench",
	"texture_size": [128, 128],
	"textures": {
		"0": "blocks/mutantzombie/mutant_zombie"
	},
	"elements": [
		{
			"name": "waist",
			"from": [4, 4.1881, 9.02926],
			"to": [11, 12.1881, 15.02926],
			"rotation": {"angle": -45, "axis": "x", "origin": [7.5, 8.50095, 9.53723]},
			"faces": {
				"north": {"uv": [1.5, 7, 3.25, 9], "texture": "#0"},
				"east": {"uv": [0, 7, 1.5, 9], "texture": "#0"},
				"south": {"uv": [4.75, 7, 6.5, 9], "texture": "#0"},
				"west": {"uv": [3.25, 7, 4.75, 9], "texture": "#0"},
				"up": {"uv": [3.25, 7, 1.5, 5.5], "texture": "#0"},
				"down": {"uv": [5, 5.5, 3.25, 7], "texture": "#0"}
			}
		},
		{
			"name": "chest",
			"from": [1.5, 7.78019, 3.44451],
			"to": [13.5, 15.78019, 9.44451],
			"rotation": {"angle": 22.5, "axis": "x", "origin": [7.5, 8.50095, 9.53723]},
			"faces": {
				"north": {"uv": [5, 4, 2, 2], "rotation": 180, "texture": "#0"},
				"east": {"uv": [0, 4, 2, 5.5], "rotation": 90, "texture": "#0"},
				"south": {"uv": [8, 2, 5, 4], "texture": "#0"},
				"west": {"uv": [5, 4, 7, 5.5], "rotation": 270, "texture": "#0"},
				"up": {"uv": [7, 4, 10, 5.5], "texture": "#0"},
				"down": {"uv": [2, 4, 5, 5.5], "rotation": 180, "texture": "#0"}
			}
		},
		{
			"name": "head",
			"from": [5.5, 13.81281, 4.75231],
			"to": [9.5, 17.81281, 8.75231],
			"rotation": {"angle": -22.5, "axis": "x", "origin": [7.5, 8.50095, 9.53723]},
			"faces": {
				"north": {"uv": [1, 1, 2, 2], "texture": "#0"},
				"east": {"uv": [0, 1, 1, 2], "texture": "#0"},
				"south": {"uv": [3, 1, 4, 2], "texture": "#0"},
				"west": {"uv": [2, 1, 3, 2], "texture": "#0"},
				"up": {"uv": [2, 1, 1, 0], "texture": "#0"},
				"down": {"uv": [3, 0, 2, 1], "texture": "#0"}
			}
		},
		{
			"name": "arm1",
			"from": [12.53125, 6.15555, 6.42981],
			"to": [15.65625, 14.15555, 9.42981],
			"rotation": {"angle": 0, "axis": "x", "origin": [7.5, 12.64481, 7.90475]},
			"faces": {
				"north": {"uv": [13.75, 0.75, 14.5, 2.75], "texture": "#0"},
				"east": {"uv": [13, 0.75, 13.75, 2.75], "texture": "#0"},
				"south": {"uv": [15.25, 0.75, 16, 2.75], "texture": "#0"},
				"west": {"uv": [14.5, 0.75, 15.25, 2.75], "texture": "#0"},
				"up": {"uv": [14.5, 0.75, 13.75, 0], "texture": "#0"},
				"down": {"uv": [15.25, 0, 14.5, 0.75], "texture": "#0"}
			}
		},
		{
			"name": "forearm1",
			"from": [12.54375, 0.66114, 10.61433],
			"to": [15.64375, 8.76114, 13.71433],
			"rotation": {"angle": 45, "axis": "x", "origin": [7.5, 12.64481, 7.90475]},
			"faces": {
				"north": {"uv": [13.75, 3.5, 14.5, 5.5], "texture": "#0"},
				"east": {"uv": [13, 3.5, 13.75, 5.5], "texture": "#0"},
				"south": {"uv": [15.25, 3.5, 16, 5.5], "texture": "#0"},
				"west": {"uv": [14.5, 3.5, 15.25, 5.5], "texture": "#0"},
				"up": {"uv": [14.5, 3.5, 13.75, 2.75], "texture": "#0"},
				"down": {"uv": [15.25, 2.75, 14.5, 3.5], "texture": "#0"}
			}
		},
		{
			"name": "arm2",
			"from": [-0.65625, 6.15555, 6.42981],
			"to": [2.46875, 14.15555, 9.42981],
			"shade": false,
			"rotation": {"angle": 0, "axis": "x", "origin": [7.5, 12.64481, 7.90475]},
			"faces": {
				"north": {"uv": [14.5, 0.75, 13.75, 2.75], "texture": "#0"},
				"east": {"uv": [15.25, 0.75, 14.5, 2.75], "texture": "#0"},
				"south": {"uv": [16, 0.75, 15.25, 2.75], "texture": "#0"},
				"west": {"uv": [13.75, 0.75, 13, 2.75], "texture": "#0"},
				"up": {"uv": [13.75, 0.75, 14.5, 0], "texture": "#0"},
				"down": {"uv": [14.5, 0, 15.25, 0.75], "texture": "#0"}
			}
		},
		{
			"name": "forearm2",
			"from": [-0.64375, 0.66114, 10.61433],
			"to": [2.45625, 8.76114, 13.71433],
			"shade": false,
			"rotation": {"angle": 45, "axis": "x", "origin": [7.5, 12.64481, 7.90475]},
			"faces": {
				"north": {"uv": [14.5, 3.5, 13.75, 5.5], "texture": "#0"},
				"east": {"uv": [15.25, 3.5, 14.5, 5.5], "texture": "#0"},
				"south": {"uv": [16, 3.5, 15.25, 5.5], "texture": "#0"},
				"west": {"uv": [13.75, 3.5, 13, 5.5], "texture": "#0"},
				"up": {"uv": [13.75, 3.5, 14.5, 2.75], "texture": "#0"},
				"down": {"uv": [14.5, 2.75, 15.25, 3.5], "texture": "#0"}
			}
		},
		{
			"name": "leg1",
			"from": [8.5, 4.68821, 12.6825],
			"to": [11.5, 10.18821, 15.6825],
			"rotation": {"angle": 22.5, "axis": "x", "origin": [7.5, 8.50095, 9.53723]},
			"faces": {
				"north": {"uv": [10.75, 0.75, 11.5, 2.125], "texture": "#0"},
				"east": {"uv": [10, 0.75, 10.75, 2.125], "texture": "#0"},
				"south": {"uv": [12.25, 0.75, 13, 2.125], "texture": "#0"},
				"west": {"uv": [11.5, 0.75, 12.25, 2.125], "texture": "#0"},
				"up": {"uv": [11.5, 0.75, 10.75, 0], "texture": "#0"},
				"down": {"uv": [12.25, 0, 11.5, 0.75], "texture": "#0"}
			}
		},
		{
			"name": "foreleg1",
			"from": [8.45, -0.12812, 11.60625],
			"to": [11.55, 3.97188, 14.70625],
			"rotation": {"angle": -22.5, "axis": "x", "origin": [7.5, 1.92188, 13.15625]},
			"faces": {
				"north": {"uv": [10.75, 2.875, 11.5, 3.875], "texture": "#0"},
				"east": {"uv": [10, 2.875, 10.75, 3.875], "texture": "#0"},
				"south": {"uv": [12.25, 2.875, 13, 3.875], "texture": "#0"},
				"west": {"uv": [11.5, 2.875, 12.25, 3.875], "texture": "#0"},
				"up": {"uv": [11.5, 2.875, 10.75, 2.125], "texture": "#0"},
				"down": {"uv": [12.25, 2.125, 11.5, 2.875], "texture": "#0"}
			}
		},
		{
			"name": "leg2",
			"from": [3.5, 4.68821, 12.6825],
			"to": [6.5, 10.18821, 15.6825],
			"shade": false,
			"rotation": {"angle": 22.5, "axis": "x", "origin": [7.5, 8.50095, 9.53723]},
			"faces": {
				"north": {"uv": [11.5, 0.75, 10.75, 2.125], "texture": "#0"},
				"east": {"uv": [12.25, 0.75, 11.5, 2.125], "texture": "#0"},
				"south": {"uv": [13, 0.75, 12.25, 2.125], "texture": "#0"},
				"west": {"uv": [10.75, 0.75, 10, 2.125], "texture": "#0"},
				"up": {"uv": [10.75, 0.75, 11.5, 0], "texture": "#0"},
				"down": {"uv": [11.5, 0, 12.25, 0.75], "texture": "#0"}
			}
		},
		{
			"name": "foreleg2",
			"from": [3.45, -0.12812, 11.60625],
			"to": [6.55, 3.97188, 14.70625],
			"shade": false,
			"rotation": {"angle": -22.5, "axis": "x", "origin": [7.5, 1.92188, 13.15625]},
			"faces": {
				"north": {"uv": [11.5, 2.875, 10.75, 3.875], "texture": "#0"},
				"east": {"uv": [12.25, 2.875, 11.5, 3.875], "texture": "#0"},
				"south": {"uv": [13, 2.875, 12.25, 3.875], "texture": "#0"},
				"west": {"uv": [10.75, 2.875, 10, 3.875], "texture": "#0"},
				"up": {"uv": [10.75, 2.875, 11.5, 2.125], "texture": "#0"},
				"down": {"uv": [11.5, 2.125, 12.25, 2.875], "texture": "#0"}
			}
		}
	],
	"display": {
		"head": {
			"translation": [0, -13.75, 0],
			"scale": [3.9, 3.9, 3.9]
		}
	},
	"groups": [
		{
			"name": "pelvis",
			"origin": [0, 0.375, 6],
			"children": [
				{
					"name": "waist",
					"origin": [0, 0.375, 6],
					"children": [0,
						{
							"name": "chest",
							"origin": [0, 12.375, 6],
							"children": [1,
								{
									"name": "head",
									"origin": [0, 23.375, 2],
									"children": [2]
								},
								{
									"name": "arm1",
									"origin": [11, 20.375, 8],
									"children": [3,
										{
											"name": "forearm1",
											"origin": [11, 6.375, 8],
											"children": [4]
										}
									]
								},
								{
									"name": "arm2",
									"origin": [-11, 20.375, 8],
									"shade": false,
									"children": [5,
										{
											"name": "forearm2",
											"origin": [-11, 6.375, 8],
											"shade": false,
											"children": [6]
										}
									]
								}
							]
						}
					]
				},
				{
					"name": "leg1",
					"origin": [5, 2.375, 6],
					"children": [7,
						{
							"name": "foreleg1",
							"origin": [5, -7.125, 6],
							"children": [8]
						}
					]
				},
				{
					"name": "leg2",
					"origin": [-5, 2.375, 6],
					"shade": false,
					"children": [9,
						{
							"name": "foreleg2",
							"origin": [-5, -7.125, 6],
							"shade": false,
							"children": [10]
						}
					]
				}
			]
		}
	]
}