{
	"credit": "Made with Blockbench",
	"texture_size": [128, 128],
	"textures": {
		"0": "blocks/mutantzombie/mutant_zombie"
	},
	"elements": [
		{
			"name": "waist",
			"from": [4, 1.55226, 5.22056],
			"to": [11, 7.55226, 13.22056],
			"rotation": {"angle": 22.5, "axis": "x", "origin": [7.5, 3.98851, 13.15167]},
			"faces": {
				"north": {"uv": [3.25, 7, 1.5, 5.5], "rotation": 180, "texture": "#0"},
				"east": {"uv": [0, 7, 1.5, 9], "rotation": 90, "texture": "#0"},
				"south": {"uv": [5, 5.5, 3.25, 7], "texture": "#0"},
				"west": {"uv": [3.25, 7, 4.75, 9], "rotation": 270, "texture": "#0"},
				"up": {"uv": [4.75, 7, 6.5, 9], "texture": "#0"},
				"down": {"uv": [1.5, 7, 3.25, 9], "rotation": 180, "texture": "#0"}
			}
		},
		{
			"name": "chest",
			"from": [1.5, 4.77927, 3.70342],
			"to": [13.5, 12.77927, 9.70342],
			"rotation": {"angle": -22.5, "axis": "x", "origin": [7.5, 3.98851, 13.15167]},
			"faces": {
				"north": {"uv": [5, 4, 2, 2], "rotation": 180, "texture": "#0"},
				"east": {"uv": [0, 4, 2, 5.5], "rotation": 90, "texture": "#0"},
				"south": {"uv": [8, 2, 5, 4], "texture": "#0"},
				"west": {"uv": [5, 4, 7, 5.5], "rotation": 270, "texture": "#0"},
				"up": {"uv": [7, 4, 10, 5.5], "texture": "#0"},
				"down": {"uv": [2, 4, 5, 5.5], "rotation": 180, "texture": "#0"}
			}
		},
		{
			"name": "head",
			"from": [5.5, -2.10032, 0.39829],
			"to": [9.5, 1.89968, 4.39829],
			"rotation": {"angle": 22.5, "axis": "x", "origin": [7.5, 3.98851, 13.15167]},
			"faces": {
				"north": {"uv": [2, 1, 1, 0], "rotation": 180, "texture": "#0"},
				"east": {"uv": [0, 1, 1, 2], "rotation": 90, "texture": "#0"},
				"south": {"uv": [3, 0, 2, 1], "texture": "#0"},
				"west": {"uv": [2, 1, 3, 2], "rotation": 270, "texture": "#0"},
				"up": {"uv": [3, 1, 4, 2], "texture": "#0"},
				"down": {"uv": [1, 1, 2, 2], "rotation": 180, "texture": "#0"}
			}
		},
		{
			"name": "arm1",
			"from": [12.53125, -0.60314, 4.03408],
			"to": [15.65625, 7.39686, 7.03408],
			"rotation": {"angle": 45, "axis": "x", "origin": [7.5, 6.12284, 5.38304]},
			"faces": {
				"north": {"uv": [13.75, 0.75, 14.5, 2.75], "texture": "#0"},
				"east": {"uv": [13, 0.75, 13.75, 2.75], "texture": "#0"},
				"south": {"uv": [15.25, 0.75, 16, 2.75], "texture": "#0"},
				"west": {"uv": [14.5, 0.75, 15.25, 2.75], "texture": "#0"},
				"up": {"uv": [14.5, 0.75, 13.75, 0], "texture": "#0"},
				"down": {"uv": [15.25, 0, 14.5, 0.75], "texture": "#0"}
			}
		},
		{
			"name": "forearm1",
			"from": [12.54375, -0.09515, -6.6573],
			"to": [15.64375, 3.00485, 1.4427],
			"rotation": {"angle": 0, "axis": "x", "origin": [7.5, 6.12284, 5.38304]},
			"faces": {
				"north": {"uv": [15.25, 2.75, 14.5, 3.5], "rotation": 180, "texture": "#0"},
				"east": {"uv": [13, 3.5, 13.75, 5.5], "rotation": 270, "texture": "#0"},
				"south": {"uv": [14.5, 3.5, 13.75, 2.75], "texture": "#0"},
				"west": {"uv": [14.5, 3.5, 15.25, 5.5], "rotation": 90, "texture": "#0"},
				"up": {"uv": [13.75, 3.5, 14.5, 5.5], "rotation": 180, "texture": "#0"},
				"down": {"uv": [15.25, 3.5, 16, 5.5], "texture": "#0"}
			}
		},
		{
			"name": "arm2",
			"from": [-0.65625, -0.60314, 4.03408],
			"to": [2.46875, 7.39686, 7.03408],
			"shade": false,
			"rotation": {"angle": 45, "axis": "x", "origin": [7.5, 6.12284, 5.38304]},
			"faces": {
				"north": {"uv": [14.5, 0.75, 13.75, 2.75], "texture": "#0"},
				"east": {"uv": [15.25, 0.75, 14.5, 2.75], "texture": "#0"},
				"south": {"uv": [16, 0.75, 15.25, 2.75], "texture": "#0"},
				"west": {"uv": [13.75, 0.75, 13.125, 2.75], "texture": "#0"},
				"up": {"uv": [13.75, 0.75, 14.5, 0], "texture": "#0"},
				"down": {"uv": [14.5, 0, 15.25, 0.75], "texture": "#0"}
			}
		},
		{
			"name": "forearm2",
			"from": [-0.64375, -0.09515, -6.6573],
			"to": [2.45625, 3.00485, 1.4427],
			"shade": false,
			"rotation": {"angle": 0, "axis": "x", "origin": [7.5, 6.12284, 5.38304]},
			"faces": {
				"north": {"uv": [14.5, 2.75, 15.25, 3.5], "rotation": 180, "texture": "#0"},
				"east": {"uv": [15.25, 3.5, 14.5, 5.5], "rotation": 270, "texture": "#0"},
				"south": {"uv": [13.75, 3.5, 14.5, 2.75], "texture": "#0"},
				"west": {"uv": [13.75, 3.5, 13, 5.5], "rotation": 90, "texture": "#0"},
				"up": {"uv": [14.5, 3.5, 13.75, 5.5], "rotation": 180, "texture": "#0"},
				"down": {"uv": [16, 3.5, 15.25, 5.5], "texture": "#0"}
			}
		},
		{
			"name": "leg1",
			"from": [8.5, 0.01044, 11.6461],
			"to": [11.5, 5.51044, 14.6461],
			"rotation": {"angle": -45, "axis": "x", "origin": [7.5, 3.99832, 13.14554]},
			"faces": {
				"north": {"uv": [10.75, 0.75, 11.5, 2.125], "texture": "#0"},
				"east": {"uv": [10, 0.75, 10.75, 2.125], "texture": "#0"},
				"south": {"uv": [12.25, 0.75, 13, 2.125], "texture": "#0"},
				"west": {"uv": [11.5, 0.75, 12.25, 2.125], "texture": "#0"},
				"up": {"uv": [11.5, 0.75, 10.75, 0], "texture": "#0"},
				"down": {"uv": [12.25, 0, 11.5, 0.75], "texture": "#0"}
			}
		},
		{
			"name": "foreleg1",
			"from": [8.45, -0.13988, 15.4645],
			"to": [11.55, 2.96012, 19.5645],
			"rotation": {"angle": 0, "axis": "x", "origin": [7.5, 1.24832, 15.83304]},
			"faces": {
				"north": {"uv": [11.5, 2.875, 10.75, 2.125], "rotation": 180, "texture": "#0"},
				"east": {"uv": [10, 2.875, 10.75, 3.875], "rotation": 90, "texture": "#0"},
				"south": {"uv": [12.25, 2.125, 11.5, 2.875], "texture": "#0"},
				"west": {"uv": [11.5, 2.875, 12.25, 3.875], "rotation": 270, "texture": "#0"},
				"up": {"uv": [12.25, 2.875, 13, 3.875], "texture": "#0"},
				"down": {"uv": [10.75, 2.875, 11.5, 3.875], "rotation": 180, "texture": "#0"}
			}
		},
		{
			"name": "leg2",
			"from": [3.5, 0.01044, 11.6461],
			"to": [6.5, 5.51044, 14.6461],
			"shade": false,
			"rotation": {"angle": -45, "axis": "x", "origin": [7.5, 3.99832, 13.14554]},
			"faces": {
				"north": {"uv": [11.5, 0.75, 10.75, 2.125], "texture": "#0"},
				"east": {"uv": [12.25, 0.75, 11.5, 2.125], "texture": "#0"},
				"south": {"uv": [13, 0.75, 12.25, 2.125], "texture": "#0"},
				"west": {"uv": [10.75, 0.75, 10, 2.125], "texture": "#0"},
				"up": {"uv": [10.75, 0.75, 11.5, 0], "texture": "#0"},
				"down": {"uv": [11.5, 0, 12.25, 0.75], "texture": "#0"}
			}
		},
		{
			"name": "foreleg2",
			"from": [3.45, -0.13988, 15.4645],
			"to": [6.55, 2.96012, 19.5645],
			"shade": false,
			"rotation": {"angle": 0, "axis": "x", "origin": [7.5, 1.24832, 15.83304]},
			"faces": {
				"north": {"uv": [10.75, 2.875, 11.5, 2.125], "rotation": 180, "texture": "#0"},
				"east": {"uv": [12.25, 2.875, 11.5, 3.875], "rotation": 90, "texture": "#0"},
				"south": {"uv": [11.5, 2.125, 12.25, 2.875], "texture": "#0"},
				"west": {"uv": [10.75, 2.875, 10, 3.875], "rotation": 270, "texture": "#0"},
				"up": {"uv": [13, 2.875, 12.25, 3.875], "texture": "#0"},
				"down": {"uv": [11.5, 2.875, 10.75, 3.875], "rotation": 180, "texture": "#0"}
			}
		}
	],
	"display": {
		"head": {
			"translation": [0, -13.75, 0],
			"scale": [3.9, 3.9, 3.9]
		}
	},
	"groups": [
		{
			"name": "pelvis",
			"origin": [0, 0.375, 6],
			"children": [
				{
					"name": "waist",
					"origin": [0, 0.375, 6],
					"children": [0,
						{
							"name": "chest",
							"origin": [0, 12.375, 6],
							"children": [1,
								{
									"name": "head",
									"origin": [0, 23.375, 2],
									"children": [2]
								},
								{
									"name": "arm1",
									"origin": [11, 20.375, 8],
									"children": [3,
										{
											"name": "forearm1",
											"origin": [11, 6.375, 8],
											"children": [4]
										}
									]
								},
								{
									"name": "arm2",
									"origin": [-11, 20.375, 8],
									"shade": false,
									"children": [5,
										{
											"name": "forearm2",
											"origin": [-11, 6.375, 8],
											"shade": false,
											"children": [6]
										}
									]
								}
							]
						}
					]
				},
				{
					"name": "leg1",
					"origin": [5, 2.375, 6],
					"children": [7,
						{
							"name": "foreleg1",
							"origin": [5, -7.125, 6],
							"children": [8]
						}
					]
				},
				{
					"name": "leg2",
					"origin": [-5, 2.375, 6],
					"shade": false,
					"children": [9,
						{
							"name": "foreleg2",
							"origin": [-5, -7.125, 6],
							"shade": false,
							"children": [10]
						}
					]
				}
			]
		}
	]
}