{
	"credit": "Made with Blockbench",
	"textures": {
		"2": "item/arrow",
		"particle": "item/arrow",
		"32spruce": "blocks/skeletonleather",
		"black": "blocks/black"
	},
	"elements": [
		{
			"from": [0.5, 10.6875, 5.625],
			"to": [2.5, 12.6875, 8.625],
			"rotation": {"angle": -22.5, "axis": "x", "origin": [0.5, 12.6875, 5.625]},
			"faces": {
				"north": {"uv": [0.5, 3.3125, 2.5, 5.3125], "texture": "#32spruce"},
				"east": {"uv": [5.625, 3.3125, 8.625, 5.3125], "texture": "#32spruce"},
				"south": {"uv": [0.5, 3.3125, 2.5, 5.3125], "texture": "#32spruce"},
				"west": {"uv": [5.625, 3.3125, 8.625, 5.3125], "texture": "#32spruce"},
				"up": {"uv": [0.5, 5.625, 2.5, 8.625], "texture": "#32spruce"},
				"down": {"uv": [0.5, 5.625, 2.5, 8.625], "texture": "#32spruce"}
			}
		},
		{
			"from": [0.6875, 10.125, 5.625],
			"to": [2.1875, 12.625, 7.125],
			"rotation": {"angle": 22.5, "axis": "x", "origin": [0.6875, 12.625, 5.625]},
			"faces": {
				"north": {"uv": [0.6875, 3.375, 2.1875, 5.875], "texture": "#32spruce"},
				"east": {"uv": [5.625, 3.375, 7.125, 5.875], "texture": "#32spruce"},
				"south": {"uv": [0.6875, 3.375, 2.1875, 5.875], "texture": "#32spruce"},
				"west": {"uv": [5.625, 3.375, 7.125, 5.875], "texture": "#32spruce"},
				"up": {"uv": [0.6875, 5.625, 2.1875, 7.125], "texture": "#32spruce"},
				"down": {"uv": [0.6875, 5.625, 2.1875, 7.125], "texture": "#32spruce"}
			}
		},
		{
			"from": [0.75, 11.0625, 9.3125],
			"to": [2.125, 12.5625, 11.8125],
			"rotation": {"angle": -45, "axis": "x", "origin": [0.75, 12.5625, 9.3125]},
			"faces": {
				"north": {"uv": [0.75, 3.4375, 2.125, 4.9375], "texture": "#32spruce"},
				"east": {"uv": [9.3125, 3.4375, 11.8125, 4.9375], "texture": "#32spruce"},
				"south": {"uv": [0.75, 3.4375, 2.125, 4.9375], "texture": "#32spruce"},
				"west": {"uv": [9.3125, 3.4375, 11.8125, 4.9375], "texture": "#32spruce"},
				"up": {"uv": [0.75, 9.3125, 2.125, 11.8125], "texture": "#32spruce"},
				"down": {"uv": [0.75, 9.3125, 2.125, 11.8125], "texture": "#32spruce"}
			}
		},
		{
			"from": [1, 11, 0.6875],
			"to": [2, 12, 4.1875],
			"rotation": {"angle": 22.5, "axis": "x", "origin": [1, 12, 0.6875]},
			"faces": {
				"north": {"uv": [1, 4, 2, 5], "texture": "#32spruce"},
				"east": {"uv": [0.6875, 4, 4.1875, 5], "texture": "#32spruce"},
				"south": {"uv": [1, 4, 2, 5], "texture": "#32spruce"},
				"west": {"uv": [0.6875, 4, 4.1875, 5], "texture": "#32spruce"},
				"up": {"uv": [1, 0.6875, 2, 4.1875], "texture": "#32spruce"},
				"down": {"uv": [1, 0.6875, 2, 4.1875], "texture": "#32spruce"}
			}
		},
		{
			"from": [0.6875, 12.3125, 8.5],
			"to": [2.1875, 13.8125, 11],
			"rotation": {"angle": 22.5, "axis": "x", "origin": [0.6875, 13.8125, 8.5]},
			"faces": {
				"north": {"uv": [0.6875, 2.5, 2.1875, 4], "texture": "#32spruce"},
				"east": {"uv": [8.5, 2.5, 11, 4], "texture": "#32spruce"},
				"south": {"uv": [0.6875, 2.5, 2.1875, 4], "texture": "#32spruce"},
				"west": {"uv": [8.5, 2.5, 11, 4], "texture": "#32spruce"},
				"up": {"uv": [0.6875, 8.5, 2.1875, 11], "texture": "#32spruce"},
				"down": {"uv": [0.6875, 8.5, 2.1875, 11], "texture": "#32spruce"}
			}
		},
		{
			"from": [0.75, 9.75, 3.5],
			"to": [2.125, 11.25, 6],
			"faces": {
				"north": {"uv": [0.75, 4.6875, 2.125, 6.1875], "texture": "#32spruce"},
				"east": {"uv": [2.4375, 4.6875, 4.9375, 6.1875], "texture": "#32spruce"},
				"south": {"uv": [0.75, 4.6875, 2.125, 6.1875], "texture": "#32spruce"},
				"west": {"uv": [2.4375, 4.6875, 4.9375, 6.1875], "texture": "#32spruce"},
				"up": {"uv": [0.75, 2.4375, 2.125, 4.9375], "texture": "#32spruce"},
				"down": {"uv": [0.75, 2.4375, 2.125, 4.9375], "texture": "#32spruce"}
			}
		},
		{
			"from": [1, 13.5, 12.5],
			"to": [2, 17, 13.5],
			"rotation": {"angle": 22.5, "axis": "x", "origin": [1, 17, 12.5]},
			"faces": {
				"north": {"uv": [1, 0, 2, 3.5], "texture": "#32spruce"},
				"east": {"uv": [12.5, 0, 13.5, 3.5], "texture": "#32spruce"},
				"south": {"uv": [1, 0, 2, 3.5], "texture": "#32spruce"},
				"west": {"uv": [12.5, 0, 13.5, 3.5], "texture": "#32spruce"},
				"up": {"uv": [1, 12.5, 2, 13.5], "texture": "#32spruce"},
				"down": {"uv": [1, 12.5, 2, 13.5], "texture": "#32spruce"}
			}
		},
		{
			"from": [1.25, 12.4375, 5.75],
			"to": [1.75, 12.9375, 8.75],
			"rotation": {"angle": -22.5, "axis": "x", "origin": [1.25, 11.6875, 0.75]},
			"faces": {
				"north": {"uv": [1.25, 4.3125, 1.75, 4.8125], "texture": "#black"},
				"east": {"uv": [0.75, 4.3125, 13.75, 4.8125], "texture": "#black"},
				"south": {"uv": [1.25, 4.3125, 1.75, 4.8125], "texture": "#black"},
				"west": {"uv": [0.75, 4.3125, 13.75, 4.8125], "texture": "#black"},
				"up": {"uv": [1.25, 0.75, 1.75, 13.75], "texture": "#black"},
				"down": {"uv": [1.25, 0.75, 1.75, 13.75], "texture": "#black"}
			}
		},
		{
			"from": [1.25, 11.1875, 0.75],
			"to": [1.75, 11.6875, 2],
			"rotation": {"angle": -22.5, "axis": "x", "origin": [1.25, 11.6875, 0.75]},
			"faces": {
				"north": {"uv": [1.25, 4.3125, 1.75, 4.8125], "texture": "#black"},
				"east": {"uv": [0.75, 4.3125, 13.75, 4.8125], "texture": "#black"},
				"south": {"uv": [1.25, 4.3125, 1.75, 4.8125], "texture": "#black"},
				"west": {"uv": [0.75, 4.3125, 13.75, 4.8125], "texture": "#black"},
				"up": {"uv": [1.25, 0.75, 1.75, 13.75], "texture": "#black"},
				"down": {"uv": [1.25, 0.75, 1.75, 13.75], "texture": "#black"}
			}
		},
		{
			"from": [1.25, 12.1875, 4.75],
			"to": [1.75, 12.6875, 6],
			"rotation": {"angle": -22.5, "axis": "x", "origin": [1.25, 11.6875, 0.75]},
			"faces": {
				"north": {"uv": [1.25, 4.3125, 1.75, 4.8125], "texture": "#black"},
				"east": {"uv": [0.75, 4.3125, 13.75, 4.8125], "texture": "#black"},
				"south": {"uv": [1.25, 4.3125, 1.75, 4.8125], "texture": "#black"},
				"west": {"uv": [0.75, 4.3125, 13.75, 4.8125], "texture": "#black"},
				"up": {"uv": [1.25, 0.75, 1.75, 13.75], "texture": "#black"},
				"down": {"uv": [1.25, 0.75, 1.75, 13.75], "texture": "#black"}
			}
		},
		{
			"from": [1.25, 12.1875, 8.5],
			"to": [1.75, 12.6875, 9.75],
			"rotation": {"angle": -22.5, "axis": "x", "origin": [1.25, 11.6875, 0.75]},
			"faces": {
				"north": {"uv": [1.25, 4.3125, 1.75, 4.8125], "texture": "#black"},
				"east": {"uv": [0.75, 4.3125, 13.75, 4.8125], "texture": "#black"},
				"south": {"uv": [1.25, 4.3125, 1.75, 4.8125], "texture": "#black"},
				"west": {"uv": [0.75, 4.3125, 13.75, 4.8125], "texture": "#black"},
				"up": {"uv": [1.25, 0.75, 1.75, 13.75], "texture": "#black"},
				"down": {"uv": [1.25, 0.75, 1.75, 13.75], "texture": "#black"}
			}
		},
		{
			"from": [1.25, 11.9375, 3.75],
			"to": [1.75, 12.4375, 5],
			"rotation": {"angle": -22.5, "axis": "x", "origin": [1.25, 11.6875, 0.75]},
			"faces": {
				"north": {"uv": [1.25, 4.3125, 1.75, 4.8125], "texture": "#black"},
				"east": {"uv": [0.75, 4.3125, 13.75, 4.8125], "texture": "#black"},
				"south": {"uv": [1.25, 4.3125, 1.75, 4.8125], "texture": "#black"},
				"west": {"uv": [0.75, 4.3125, 13.75, 4.8125], "texture": "#black"},
				"up": {"uv": [1.25, 0.75, 1.75, 13.75], "texture": "#black"},
				"down": {"uv": [1.25, 0.75, 1.75, 13.75], "texture": "#black"}
			}
		},
		{
			"from": [1.25, 11.9375, 9.5],
			"to": [1.75, 12.4375, 10.75],
			"rotation": {"angle": -22.5, "axis": "x", "origin": [1.25, 11.6875, 0.75]},
			"faces": {
				"north": {"uv": [1.25, 4.3125, 1.75, 4.8125], "texture": "#black"},
				"east": {"uv": [0.75, 4.3125, 13.75, 4.8125], "texture": "#black"},
				"south": {"uv": [1.25, 4.3125, 1.75, 4.8125], "texture": "#black"},
				"west": {"uv": [0.75, 4.3125, 13.75, 4.8125], "texture": "#black"},
				"up": {"uv": [1.25, 0.75, 1.75, 13.75], "texture": "#black"},
				"down": {"uv": [1.25, 0.75, 1.75, 13.75], "texture": "#black"}
			}
		},
		{
			"from": [1.25, 11.6875, 2.75],
			"to": [1.75, 12.1875, 4],
			"rotation": {"angle": -22.5, "axis": "x", "origin": [1.25, 11.6875, 0.75]},
			"faces": {
				"north": {"uv": [1.25, 4.3125, 1.75, 4.8125], "texture": "#black"},
				"east": {"uv": [0.75, 4.3125, 13.75, 4.8125], "texture": "#black"},
				"south": {"uv": [1.25, 4.3125, 1.75, 4.8125], "texture": "#black"},
				"west": {"uv": [0.75, 4.3125, 13.75, 4.8125], "texture": "#black"},
				"up": {"uv": [1.25, 0.75, 1.75, 13.75], "texture": "#black"},
				"down": {"uv": [1.25, 0.75, 1.75, 13.75], "texture": "#black"}
			}
		},
		{
			"from": [1.25, 11.4375, 1.75],
			"to": [1.75, 11.9375, 3],
			"rotation": {"angle": -22.5, "axis": "x", "origin": [1.25, 11.6875, 0.75]},
			"faces": {
				"north": {"uv": [1.25, 4.3125, 1.75, 4.8125], "texture": "#black"},
				"east": {"uv": [0.75, 4.3125, 13.75, 4.8125], "texture": "#black"},
				"south": {"uv": [1.25, 4.3125, 1.75, 4.8125], "texture": "#black"},
				"west": {"uv": [0.75, 4.3125, 13.75, 4.8125], "texture": "#black"},
				"up": {"uv": [1.25, 0.75, 1.75, 13.75], "texture": "#black"},
				"down": {"uv": [1.25, 0.75, 1.75, 13.75], "texture": "#black"}
			}
		},
		{
			"from": [1.25, 15.37083, 9.76734],
			"to": [1.75, 15.87083, 11.01734],
			"rotation": {"angle": -22.5, "axis": "x", "origin": [1.5, 15.37083, 9.64234]},
			"faces": {
				"north": {"uv": [1.25, 4.3125, 1.75, 4.8125], "rotation": 180, "texture": "#black"},
				"east": {"uv": [0.75, 4.3125, 13.75, 4.8125], "rotation": 180, "texture": "#black"},
				"south": {"uv": [1.25, 4.3125, 1.75, 4.8125], "rotation": 180, "texture": "#black"},
				"west": {"uv": [0.75, 4.3125, 13.75, 4.8125], "rotation": 180, "texture": "#black"},
				"up": {"uv": [1.25, 0.75, 1.75, 13.75], "texture": "#black"},
				"down": {"uv": [1.25, 0.75, 1.75, 13.75], "texture": "#black"}
			}
		},
		{
			"from": [1.25, 14.87083, 11.76734],
			"to": [1.75, 15.37083, 13.01734],
			"rotation": {"angle": -22.5, "axis": "x", "origin": [1.5, 15.37083, 9.64234]},
			"faces": {
				"north": {"uv": [1.25, 4.3125, 1.75, 4.8125], "rotation": 180, "texture": "#black"},
				"east": {"uv": [0.75, 4.3125, 13.75, 4.8125], "rotation": 180, "texture": "#black"},
				"south": {"uv": [1.25, 4.3125, 1.75, 4.8125], "rotation": 180, "texture": "#black"},
				"west": {"uv": [0.75, 4.3125, 13.75, 4.8125], "rotation": 180, "texture": "#black"},
				"up": {"uv": [1.25, 0.75, 1.75, 13.75], "texture": "#black"},
				"down": {"uv": [1.25, 0.75, 1.75, 13.75], "texture": "#black"}
			}
		},
		{
			"from": [1.25, 15.12083, 10.76734],
			"to": [1.75, 15.62083, 12.01734],
			"rotation": {"angle": -22.5, "axis": "x", "origin": [1.5, 15.37083, 9.64234]},
			"faces": {
				"north": {"uv": [1.25, 4.3125, 1.75, 4.8125], "rotation": 180, "texture": "#black"},
				"east": {"uv": [0.75, 4.3125, 13.75, 4.8125], "rotation": 180, "texture": "#black"},
				"south": {"uv": [1.25, 4.3125, 1.75, 4.8125], "rotation": 180, "texture": "#black"},
				"west": {"uv": [0.75, 4.3125, 13.75, 4.8125], "rotation": 180, "texture": "#black"},
				"up": {"uv": [1.25, 0.75, 1.75, 13.75], "texture": "#black"},
				"down": {"uv": [1.25, 0.75, 1.75, 13.75], "texture": "#black"}
			}
		},
		{
			"name": "Head tip",
			"from": [1.245, 9.85, 9.625],
			"to": [1.815, 10.23, 10.005],
			"rotation": {"angle": 22.5, "axis": "x", "origin": [1.53, 12.13, 7.725]},
			"faces": {
				"north": {"uv": [13.01, 2.01, 13.99, 2.99], "rotation": 90, "texture": "#2"},
				"east": {"uv": [13.01, 2.01, 13.99, 2.99], "rotation": 270, "texture": "#2"},
				"south": {"uv": [13.01, 2.01, 13.99, 2.99], "rotation": 90, "texture": "#2"},
				"west": {"uv": [13.01, 2.01, 13.99, 2.99], "rotation": 90, "texture": "#2"},
				"up": {"uv": [13.01, 2.01, 13.99, 2.99], "rotation": 180, "texture": "#2"},
				"down": {"uv": [13.01, 2.01, 13.99, 2.99], "texture": "#2"}
			}
		},
		{
			"name": "Stick bottom thin",
			"from": [1.34, 12.89, 6.205],
			"to": [1.72, 13.27, 6.585],
			"rotation": {"angle": 22.5, "axis": "x", "origin": [1.53, 12.13, 7.725]},
			"faces": {
				"north": {"uv": [5.01, 11.01, 5.99, 11.99], "rotation": 90, "texture": "#2"},
				"east": {"uv": [5.01, 11.01, 5.99, 11.99], "rotation": 270, "texture": "#2"},
				"south": {"uv": [5.01, 11.01, 5.99, 11.99], "rotation": 90, "texture": "#2"},
				"west": {"uv": [5.01, 11.01, 5.99, 11.99], "rotation": 90, "texture": "#2"},
				"up": {"uv": [5.01, 11.01, 5.99, 11.99], "rotation": 180, "texture": "#2"},
				"down": {"uv": [5.01, 11.01, 5.99, 11.99], "texture": "#2"}
			}
		},
		{
			"name": "Stick bottom thin",
			"from": [1.34, 12.51, 6.585],
			"to": [1.72, 12.89, 6.965],
			"rotation": {"angle": 22.5, "axis": "x", "origin": [1.53, 12.13, 7.725]},
			"faces": {
				"north": {"uv": [6.01, 10.01, 6.99, 10.99], "rotation": 90, "texture": "#2"},
				"east": {"uv": [6.01, 10.01, 6.99, 10.99], "rotation": 270, "texture": "#2"},
				"south": {"uv": [6.01, 10.01, 6.99, 10.99], "rotation": 90, "texture": "#2"},
				"west": {"uv": [6.01, 10.01, 6.99, 10.99], "rotation": 90, "texture": "#2"},
				"up": {"uv": [6.01, 10.01, 6.99, 10.99], "rotation": 180, "texture": "#2"},
				"down": {"uv": [6.01, 10.01, 6.99, 10.99], "texture": "#2"}
			}
		},
		{
			"name": "Stick bottom thin",
			"from": [1.34, 12.13, 6.965],
			"to": [1.72, 12.51, 7.345],
			"rotation": {"angle": 22.5, "axis": "x", "origin": [1.53, 12.13, 7.725]},
			"faces": {
				"north": {"uv": [7.01, 9.01, 7.99, 9.99], "rotation": 90, "texture": "#2"},
				"east": {"uv": [7.01, 9.01, 7.99, 9.99], "rotation": 270, "texture": "#2"},
				"south": {"uv": [7.01, 9.01, 7.99, 9.99], "rotation": 90, "texture": "#2"},
				"west": {"uv": [7.01, 9.01, 7.99, 9.99], "rotation": 90, "texture": "#2"},
				"up": {"uv": [7.01, 9.01, 7.99, 9.99], "rotation": 180, "texture": "#2"},
				"down": {"uv": [7.01, 9.01, 7.99, 9.99], "texture": "#2"}
			}
		},
		{
			"name": "Stick bottom thin",
			"from": [1.34, 11.75, 7.345],
			"to": [1.72, 12.13, 7.725],
			"rotation": {"angle": 22.5, "axis": "x", "origin": [1.53, 12.13, 7.725]},
			"faces": {
				"north": {"uv": [8.01, 8.01, 8.99, 8.99], "rotation": 90, "texture": "#2"},
				"east": {"uv": [8.01, 8.01, 8.99, 8.99], "rotation": 270, "texture": "#2"},
				"south": {"uv": [8.01, 8.01, 8.99, 8.99], "rotation": 90, "texture": "#2"},
				"west": {"uv": [8.01, 8.01, 8.99, 8.99], "rotation": 90, "texture": "#2"},
				"up": {"uv": [8.01, 8.01, 8.99, 8.99], "rotation": 180, "texture": "#2"},
				"down": {"uv": [8.01, 8.01, 8.99, 8.99], "texture": "#2"}
			}
		},
		{
			"name": "Stick bottom thin",
			"from": [1.34, 11.37, 7.725],
			"to": [1.72, 11.75, 8.105],
			"rotation": {"angle": 22.5, "axis": "x", "origin": [1.53, 12.13, 7.725]},
			"faces": {
				"north": {"uv": [9.01, 7.01, 9.99, 7.99], "rotation": 90, "texture": "#2"},
				"east": {"uv": [9.01, 7.01, 9.99, 7.99], "rotation": 270, "texture": "#2"},
				"south": {"uv": [9.01, 7.01, 9.99, 7.99], "rotation": 90, "texture": "#2"},
				"west": {"uv": [9.01, 7.01, 9.99, 7.99], "rotation": 90, "texture": "#2"},
				"up": {"uv": [9.01, 7.01, 9.99, 7.99], "rotation": 180, "texture": "#2"},
				"down": {"uv": [9.01, 7.01, 9.99, 7.99], "texture": "#2"}
			}
		},
		{
			"name": "Stick bottom thin",
			"from": [1.34, 10.99, 8.105],
			"to": [1.72, 11.37, 8.485],
			"rotation": {"angle": 22.5, "axis": "x", "origin": [1.53, 12.13, 7.725]},
			"faces": {
				"north": {"uv": [10.01, 6.01, 10.99, 6.99], "rotation": 90, "texture": "#2"},
				"east": {"uv": [10.01, 6.01, 10.99, 6.99], "rotation": 270, "texture": "#2"},
				"south": {"uv": [10.01, 6.01, 10.99, 6.99], "rotation": 90, "texture": "#2"},
				"west": {"uv": [10.01, 6.01, 10.99, 6.99], "rotation": 90, "texture": "#2"},
				"up": {"uv": [10.01, 6.01, 10.99, 6.99], "rotation": 180, "texture": "#2"},
				"down": {"uv": [10.01, 6.01, 10.99, 6.99], "texture": "#2"}
			}
		},
		{
			"name": "Stick bottom thin",
			"from": [1.34, 10.61, 8.485],
			"to": [1.72, 10.99, 8.865],
			"rotation": {"angle": 22.5, "axis": "x", "origin": [1.53, 12.13, 7.725]},
			"faces": {
				"north": {"uv": [11.01, 5.01, 11.99, 5.99], "rotation": 90, "texture": "#2"},
				"east": {"uv": [11.01, 5.01, 11.99, 5.99], "rotation": 270, "texture": "#2"},
				"south": {"uv": [11.01, 5.01, 11.99, 5.99], "rotation": 90, "texture": "#2"},
				"west": {"uv": [11.01, 5.01, 11.99, 5.99], "rotation": 90, "texture": "#2"},
				"up": {"uv": [11.01, 5.01, 11.99, 5.99], "rotation": 180, "texture": "#2"},
				"down": {"uv": [11.01, 5.01, 11.99, 5.99], "texture": "#2"}
			}
		},
		{
			"name": "Stick top thick",
			"from": [1.245, 12.89, 6.585],
			"to": [1.815, 13.27, 6.965],
			"rotation": {"angle": 22.5, "axis": "x", "origin": [1.53, 12.13, 7.725]},
			"faces": {
				"north": {"uv": [5.01, 10.01, 5.99, 10.99], "rotation": 90, "texture": "#2"},
				"east": {"uv": [5.01, 10.01, 5.99, 10.99], "rotation": 270, "texture": "#2"},
				"south": {"uv": [5.01, 10.01, 5.99, 10.99], "rotation": 90, "texture": "#2"},
				"west": {"uv": [5.01, 10.01, 5.99, 10.99], "rotation": 90, "texture": "#2"},
				"up": {"uv": [5.01, 10.01, 5.99, 10.99], "rotation": 180, "texture": "#2"},
				"down": {"uv": [5.01, 10.01, 5.99, 10.99], "texture": "#2"}
			}
		},
		{
			"name": "Stick top thick",
			"from": [1.245, 12.51, 6.965],
			"to": [1.815, 12.89, 7.345],
			"rotation": {"angle": 22.5, "axis": "x", "origin": [1.53, 12.13, 7.725]},
			"faces": {
				"north": {"uv": [6.01, 9.01, 6.99, 9.99], "rotation": 90, "texture": "#2"},
				"east": {"uv": [6.01, 9.01, 6.99, 9.99], "rotation": 270, "texture": "#2"},
				"south": {"uv": [6.01, 9.01, 6.99, 9.99], "rotation": 90, "texture": "#2"},
				"west": {"uv": [6.01, 9.01, 6.99, 9.99], "rotation": 90, "texture": "#2"},
				"up": {"uv": [6.01, 9.01, 6.99, 9.99], "rotation": 180, "texture": "#2"},
				"down": {"uv": [6.01, 9.01, 6.99, 9.99], "texture": "#2"}
			}
		},
		{
			"name": "Stick top thick",
			"from": [1.245, 12.13, 7.345],
			"to": [1.815, 12.51, 7.725],
			"rotation": {"angle": 22.5, "axis": "x", "origin": [1.53, 12.13, 7.725]},
			"faces": {
				"north": {"uv": [7.01, 8.01, 7.99, 8.99], "rotation": 90, "texture": "#2"},
				"east": {"uv": [7.01, 8.01, 7.99, 8.99], "rotation": 270, "texture": "#2"},
				"south": {"uv": [7.01, 8.01, 7.99, 8.99], "rotation": 90, "texture": "#2"},
				"west": {"uv": [7.01, 8.01, 7.99, 8.99], "rotation": 90, "texture": "#2"},
				"up": {"uv": [7.01, 8.01, 7.99, 8.99], "rotation": 180, "texture": "#2"},
				"down": {"uv": [7.01, 8.01, 7.99, 8.99], "texture": "#2"}
			}
		},
		{
			"name": "Stick top thick",
			"from": [1.245, 11.75, 7.725],
			"to": [1.815, 12.13, 8.105],
			"rotation": {"angle": 22.5, "axis": "x", "origin": [1.53, 12.13, 7.725]},
			"faces": {
				"north": {"uv": [8.01, 7.01, 8.99, 7.99], "rotation": 90, "texture": "#2"},
				"east": {"uv": [8.01, 7.01, 8.99, 7.99], "rotation": 270, "texture": "#2"},
				"south": {"uv": [8.01, 7.01, 8.99, 7.99], "rotation": 90, "texture": "#2"},
				"west": {"uv": [8.01, 7.01, 8.99, 7.99], "rotation": 90, "texture": "#2"},
				"up": {"uv": [8.01, 7.01, 8.99, 7.99], "rotation": 180, "texture": "#2"},
				"down": {"uv": [8.01, 7.01, 8.99, 7.99], "texture": "#2"}
			}
		},
		{
			"name": "Stick top thick",
			"from": [1.245, 11.37, 8.105],
			"to": [1.815, 11.75, 8.485],
			"rotation": {"angle": 22.5, "axis": "x", "origin": [1.53, 12.13, 7.725]},
			"faces": {
				"north": {"uv": [9.01, 6.01, 9.99, 6.99], "rotation": 90, "texture": "#2"},
				"east": {"uv": [9.01, 6.01, 9.99, 6.99], "rotation": 270, "texture": "#2"},
				"south": {"uv": [9.01, 6.01, 9.99, 6.99], "rotation": 90, "texture": "#2"},
				"west": {"uv": [9.01, 6.01, 9.99, 6.99], "rotation": 90, "texture": "#2"},
				"up": {"uv": [9.01, 6.01, 9.99, 6.99], "rotation": 180, "texture": "#2"},
				"down": {"uv": [9.01, 6.01, 9.99, 6.99], "texture": "#2"}
			}
		},
		{
			"name": "Stick top thick",
			"from": [1.245, 10.99, 8.485],
			"to": [1.815, 11.37, 8.865],
			"rotation": {"angle": 22.5, "axis": "x", "origin": [1.53, 12.13, 7.725]},
			"faces": {
				"north": {"uv": [10.01, 5.01, 10.99, 5.99], "rotation": 90, "texture": "#2"},
				"east": {"uv": [10.01, 5.01, 10.99, 5.99], "rotation": 270, "texture": "#2"},
				"south": {"uv": [10.01, 5.01, 10.99, 5.99], "rotation": 90, "texture": "#2"},
				"west": {"uv": [10.01, 5.01, 10.99, 5.99], "rotation": 90, "texture": "#2"},
				"up": {"uv": [10.01, 5.01, 10.99, 5.99], "rotation": 180, "texture": "#2"},
				"down": {"uv": [10.01, 5.01, 10.99, 5.99], "texture": "#2"}
			}
		},
		{
			"name": "Stick top thick",
			"from": [1.245, 10.61, 8.865],
			"to": [1.815, 10.99, 9.245],
			"rotation": {"angle": 22.5, "axis": "x", "origin": [1.53, 12.13, 7.725]},
			"faces": {
				"north": {"uv": [11.01, 4.01, 11.99, 4.99], "rotation": 90, "texture": "#2"},
				"east": {"uv": [11.01, 4.01, 11.99, 4.99], "rotation": 270, "texture": "#2"},
				"south": {"uv": [11.01, 4.01, 11.99, 4.99], "rotation": 90, "texture": "#2"},
				"west": {"uv": [11.01, 4.01, 11.99, 4.99], "rotation": 90, "texture": "#2"},
				"up": {"uv": [11.01, 4.01, 11.99, 4.99], "rotation": 180, "texture": "#2"},
				"down": {"uv": [11.01, 4.01, 11.99, 4.99], "texture": "#2"}
			}
		},
		{
			"name": "Feather thin",
			"from": [1.435, 12.89, 5.825],
			"to": [1.625, 13.27, 6.205],
			"rotation": {"angle": 22.5, "axis": "x", "origin": [1.53, 12.13, 7.725]},
			"faces": {
				"north": {"uv": [5.01, 12.01, 5.99, 12.99], "rotation": 90, "texture": "#2"},
				"east": {"uv": [5.01, 12.01, 5.99, 12.99], "rotation": 270, "texture": "#2"},
				"south": {"uv": [5.01, 12.01, 5.99, 12.99], "rotation": 90, "texture": "#2"},
				"west": {"uv": [5.01, 12.01, 5.99, 12.99], "rotation": 90, "texture": "#2"},
				"up": {"uv": [5.01, 12.01, 5.99, 12.99], "rotation": 180, "texture": "#2"},
				"down": {"uv": [5.01, 12.01, 5.99, 12.99], "texture": "#2"}
			}
		},
		{
			"name": "Feather thin",
			"from": [1.435, 13.27, 5.445],
			"to": [1.625, 13.65, 5.825],
			"rotation": {"angle": 22.5, "axis": "x", "origin": [1.53, 12.13, 7.725]},
			"faces": {
				"north": {"uv": [4.01, 13.01, 4.99, 13.99], "rotation": 90, "texture": "#2"},
				"east": {"uv": [4.01, 13.01, 4.99, 13.99], "rotation": 270, "texture": "#2"},
				"south": {"uv": [4.01, 13.01, 4.99, 13.99], "rotation": 90, "texture": "#2"},
				"west": {"uv": [4.01, 13.01, 4.99, 13.99], "rotation": 90, "texture": "#2"},
				"up": {"uv": [4.01, 13.01, 4.99, 13.99], "rotation": 180, "texture": "#2"},
				"down": {"uv": [4.01, 13.01, 4.99, 13.99], "texture": "#2"}
			}
		},
		{
			"name": "Feather thin",
			"from": [1.435, 13.65, 5.065],
			"to": [1.625, 14.03, 5.445],
			"rotation": {"angle": 22.5, "axis": "x", "origin": [1.53, 12.13, 7.725]},
			"faces": {
				"north": {"uv": [3.01, 14.01, 3.99, 14.99], "rotation": 90, "texture": "#2"},
				"east": {"uv": [3.01, 14.01, 3.99, 14.99], "rotation": 270, "texture": "#2"},
				"south": {"uv": [3.01, 14.01, 3.99, 14.99], "rotation": 90, "texture": "#2"},
				"west": {"uv": [3.01, 14.01, 3.99, 14.99], "rotation": 90, "texture": "#2"},
				"up": {"uv": [3.01, 14.01, 3.99, 14.99], "rotation": 180, "texture": "#2"},
				"down": {"uv": [3.01, 14.01, 3.99, 14.99], "texture": "#2"}
			}
		},
		{
			"name": "Feather thin",
			"from": [1.435, 14.03, 5.445],
			"to": [1.625, 14.41, 5.825],
			"rotation": {"angle": 22.5, "axis": "x", "origin": [1.53, 12.13, 7.725]},
			"faces": {
				"north": {"uv": [2.01, 13.01, 2.99, 13.99], "rotation": 90, "texture": "#2"},
				"east": {"uv": [2.01, 13.01, 2.99, 13.99], "rotation": 270, "texture": "#2"},
				"south": {"uv": [2.01, 13.01, 2.99, 13.99], "rotation": 90, "texture": "#2"},
				"west": {"uv": [2.01, 13.01, 2.99, 13.99], "rotation": 90, "texture": "#2"},
				"up": {"uv": [2.01, 13.01, 2.99, 13.99], "rotation": 180, "texture": "#2"},
				"down": {"uv": [2.01, 13.01, 2.99, 13.99], "texture": "#2"}
			}
		},
		{
			"name": "Feather thick",
			"from": [1.245, 13.27, 5.825],
			"to": [1.815, 13.65, 6.205],
			"rotation": {"angle": 22.5, "axis": "x", "origin": [1.53, 12.13, 7.725]},
			"faces": {
				"north": {"uv": [4.01, 12.01, 4.99, 12.99], "rotation": 90, "texture": "#2"},
				"east": {"uv": [4.01, 12.01, 4.99, 12.99], "rotation": 270, "texture": "#2"},
				"south": {"uv": [4.01, 12.01, 4.99, 12.99], "rotation": 90, "texture": "#2"},
				"west": {"uv": [4.01, 12.01, 4.99, 12.99], "rotation": 90, "texture": "#2"},
				"up": {"uv": [4.01, 12.01, 4.99, 12.99], "rotation": 180, "texture": "#2"},
				"down": {"uv": [4.01, 12.01, 4.99, 12.99], "texture": "#2"}
			}
		},
		{
			"name": "Feather thick",
			"from": [1.245, 13.65, 5.445],
			"to": [1.815, 14.03, 5.825],
			"rotation": {"angle": 22.5, "axis": "x", "origin": [1.53, 12.13, 7.725]},
			"faces": {
				"north": {"uv": [3.01, 13.01, 3.99, 13.99], "rotation": 90, "texture": "#2"},
				"east": {"uv": [3.01, 13.01, 3.99, 13.99], "rotation": 270, "texture": "#2"},
				"south": {"uv": [3.01, 13.01, 3.99, 13.99], "rotation": 90, "texture": "#2"},
				"west": {"uv": [3.01, 13.01, 3.99, 13.99], "rotation": 90, "texture": "#2"},
				"up": {"uv": [3.01, 13.01, 3.99, 13.99], "rotation": 180, "texture": "#2"},
				"down": {"uv": [3.01, 13.01, 3.99, 13.99], "texture": "#2"}
			}
		},
		{
			"name": "Feather thick",
			"from": [1.245, 13.65, 6.205],
			"to": [1.815, 14.03, 6.585],
			"rotation": {"angle": 22.5, "axis": "x", "origin": [1.53, 12.13, 7.725]},
			"faces": {
				"north": {"uv": [3.01, 11.01, 3.99, 11.99], "rotation": 90, "texture": "#2"},
				"east": {"uv": [3.01, 11.01, 3.99, 11.99], "rotation": 270, "texture": "#2"},
				"south": {"uv": [3.01, 11.01, 3.99, 11.99], "rotation": 90, "texture": "#2"},
				"west": {"uv": [3.01, 11.01, 3.99, 11.99], "rotation": 90, "texture": "#2"},
				"up": {"uv": [3.01, 11.01, 3.99, 11.99], "rotation": 180, "texture": "#2"},
				"down": {"uv": [3.01, 11.01, 3.99, 11.99], "texture": "#2"}
			}
		},
		{
			"name": "Feather thick",
			"from": [1.245, 14.03, 5.825],
			"to": [1.815, 14.41, 6.205],
			"rotation": {"angle": 22.5, "axis": "x", "origin": [1.53, 12.13, 7.725]},
			"faces": {
				"north": {"uv": [2.01, 12.01, 2.99, 12.99], "rotation": 90, "texture": "#2"},
				"east": {"uv": [2.01, 12.01, 2.99, 12.99], "rotation": 270, "texture": "#2"},
				"south": {"uv": [2.01, 12.01, 2.99, 12.99], "rotation": 90, "texture": "#2"},
				"west": {"uv": [2.01, 12.01, 2.99, 12.99], "rotation": 90, "texture": "#2"},
				"up": {"uv": [2.01, 12.01, 2.99, 12.99], "rotation": 180, "texture": "#2"},
				"down": {"uv": [2.01, 12.01, 2.99, 12.99], "texture": "#2"}
			}
		},
		{
			"name": "Feather medium",
			"from": [1.34, 13.27, 6.205],
			"to": [1.72, 13.65, 6.585],
			"rotation": {"angle": 22.5, "axis": "x", "origin": [1.53, 12.13, 7.725]},
			"faces": {
				"north": {"uv": [4.01, 11.01, 4.99, 11.99], "rotation": 90, "texture": "#2"},
				"east": {"uv": [4.01, 11.01, 4.99, 11.99], "rotation": 270, "texture": "#2"},
				"south": {"uv": [4.01, 11.01, 4.99, 11.99], "rotation": 90, "texture": "#2"},
				"west": {"uv": [4.01, 11.01, 4.99, 11.99], "rotation": 90, "texture": "#2"},
				"up": {"uv": [4.01, 11.01, 4.99, 11.99], "rotation": 180, "texture": "#2"},
				"down": {"uv": [4.01, 11.01, 4.99, 11.99], "texture": "#2"}
			}
		},
		{
			"name": "Feather medium",
			"from": [1.34, 13.65, 5.825],
			"to": [1.72, 14.03, 6.205],
			"rotation": {"angle": 22.5, "axis": "x", "origin": [1.53, 12.13, 7.725]},
			"faces": {
				"north": {"uv": [3.01, 12.01, 3.99, 12.99], "rotation": 90, "texture": "#2"},
				"east": {"uv": [3.01, 12.01, 3.99, 12.99], "rotation": 270, "texture": "#2"},
				"south": {"uv": [3.01, 12.01, 3.99, 12.99], "rotation": 90, "texture": "#2"},
				"west": {"uv": [3.01, 12.01, 3.99, 12.99], "rotation": 90, "texture": "#2"},
				"up": {"uv": [3.01, 12.01, 3.99, 12.99], "rotation": 180, "texture": "#2"},
				"down": {"uv": [3.01, 12.01, 3.99, 12.99], "texture": "#2"}
			}
		},
		{
			"name": "Head thin",
			"from": [1.435, 10.99, 8.865],
			"to": [1.625, 11.37, 9.245],
			"rotation": {"angle": 22.5, "axis": "x", "origin": [1.53, 12.13, 7.725]},
			"faces": {
				"north": {"uv": [10.01, 4.01, 10.99, 4.99], "rotation": 90, "texture": "#2"},
				"east": {"uv": [10.01, 4.01, 10.99, 4.99], "rotation": 270, "texture": "#2"},
				"south": {"uv": [10.01, 4.01, 10.99, 4.99], "rotation": 90, "texture": "#2"},
				"west": {"uv": [10.01, 4.01, 10.99, 4.99], "rotation": 90, "texture": "#2"},
				"up": {"uv": [10.01, 4.01, 10.99, 4.99], "rotation": 180, "texture": "#2"},
				"down": {"uv": [10.01, 4.01, 10.99, 4.99], "texture": "#2"}
			}
		},
		{
			"name": "Head thin",
			"from": [1.435, 10.23, 8.105],
			"to": [1.625, 10.61, 8.485],
			"rotation": {"angle": 22.5, "axis": "x", "origin": [1.53, 12.13, 7.725]},
			"faces": {
				"north": {"uv": [12.01, 6.01, 12.99, 6.99], "rotation": 90, "texture": "#2"},
				"east": {"uv": [12.01, 6.01, 12.99, 6.99], "rotation": 270, "texture": "#2"},
				"south": {"uv": [12.01, 6.01, 12.99, 6.99], "rotation": 90, "texture": "#2"},
				"west": {"uv": [12.01, 6.01, 12.99, 6.99], "rotation": 90, "texture": "#2"},
				"up": {"uv": [12.01, 6.01, 12.99, 6.99], "rotation": 180, "texture": "#2"},
				"down": {"uv": [12.01, 6.01, 12.99, 6.99], "texture": "#2"}
			}
		},
		{
			"name": "Head thin",
			"from": [1.435, 9.85, 8.485],
			"to": [1.625, 10.23, 9.245],
			"rotation": {"angle": 22.5, "axis": "x", "origin": [1.53, 12.13, 7.725]},
			"faces": {
				"north": {"uv": [13.01, 5.01, 13.99, 5.99], "rotation": 90, "texture": "#2"},
				"east": {"uv": [13.01, 4.01, 13.99, 5.99], "rotation": 270, "texture": "#2"},
				"south": {"uv": [13.01, 4.01, 13.99, 4.99], "rotation": 90, "texture": "#2"},
				"west": {"uv": [13.01, 4.01, 13.99, 5.99], "rotation": 90, "texture": "#2"},
				"up": {"uv": [13.01, 4.01, 13.99, 5.99], "rotation": 180, "texture": "#2"},
				"down": {"uv": [13.01, 4.01, 13.99, 5.99], "texture": "#2"}
			}
		},
		{
			"name": "Head thin",
			"from": [1.435, 9.47, 9.245],
			"to": [1.625, 9.85, 10.005],
			"rotation": {"angle": 22.5, "axis": "x", "origin": [1.53, 12.13, 7.725]},
			"faces": {
				"north": {"uv": [14.01, 3.01, 14.99, 3.99], "rotation": 90, "texture": "#2"},
				"east": {"uv": [14.01, 2.01, 14.99, 3.99], "rotation": 270, "texture": "#2"},
				"south": {"uv": [14.01, 2.01, 14.99, 2.99], "rotation": 90, "texture": "#2"},
				"west": {"uv": [14.01, 2.01, 14.99, 3.99], "rotation": 90, "texture": "#2"},
				"up": {"uv": [14.01, 2.01, 14.99, 3.99], "rotation": 180, "texture": "#2"},
				"down": {"uv": [14.01, 2.01, 14.99, 3.99], "texture": "#2"}
			}
		},
		{
			"name": "Head medium",
			"from": [1.34, 10.99, 9.245],
			"to": [1.72, 11.37, 9.625],
			"rotation": {"angle": 22.5, "axis": "x", "origin": [1.53, 12.13, 7.725]},
			"faces": {
				"north": {"uv": [10.01, 3.01, 10.99, 3.99], "rotation": 90, "texture": "#2"},
				"east": {"uv": [10.01, 3.01, 10.99, 3.99], "rotation": 270, "texture": "#2"},
				"south": {"uv": [10.01, 3.01, 10.99, 3.99], "rotation": 90, "texture": "#2"},
				"west": {"uv": [10.01, 3.01, 10.99, 3.99], "rotation": 90, "texture": "#2"},
				"up": {"uv": [10.01, 3.01, 10.99, 3.99], "rotation": 180, "texture": "#2"},
				"down": {"uv": [10.01, 3.01, 10.99, 3.99], "texture": "#2"}
			}
		},
		{
			"name": "Head medium",
			"from": [1.34, 10.23, 8.485],
			"to": [1.72, 10.61, 8.865],
			"rotation": {"angle": 22.5, "axis": "x", "origin": [1.53, 12.13, 7.725]},
			"faces": {
				"north": {"uv": [12.01, 5.01, 12.99, 5.99], "rotation": 90, "texture": "#2"},
				"east": {"uv": [12.01, 5.01, 12.99, 5.99], "rotation": 270, "texture": "#2"},
				"south": {"uv": [12.01, 5.01, 12.99, 5.99], "rotation": 90, "texture": "#2"},
				"west": {"uv": [12.01, 5.01, 12.99, 5.99], "rotation": 90, "texture": "#2"},
				"up": {"uv": [12.01, 5.01, 12.99, 5.99], "rotation": 180, "texture": "#2"},
				"down": {"uv": [12.01, 5.01, 12.99, 5.99], "texture": "#2"}
			}
		},
		{
			"name": "Head medium",
			"from": [1.34, 9.85, 9.245],
			"to": [1.72, 10.23, 9.625],
			"rotation": {"angle": 22.5, "axis": "x", "origin": [1.53, 12.13, 7.725]},
			"faces": {
				"north": {"uv": [13.01, 3.01, 13.99, 3.99], "rotation": 90, "texture": "#2"},
				"east": {"uv": [13.01, 3.01, 13.99, 3.99], "rotation": 270, "texture": "#2"},
				"south": {"uv": [13.01, 3.01, 13.99, 3.99], "rotation": 90, "texture": "#2"},
				"west": {"uv": [13.01, 3.01, 13.99, 3.99], "rotation": 90, "texture": "#2"},
				"up": {"uv": [13.01, 3.01, 13.99, 3.99], "rotation": 180, "texture": "#2"},
				"down": {"uv": [13.01, 3.01, 13.99, 3.99], "texture": "#2"}
			}
		},
		{
			"name": "Head medium",
			"from": [1.34, 10.23, 9.625],
			"to": [1.72, 10.61, 10.005],
			"rotation": {"angle": 22.5, "axis": "x", "origin": [1.53, 12.13, 7.725]},
			"faces": {
				"north": {"uv": [12.01, 2.01, 12.99, 2.99], "rotation": 90, "texture": "#2"},
				"east": {"uv": [12.01, 2.01, 12.99, 2.99], "rotation": 270, "texture": "#2"},
				"south": {"uv": [12.01, 2.01, 12.99, 2.99], "rotation": 90, "texture": "#2"},
				"west": {"uv": [12.01, 2.01, 12.99, 2.99], "rotation": 90, "texture": "#2"},
				"up": {"uv": [12.01, 2.01, 12.99, 2.99], "rotation": 180, "texture": "#2"},
				"down": {"uv": [12.01, 2.01, 12.99, 2.99], "texture": "#2"}
			}
		},
		{
			"name": "Head thick",
			"from": [1.15, 10.61, 9.245],
			"to": [1.91, 10.99, 9.625],
			"rotation": {"angle": 22.5, "axis": "x", "origin": [1.53, 12.13, 7.725]},
			"faces": {
				"north": {"uv": [11.01, 3.01, 11.99, 3.99], "rotation": 90, "texture": "#2"},
				"east": {"uv": [11.01, 3.01, 11.99, 3.99], "rotation": 270, "texture": "#2"},
				"south": {"uv": [11.01, 3.01, 11.99, 3.99], "rotation": 90, "texture": "#2"},
				"west": {"uv": [11.01, 3.01, 11.99, 3.99], "rotation": 90, "texture": "#2"},
				"up": {"uv": [11.01, 3.01, 11.99, 3.99], "rotation": 180, "texture": "#2"},
				"down": {"uv": [11.01, 3.01, 11.99, 3.99], "texture": "#2"}
			}
		},
		{
			"name": "Head thick",
			"from": [1.15, 10.23, 8.865],
			"to": [1.91, 10.61, 9.625],
			"rotation": {"angle": 22.5, "axis": "x", "origin": [1.53, 12.13, 7.725]},
			"faces": {
				"north": {"uv": [12.01, 4.01, 12.99, 4.99], "rotation": 90, "texture": "#2"},
				"east": {"uv": [12.01, 3.01, 12.99, 4.99], "rotation": 270, "texture": "#2"},
				"south": {"uv": [12.01, 3.01, 12.99, 3.99], "rotation": 90, "texture": "#2"},
				"west": {"uv": [12.01, 3.01, 12.99, 4.99], "rotation": 90, "texture": "#2"},
				"up": {"uv": [12.01, 3.01, 12.99, 4.99], "rotation": 180, "texture": "#2"},
				"down": {"uv": [12.01, 3.01, 12.99, 4.99], "texture": "#2"}
			}
		}
	],
	"display": {
		"thirdperson_righthand": {
			"rotation": [5, -120, -90],
			"translation": [3.04, -12.14, -7.62],
			"scale": [2, 2, 2]
		},
		"thirdperson_lefthand": {
			"rotation": [5, -120, -90],
			"translation": [3.04, 14.36, -5.37],
			"scale": [2, 2, 2]
		},
		"firstperson_righthand": {
			"rotation": [-163, 44, -94],
			"translation": [-4.75, 7.75, -1.25]
		},
		"firstperson_lefthand": {
			"rotation": [4, -107, -83.5],
			"translation": [-5.25, 10.75, -0.75]
		},
		"ground": {
			"rotation": [0, 0, -90],
			"translation": [-7.52, -12.34, 1.01],
			"scale": [1.5, 1.5, 1.5]
		},
		"gui": {
			"rotation": [-138, -53, 81],
			"translation": [4.5, -2.25, 0],
			"scale": [1.4, 1.4, 1.4]
		},
		"head": {
			"rotation": [0, -180, 0],
			"translation": [0, -19.09, -3.21],
			"scale": [3, 3, 3]
		},
		"fixed": {
			"translation": [0, 0, -19.75],
			"scale": [0, 0, 0]
		}
	},
	"groups": [0, 1, 2, 3, 4, 5, 6, 7, 8, 9, 10, 11, 12, 13, 14, 15, 16, 17,
		{
			"name": "arrow",
			"origin": [8, 8, 8],
			"children": [18, 19, 20, 21, 22, 23, 24, 25, 26, 27, 28, 29, 30, 31, 32, 33, 34, 35, 36, 37, 38, 39, 40, 41, 42, 43, 44, 45, 46, 47, 48, 49, 50, 51, 52]
		}
	]
}
