{
	"credit": "Made with Blockbench",
	"textures": {
		"texture": "blocks/creeperheart"
	},
	"elements": [
		{
			"from": [4.5, 0, 4.5],
			"to": [11.5, 16, 11.5],
			"faces": {
				"north": {"uv": [4.5, 0, 11.5, 16], "texture": "#texture"},
				"east": {"uv": [4.5, 0, 11.5, 16], "texture": "#texture"},
				"south": {"uv": [4.5, 0, 11.5, 16], "texture": "#texture"},
				"west": {"uv": [4.5, 0, 11.5, 16], "texture": "#texture"},
				"up": {"uv": [7, 0, 12, 5], "texture": "#texture"},
				"down": {"uv": [7, 0, 12, 5], "texture": "#texture"}
			}
		},
		{
			"from": [3.5, 0.0625, 5.5],
			"to": [12.5, 15.0625, 10.5],
			"faces": {
				"north": {"uv": [3.5, 1, 12.5, 16], "texture": "#texture"},
				"east": {"uv": [5.5, 1, 10.5, 16], "texture": "#texture"},
				"south": {"uv": [3.5, 1, 12.5, 16], "texture": "#texture"},
				"west": {"uv": [5.5, 1, 10.5, 16], "texture": "#texture"},
				"up": {"uv": [3.5, 0, 12.5, 5], "texture": "#texture"},
				"down": {"uv": [3.5, 0, 12.5, 5], "texture": "#texture"}
			}
		},
		{
			"from": [5.5, 0.0625, 3.5],
			"to": [10.5, 15.0625, 12.5],
			"faces": {
				"north": {"uv": [5.5, 1, 10.5, 16], "texture": "#texture"},
				"east": {"uv": [3.5, 1, 12.5, 16], "texture": "#texture"},
				"south": {"uv": [5.5, 1, 10.5, 16], "texture": "#texture"},
				"west": {"uv": [3.5, 1, 12.5, 16], "texture": "#texture"},
				"up": {"uv": [5.5, 0, 10.5, 5], "texture": "#texture"},
				"down": {"uv": [5.5, 0, 10.5, 5], "texture": "#texture"}
			}
		},
		{
			"from": [7, 16, 7],
			"to": [9, 18, 9],
			"faces": {
				"north": {"uv": [7, 6, 9, 8], "texture": "#texture"},
				"east": {"uv": [9, 6, 11, 8], "texture": "#texture"},
				"south": {"uv": [7, 5, 9, 7], "texture": "#texture"},
				"west": {"uv": [3, 6, 5, 8], "texture": "#texture"},
				"up": {"uv": [7, 7, 9, 9], "texture": "#texture"},
				"down": {"uv": [7, 7, 9, 9], "texture": "#texture"}
			}
		}
	],
	"display": {
		"thirdperson_righthand": {
			"rotation": [0, 0, 90],
			"translation": [-5.75, 3.6, 0]
		},
		"thirdperson_lefthand": {
			"rotation": [0, 0, 90],
			"translation": [-5.75, 3.6, 0]
		},
		"firstperson_righthand": {
			"rotation": [0, 0, 90],
			"translation": [-9, 0.85, 1.5]
		},
		"firstperson_lefthand": {
			"rotation": [0, 0, 90],
			"translation": [-9, 0.85, 1.5]
		},
		"ground": {
			"rotation": [0, 0, 90],
			"translation": [0, 0.05, 0]
		},
		"gui": {
			"rotation": [30, -14, -41]
		},
		"head": {
			"rotation": [0, 0, 90],
			"translation": [-5.75, -0.15, 0],
			"scale": [1.3, 1.3, 1.3]
		},
		"fixed": {
			"translation": [0, 0, -8.5],
			"scale": [2, 2, 2]
		}
	}
}