{
"__comment": "Designed by Itszender with BDcraft Cubik PRO 0.96 Beta - http://bdcraft.net",
"textures": {
    "texture": "blocks/crystal"
},
"elements": [ 
{
    "from": [ 6.5, 0, 6.5 ],
    "to": [ 9.5, 16, 9.5 ],
    "faces": {
        "down":  { "uv": [ 9.5, 9.5, 6.5, 6.5 ], "texture": "#texture" },
        "up":    { "uv": [ 6.5, 6.5, 9.5, 9.5 ], "texture": "#texture" },
        "north": { "uv": [ 6.5, 0, 9.5, 16 ], "texture": "#texture" },
        "south": { "uv": [ 6.5, 0, 9.5, 16 ], "texture": "#texture" },
        "west":  { "uv": [ 6.5, 0, 9.5, 16 ], "texture": "#texture" },
        "east":  { "uv": [ 6.5, 0, 9.5, 16 ], "texture": "#texture" }
    }
},
{
    "from": [ 5, 3, 6.5 ],
    "to": [ 6.5, 13, 9.5 ],
    "faces": {
        "down":  { "uv": [ 11, 9.5, 9.5, 6.5 ], "texture": "#texture" },
        "up":    { "uv": [ 5, 6.5, 6.5, 9.5 ], "texture": "#texture" },
        "north": { "uv": [ 9.5, 3, 11, 13 ], "texture": "#texture" },
        "south": { "uv": [ 5, 3, 6.5, 13 ], "texture": "#texture" },
        "west":  { "uv": [ 6.5, 3, 9.5, 13 ], "texture": "#texture" },
        "east":  { "uv": [ 6.5, 3, 9.5, 13 ], "texture": "#texture" }
    }
},
{
    "from": [ 6.5, 3, 9.5 ],
    "to": [ 9.5, 13, 11 ],
    "faces": {
        "down":  { "uv": [ 9.5, 11, 6.5, 9.5 ], "texture": "#texture" },
        "up":    { "uv": [ 6.5, 9.5, 9.5, 11 ], "texture": "#texture" },
        "north": { "uv": [ 6.5, 3, 9.5, 13 ], "texture": "#texture" },
        "south": { "uv": [ 6.5, 3, 9.5, 13 ], "texture": "#texture" },
        "west":  { "uv": [ 9.5, 3, 11, 13 ], "texture": "#texture" },
        "east":  { "uv": [ 5, 3, 6.5, 13 ], "texture": "#texture" }
    }
},
{
    "from": [ 6.5, 3, 5 ],
    "to": [ 9.5, 13, 6.5 ],
    "faces": {
        "down":  { "uv": [ 9.5, 6.5, 6.5, 5 ], "texture": "#texture" },
        "up":    { "uv": [ 6.5, 5, 9.5, 6.5 ], "texture": "#texture" },
        "north": { "uv": [ 6.5, 3, 9.5, 13 ], "texture": "#texture" },
        "south": { "uv": [ 6.5, 3, 9.5, 13 ], "texture": "#texture" },
        "west":  { "uv": [ 5, 3, 6.5, 13 ], "texture": "#texture" },
        "east":  { "uv": [ 9.5, 3, 11, 13 ], "texture": "#texture" }
    }
},
{
    "from": [ 9.5, 3, 6.5 ],
    "to": [ 11, 13, 9.5 ],
    "faces": {
        "down":  { "uv": [ 6.5, 9.5, 5, 6.5 ], "texture": "#texture" },
        "up":    { "uv": [ 9.5, 6.5, 11, 9.5 ], "texture": "#texture" },
        "north": { "uv": [ 5, 3, 6.5, 13 ], "texture": "#texture" },
        "south": { "uv": [ 9.5, 3, 11, 13 ], "texture": "#texture" },
        "west":  { "uv": [ 6.5, 3, 9.5, 13 ], "texture": "#texture" },
        "east":  { "uv": [ 6.5, 3, 9.5, 13 ], "texture": "#texture" }
    }
}
],
"display": {
    "ground": {
        "rotation": [ -90, 0, 0 ],
        "translation": [ 0, 0, 0 ],
        "scale": [ 0.7, 0.7, 0.7 ]
    },
    "firstperson_righthand": {
        "rotation": [ -20, 23, 0 ],
        "translation": [ 0, 0.38, -1.51 ],
        "scale": [ 1, 1, 1 ]
    },
    "firstperson_lefthand": {
        "rotation": [ -20, 23, 0 ],
        "translation": [ 0, 0.38, -1.51 ],
        "scale": [ 1, 1, 1 ]
    },
    "gui": {
        "rotation": [ 0, -33, -40 ],
        "translation": [ 0, 0, 0 ],
        "scale": [ 1, 1, 1 ]
    }
}
}