{
	"credit": "Made with Blockbench",
	"textures": {
		"1": "block/oak_log",
		"2": "blocks/molot/smooth_stone_y",
		"3": "blocks/molot/smooth_stone_x",
		"4": "blocks/molot/smooth_stone_z",
		"particle": "blocks/molot/smooth_stone_x"
	},
	"elements": [
		{
			"from": [7, 2.375, 7],
			"to": [9, 13, 9],
			"rotation": {"angle": 0, "axis": "x", "origin": [8, 11, 9]},
			"faces": {
				"north": {"uv": [9, 0, 12, 16], "texture": "#1"},
				"east": {"uv": [6, 0, 9, 16], "texture": "#1"},
				"south": {"uv": [3, 0, 6, 16], "texture": "#1"},
				"west": {"uv": [0, 0, 3, 16], "texture": "#1"},
				"up": {"uv": [9, 11, 11, 13], "texture": "#1"},
				"down": {"uv": [6, 12, 8, 14], "texture": "#1"}
			}
		},
		{
			"from": [6, 11, 4],
			"to": [10, 16, 12],
			"rotation": {"angle": 0, "axis": "x", "origin": [8, 11, 8]},
			"faces": {
				"north": {"uv": [0, 0, 16, 16], "rotation": 180, "texture": "#3"},
				"east": {"uv": [0, 0, 16, 16], "texture": "#4"},
				"south": {"uv": [0, 0, 16, 16], "texture": "#3"},
				"west": {"uv": [0, 0, 16, 16], "rotation": 180, "texture": "#4"},
				"up": {"uv": [0, 0, 16, 16], "rotation": 270, "texture": "#2"},
				"down": {"uv": [0, 0, 16, 16], "rotation": 90, "texture": "#2"}
			}
		}
	],
	"display": {
		"thirdperson_righthand": {
			"translation": [0, 2.13, 1.75],
			"scale": [1.25, 1.25, 1.25]
		},
		"thirdperson_lefthand": {
			"translation": [0, 2.13, 1.75],
			"scale": [1.25, 1.25, 1.25]
		},
		"firstperson_righthand": {
			"rotation": [-15, 0, 0],
			"translation": [2.25, 2.13, -1.75],
			"scale": [1.25, 1.25, 1.25]
		},
		"firstperson_lefthand": {
			"rotation": [-15, 0, 0],
			"translation": [2.25, 2.13, -1.75],
			"scale": [1.25, 1.25, 1.25]
		},
		"ground": {
			"rotation": [90, 90, 0],
			"translation": [0, -1.75, -1.25]
		},
		"gui": {
			"rotation": [-144, 60, 161],
			"translation": [0.75, -1.25, 0]
		},
		"head": {
			"rotation": [-90, -40, 90],
			"translation": [12.5, 10.63, -0.25],
			"scale": [1.5, 1.5, 1.5]
		},
		"fixed": {
			"rotation": [0, 90, -6.5],
			"translation": [0, -1.75, -2],
			"scale": [2, 2, 2]
		}
	}
}