{
	"credit": "Made with Blockbench",
	"textures": {
		"MutantZombieBody1": "blocks/mutantzombie/mutantzombiebody1",
		"MutantZombieHead": "blocks/mutantzombie/mutantzombiehead",
		"MutantZombieBody2": "blocks/mutantzombie/mutantzombiebody2",
		"MutantZombieArm": "blocks/mutantzombie/mutantzombiearm",
		"MutantZombieLeg": "blocks/mutantzombie/mutantzombieleg"
	},
	"elements": [
		{
			"from": [0, 10, 4],
			"to": [16, 18, 13],
			"rotation": {"angle": 22.5, "axis": "x", "origin": [0, 18, 4]},
			"faces": {
				"north": {"uv": [0, 0, 8, 5.5], "texture": "#MutantZombieBody1"},
				"east": {"uv": [0, 0, 6, 5.5], "texture": "#MutantZombieBody1"},
				"south": {"uv": [8, 0, 16, 5], "texture": "#MutantZombieBody1"},
				"west": {"uv": [0, 0, 6, 5.5], "texture": "#MutantZombieBody1"},
				"up": {"uv": [0, 5.5, 8, 10.5], "texture": "#MutantZombieBody1"},
				"down": {"uv": [8, 5, 0, 0], "texture": "#MutantZombieBody1"}
			}
		},
		{
			"from": [5.5, 15, 6.5],
			"to": [11, 20.5, 12],
			"faces": {
				"north": {"uv": [12, 4, 16, 8], "texture": "#MutantZombieHead"},
				"east": {"uv": [8, 4, 12, 8], "texture": "#MutantZombieHead"},
				"south": {"uv": [4, 4, 8, 8], "texture": "#MutantZombieHead"},
				"west": {"uv": [0, 4, 4, 8], "texture": "#MutantZombieHead"},
				"up": {"uv": [4, 0, 8, 4], "texture": "#MutantZombieHead"},
				"down": {"uv": [12, 4, 8, 0], "texture": "#MutantZombieHead"}
			}
		},
		{
			"from": [3, 2.5, 2.5],
			"to": [13, 10, 9],
			"faces": {
				"north": {"uv": [0, 2.5, 11.5, 11], "texture": "#MutantZombieBody2"},
				"east": {"uv": [0, 2.5, 11.5, 11], "texture": "#MutantZombieBody2"},
				"south": {"uv": [0, 2.5, 11.5, 11], "texture": "#MutantZombieBody2"},
				"west": {"uv": [0, 2.5, 11.5, 11], "texture": "#MutantZombieBody2"},
				"up": {"uv": [0, 0, 11.5, 8], "texture": "#MutantZombieBody2"},
				"down": {"uv": [11.5, 14, 0, 8], "texture": "#MutantZombieBody2"}
			}
		},
		{
			"from": [-1, 6.4375, 4.75],
			"to": [3, 15.9375, 8.75],
			"rotation": {"angle": -22.5, "axis": "z", "origin": [-1, 15.9375, 4.75]},
			"faces": {
				"north": {"uv": [0, 1, 4, 13.5], "texture": "#MutantZombieArm"},
				"east": {"uv": [7.5, 1, 11.5, 13.5], "texture": "#MutantZombieArm"},
				"south": {"uv": [3, 1, 7, 13.5], "texture": "#MutantZombieArm"},
				"west": {"uv": [6, 1, 10, 13.5], "texture": "#MutantZombieArm"},
				"up": {"uv": [0, 0, 4, 4], "texture": "#MutantZombieArm"},
				"down": {"uv": [2.5, 8.5, 6, 12], "texture": "#MutantZombieArm"}
			}
		},
		{
			"from": [13.5, 5.0625, 4.5],
			"to": [17.5, 14.5625, 8.5],
			"rotation": {"angle": 22.5, "axis": "z", "origin": [13.5, 14.5625, 4.5]},
			"faces": {
				"north": {"uv": [0, 1, 4, 13.5], "texture": "#MutantZombieArm"},
				"east": {"uv": [7.5, 1, 11.5, 13.5], "texture": "#MutantZombieArm"},
				"south": {"uv": [3, 1, 7, 13.5], "texture": "#MutantZombieArm"},
				"west": {"uv": [6, 1, 10, 13.5], "texture": "#MutantZombieArm"},
				"up": {"uv": [0, 0, 4, 4], "texture": "#MutantZombieArm"},
				"down": {"uv": [2.5, 8.5, 6, 12], "texture": "#MutantZombieArm"}
			}
		},
		{
			"from": [17.25, -0.5625, 4.8125],
			"to": [20.75, 7.4375, 8.3125],
			"faces": {
				"north": {"uv": [0, 8, 3.5, 14.5], "texture": "#MutantZombieArm"},
				"east": {"uv": [0, 8, 3.5, 14.5], "texture": "#MutantZombieArm"},
				"south": {"uv": [0, 8, 3.5, 14.5], "texture": "#MutantZombieArm"},
				"west": {"uv": [0, 8, 3.5, 14.5], "texture": "#MutantZombieArm"},
				"up": {"uv": [0, 8.5, 4, 12.5], "texture": "#MutantZombieArm"},
				"down": {"uv": [2.5, 8.5, 6, 12], "texture": "#MutantZombieArm"}
			}
		},
		{
			"from": [-4.4375, -2.5, 5],
			"to": [-0.9375, 5.5, 8.5],
			"rotation": {"angle": -45, "axis": "x", "origin": [-4.4375, 5.5, 5]},
			"faces": {
				"north": {"uv": [0, 8, 3.5, 14.5], "texture": "#MutantZombieArm"},
				"east": {"uv": [0, 8, 3.5, 14.5], "texture": "#MutantZombieArm"},
				"south": {"uv": [0, 8, 3.5, 14.5], "texture": "#MutantZombieArm"},
				"west": {"uv": [0, 8, 3.5, 14.5], "texture": "#MutantZombieArm"},
				"up": {"uv": [0, 8.5, 4, 12.5], "texture": "#MutantZombieArm"},
				"down": {"uv": [2.5, 8.5, 6, 12], "texture": "#MutantZombieArm"}
			}
		},
		{
			"from": [9.5, -5, 3.5],
			"to": [13.5, 2, 7.5],
			"rotation": {"angle": -45, "axis": "x", "origin": [9.5, 2, 3.5]},
			"faces": {
				"north": {"uv": [3, 2.5, 7.5, 11.5], "texture": "#MutantZombieLeg"},
				"east": {"uv": [7, 2, 11.5, 11.5], "texture": "#MutantZombieLeg"},
				"south": {"uv": [0, 2.5, 4.5, 11.5], "texture": "#MutantZombieLeg"},
				"west": {"uv": [4, 2.5, 8.5, 11.5], "texture": "#MutantZombieLeg"},
				"up": {"uv": [0, 0, 5.5, 5], "texture": "#MutantZombieLeg"},
				"down": {"uv": [5, 14.5, 0, 9], "texture": "#MutantZombieLeg"}
			}
		},
		{
			"from": [2.5, -2.5, 3.5],
			"to": [6.5, 4.5, 7.5],
			"faces": {
				"north": {"uv": [6.5, 2.5, 11, 11.5], "texture": "#MutantZombieLeg"},
				"east": {"uv": [6, 2, 10.5, 11.5], "texture": "#MutantZombieLeg"},
				"south": {"uv": [1.5, 2.5, 6, 11.5], "texture": "#MutantZombieLeg"},
				"west": {"uv": [1.5, 2.5, 6, 11.5], "texture": "#MutantZombieLeg"},
				"up": {"uv": [0, 0, 5.5, 5], "texture": "#MutantZombieLeg"},
				"down": {"uv": [5, 14.5, 0, 9], "texture": "#MutantZombieLeg"}
			}
		},
		{
			"from": [9.5, -7, 7.75],
			"to": [13.5, 0, 11.25],
			"faces": {
				"north": {"uv": [2.5, 8, 6.5, 14.5], "texture": "#MutantZombieLeg"},
				"east": {"uv": [7.5, 8, 11.5, 14.5], "texture": "#MutantZombieLeg"},
				"south": {"uv": [0, 8.5, 4, 14.5], "texture": "#MutantZombieLeg"},
				"west": {"uv": [4.5, 8, 8.5, 14.5], "texture": "#MutantZombieLeg"},
				"up": {"uv": [0, 8.5, 3.5, 12], "texture": "#MutantZombieLeg"},
				"down": {"uv": [4, 8.5, 7.5, 12], "texture": "#MutantZombieLeg"}
			}
		},
		{
			"from": [2.5, -6.5, 3.8125],
			"to": [6.5, -1, 7.8125],
			"rotation": {"angle": 22.5, "axis": "x", "origin": [2.5, -1, 3.8125]},
			"faces": {
				"north": {"uv": [2.5, 8, 6.5, 14.5], "texture": "#MutantZombieLeg"},
				"east": {"uv": [7.5, 8, 11.5, 14.5], "texture": "#MutantZombieLeg"},
				"south": {"uv": [0, 8.5, 4, 14.5], "texture": "#MutantZombieLeg"},
				"west": {"uv": [4.5, 8, 8.5, 14.5], "texture": "#MutantZombieLeg"},
				"up": {"uv": [0, 8.5, 3.5, 12], "texture": "#MutantZombieLeg"},
				"down": {"uv": [4, 8.5, 7.5, 12], "texture": "#MutantZombieLeg"}
			}
		}
	],
	"display": {
		"head": {
			"rotation": [0, 180, 0],
			"translation": [0, -6.5, 0],
			"scale": [2.45, 2.45, 2.45]
		}
	}
}