{
	"credit": "Made with Blockbench",
	"textures": {
		"texture": "blocks/creeperskin",
		"red": "blocks/red",
		"black": "blocks/black",
		"darkred": "blocks/darkred"
	},
	"elements": [
		{
			"from": [8.875, 6.5, 6],
			"to": [12.375, 14, 10],
			"rotation": {"angle": 0, "axis": "y", "origin": [-0.125, 0, 0]},
			"faces": {
				"north": {"uv": [3.5, 2, 7, 9.5], "texture": "#texture"},
				"east": {"uv": [6, 2, 10, 9.5], "texture": "#texture"},
				"south": {"uv": [9, 2, 12.5, 9.5], "texture": "#texture"},
				"west": {"uv": [6, 2, 10, 9.5], "texture": "#texture"},
				"up": {"uv": [9, 6, 12.5, 10], "texture": "#texture"},
				"down": {"uv": [7, 10, 3.5, 6], "texture": "#texture"}
			}
		},
		{
			"from": [7.6875, 12.3125, 6.3125],
			"to": [12.6875, 15.8125, 9.8125],
			"rotation": {"angle": -22.5, "axis": "z", "origin": [7.6875, 15.8125, 6.3125]},
			"faces": {
				"north": {"uv": [7.8125, 0.1875, 12.8125, 3.6875], "texture": "#texture"},
				"east": {"uv": [6.3125, 0.1875, 9.8125, 3.6875], "texture": "#texture"},
				"south": {"uv": [7.8125, 0.1875, 12.8125, 3.6875], "texture": "#texture"},
				"west": {"uv": [6.3125, 0.1875, 9.8125, 3.6875], "texture": "#texture"},
				"up": {"uv": [7.8125, 6.3125, 12.8125, 9.8125], "texture": "#texture"},
				"down": {"uv": [7.8125, 6.3125, 12.8125, 9.8125], "texture": "#texture"}
			}
		},
		{
			"from": [3.875, 12.5, 6.5],
			"to": [7.875, 15.5, 9.5],
			"rotation": {"angle": 0, "axis": "z", "origin": [-0.125, 0, 0]},
			"faces": {
				"north": {"uv": [8, 0.5, 12, 3.5], "texture": "#texture"},
				"east": {"uv": [6.5, 0.5, 9.5, 3.5], "texture": "#texture"},
				"south": {"uv": [4, 0.5, 8, 3.5], "texture": "#texture"},
				"west": {"uv": [6.5, 0.5, 9.5, 3.5], "texture": "#texture"},
				"up": {"uv": [4, 6.5, 8, 9.5], "texture": "#texture"},
				"down": {"uv": [12, 9.5, 8, 6.5], "texture": "#texture"}
			}
		},
		{
			"from": [1, 10.75, 5],
			"to": [4, 16.75, 11],
			"rotation": {"angle": 0, "axis": "z", "origin": [0.51042, 13.25, 8]},
			"faces": {
				"north": {"uv": [1, 0, 4, 6], "texture": "#texture"},
				"east": {"uv": [5, 0, 11, 6], "texture": "#texture"},
				"south": {"uv": [1, 0, 4, 6], "texture": "#texture"},
				"west": {"uv": [5, 0, 11, 6], "texture": "#texture"},
				"up": {"uv": [1, 5, 4, 11], "texture": "#texture"},
				"down": {"uv": [1, 5, 4, 11], "texture": "#texture"}
			}
		},
		{
			"from": [0, 15.25, 5],
			"to": [1, 16.75, 11],
			"rotation": {"angle": 0, "axis": "z", "origin": [0.51042, 13.25, 8]},
			"faces": {
				"north": {"uv": [0, 0, 1, 1.5], "texture": "#texture"},
				"east": {"uv": [5, 0, 11, 1.5], "texture": "#texture"},
				"south": {"uv": [0, 0, 1, 1.5], "texture": "#texture"},
				"west": {"uv": [5, 0, 11, 1.5], "texture": "#texture"},
				"up": {"uv": [0, 5, 1, 11], "texture": "#texture"},
				"down": {"uv": [0, 5, 1, 11], "texture": "#texture"}
			}
		},
		{
			"from": [0, 10.75, 5],
			"to": [1, 15.25, 6],
			"rotation": {"angle": 0, "axis": "z", "origin": [0.51042, 13.25, 8]},
			"faces": {
				"north": {"uv": [0, 0, 1, 4.5], "texture": "#texture"},
				"east": {"uv": [5, 0, 6, 4.5], "texture": "#texture"},
				"south": {"uv": [0, 0, 1, 4.5], "texture": "#texture"},
				"west": {"uv": [5, 0, 6, 4.5], "texture": "#texture"},
				"up": {"uv": [0, 5, 1, 6], "texture": "#texture"},
				"down": {"uv": [0, 5, 1, 6], "texture": "#texture"}
			}
		},
		{
			"from": [0, 13.75, 7.5],
			"to": [1, 15.25, 8.5],
			"rotation": {"angle": 0, "axis": "z", "origin": [0.51042, 13.25, 8]},
			"faces": {
				"north": {"uv": [0, 0, 1, 1.5], "texture": "#texture"},
				"east": {"uv": [7.5, 0, 8.5, 1.5], "texture": "#texture"},
				"south": {"uv": [0, 0, 1, 1.5], "texture": "#texture"},
				"west": {"uv": [7.5, 0, 8.5, 1.5], "texture": "#texture"},
				"up": {"uv": [0, 7.5, 1, 8.5], "texture": "#texture"},
				"down": {"uv": [0, 7.5, 1, 8.5], "texture": "#texture"}
			}
		},
		{
			"from": [0, 10.75, 10],
			"to": [1, 15.25, 11],
			"rotation": {"angle": 0, "axis": "z", "origin": [0.51042, 13.25, 8]},
			"faces": {
				"north": {"uv": [0, 0, 1, 4.5], "texture": "#texture"},
				"east": {"uv": [10, 0, 11, 4.5], "texture": "#texture"},
				"south": {"uv": [0, 0, 1, 4.5], "texture": "#texture"},
				"west": {"uv": [10, 0, 11, 4.5], "texture": "#texture"},
				"up": {"uv": [0, 10, 1, 11], "texture": "#texture"},
				"down": {"uv": [0, 10, 1, 11], "texture": "#texture"}
			}
		},
		{
			"from": [0, 13.25, 6],
			"to": [1, 13.75, 7.5],
			"rotation": {"angle": 0, "axis": "z", "origin": [0.51042, 13.25, 8]},
			"faces": {
				"north": {"uv": [0, 1, 1, 1.5], "texture": "#texture"},
				"east": {"uv": [6, 1, 7.5, 1.5], "texture": "#texture"},
				"south": {"uv": [0, 1, 1, 1.5], "texture": "#texture"},
				"west": {"uv": [6, 1, 7.5, 1.5], "texture": "#texture"},
				"up": {"uv": [0, 6, 1, 7.5], "texture": "#texture"},
				"down": {"uv": [0, 6, 1, 7.5], "texture": "#texture"}
			}
		},
		{
			"from": [0, 13.25, 8.5],
			"to": [1, 13.75, 10],
			"rotation": {"angle": 0, "axis": "z", "origin": [0.51042, 13.25, 8]},
			"faces": {
				"north": {"uv": [0, 1, 1, 1.5], "texture": "#texture"},
				"east": {"uv": [8.5, 1, 10, 1.5], "texture": "#texture"},
				"south": {"uv": [0, 1, 1, 1.5], "texture": "#texture"},
				"west": {"uv": [8.5, 1, 10, 1.5], "texture": "#texture"},
				"up": {"uv": [0, 8.5, 1, 10], "texture": "#texture"},
				"down": {"uv": [0, 8.5, 1, 10], "texture": "#texture"}
			}
		},
		{
			"from": [0, 11.25, 7.5],
			"to": [1, 11.75, 8.5],
			"rotation": {"angle": 0, "axis": "z", "origin": [0.51042, 13.25, 8]},
			"faces": {
				"north": {"uv": [0, 3, 1, 3.5], "texture": "#texture"},
				"east": {"uv": [7.5, 3, 8.5, 3.5], "texture": "#texture"},
				"south": {"uv": [0, 3, 1, 3.5], "texture": "#texture"},
				"west": {"uv": [7.5, 3, 8.5, 3.5], "texture": "#texture"},
				"up": {"uv": [0, 7.5, 1, 8.5], "texture": "#texture"},
				"down": {"uv": [0, 7.5, 1, 8.5], "texture": "#texture"}
			}
		},
		{
			"from": [0, 10.75, 6],
			"to": [1, 13.25, 6.5],
			"rotation": {"angle": 0, "axis": "z", "origin": [0.51042, 13.25, 8]},
			"faces": {
				"north": {"uv": [0, 1.5, 1, 4], "texture": "#texture"},
				"east": {"uv": [6, 1.5, 6.5, 4], "texture": "#texture"},
				"south": {"uv": [0, 1.5, 1, 4], "texture": "#texture"},
				"west": {"uv": [6, 1.5, 6.5, 4], "texture": "#texture"},
				"up": {"uv": [0, 6, 1, 6.5], "texture": "#texture"},
				"down": {"uv": [0, 6, 1, 6.5], "texture": "#texture"}
			}
		},
		{
			"from": [0, 10.75, 9.5],
			"to": [1, 13.25, 10],
			"rotation": {"angle": 0, "axis": "z", "origin": [0.51042, 13.25, 8]},
			"faces": {
				"north": {"uv": [0, 1.5, 1, 4], "texture": "#texture"},
				"east": {"uv": [9.5, 1.5, 10, 4], "texture": "#texture"},
				"south": {"uv": [0, 1.5, 1, 4], "texture": "#texture"},
				"west": {"uv": [9.5, 1.5, 10, 4], "texture": "#texture"},
				"up": {"uv": [0, 9.5, 1, 10], "texture": "#texture"},
				"down": {"uv": [0, 9.5, 1, 10], "texture": "#texture"}
			}
		},
		{
			"from": [0, 10.75, 6.5],
			"to": [1, 11.25, 9.5],
			"rotation": {"angle": 0, "axis": "z", "origin": [0.51042, 13.25, 8]},
			"faces": {
				"north": {"uv": [0, 3.5, 1, 4], "texture": "#texture"},
				"east": {"uv": [6.5, 3.5, 9.5, 4], "texture": "#texture"},
				"south": {"uv": [0, 3.5, 1, 4], "texture": "#texture"},
				"west": {"uv": [6.5, 3.5, 9.5, 4], "texture": "#texture"},
				"up": {"uv": [0, 6.5, 1, 9.5], "texture": "#texture"},
				"down": {"uv": [0, 6.5, 1, 9.5], "texture": "#texture"}
			}
		},
		{
			"from": [0.3125, 13.75, 8.5],
			"to": [0.8125, 14.75, 9.5],
			"rotation": {"angle": 0, "axis": "z", "origin": [0.51042, 13.25, 8]},
			"faces": {
				"north": {"uv": [15.1875, 0, 15.6875, 1], "texture": "#red"},
				"east": {"uv": [6.5, 0, 7.5, 1], "texture": "#red"},
				"south": {"uv": [0.3125, 0, 0.8125, 1], "texture": "#red"},
				"west": {"uv": [8.5, 0, 9.5, 1], "texture": "#red"},
				"up": {"uv": [0.3125, 8.5, 0.8125, 9.5], "texture": "#red"},
				"down": {"uv": [15.6875, 9.5, 15.1875, 8.5], "texture": "#red"}
			}
		},
		{
			"from": [0.3125, 13.75, 6.5],
			"to": [0.8125, 14.75, 7.5],
			"rotation": {"angle": 0, "axis": "z", "origin": [0.51042, 13.25, 8]},
			"faces": {
				"north": {"uv": [15.1875, 0, 15.6875, 1], "texture": "#red"},
				"east": {"uv": [8.5, 0, 9.5, 1], "texture": "#red"},
				"south": {"uv": [0.3125, 0, 0.8125, 1], "texture": "#red"},
				"west": {"uv": [6.5, 0, 7.5, 1], "texture": "#red"},
				"up": {"uv": [0.3125, 6.5, 0.8125, 7.5], "texture": "#red"},
				"down": {"uv": [15.6875, 7.5, 15.1875, 6.5], "texture": "#red"}
			}
		},
		{
			"from": [0.1875, 11.25, 8.5],
			"to": [0.6875, 13.25, 9.5],
			"rotation": {"angle": 0, "axis": "z", "origin": [0.51042, 13.25, 8]},
			"faces": {
				"north": {"uv": [15.3125, 1.5, 15.8125, 3.5], "texture": "#black"},
				"east": {"uv": [6.5, 1.5, 7.5, 3.5], "texture": "#black"},
				"south": {"uv": [0.1875, 1.5, 0.6875, 3.5], "texture": "#black"},
				"west": {"uv": [8.5, 1.5, 9.5, 3.5], "texture": "#black"},
				"up": {"uv": [0.1875, 8.5, 0.6875, 9.5], "texture": "#black"},
				"down": {"uv": [15.8125, 9.5, 15.3125, 8.5], "texture": "#black"}
			}
		},
		{
			"from": [0.1875, 11.25, 6.5],
			"to": [0.6875, 13.25, 7.5],
			"rotation": {"angle": 0, "axis": "z", "origin": [0.51042, 13.25, 8]},
			"faces": {
				"north": {"uv": [0.1875, 1, 0.6875, 3.5], "texture": "#black"},
				"east": {"uv": [6.5, 1, 7.5, 3.5], "texture": "#black"},
				"south": {"uv": [0.1875, 1, 0.6875, 3.5], "texture": "#black"},
				"west": {"uv": [6.5, 1, 7.5, 3.5], "texture": "#black"},
				"up": {"uv": [0.1875, 6.5, 0.6875, 7.5], "texture": "#black"},
				"down": {"uv": [0.1875, 6.5, 0.6875, 7.5], "texture": "#black"}
			}
		},
		{
			"from": [0.1875, 11.75, 7.5],
			"to": [0.6875, 13.75, 8.5],
			"rotation": {"angle": 0, "axis": "z", "origin": [0.51042, 13.25, 8]},
			"faces": {
				"north": {"uv": [15.3125, 1, 15.8125, 3], "texture": "#black"},
				"east": {"uv": [7.5, 1, 8.5, 3], "texture": "#black"},
				"south": {"uv": [0.1875, 1, 0.6875, 3], "texture": "#black"},
				"west": {"uv": [7.5, 1, 8.5, 3], "texture": "#black"},
				"up": {"uv": [0.1875, 7.5, 0.6875, 8.5], "texture": "#black"},
				"down": {"uv": [15.8125, 8.5, 15.3125, 7.5], "texture": "#black"}
			}
		},
		{
			"from": [0.5, 13.75, 8.5],
			"to": [1, 15.25, 10],
			"rotation": {"angle": 0, "axis": "z", "origin": [0.51042, 13.25, 8]},
			"faces": {
				"north": {"uv": [15, 0, 15.5, 1], "texture": "#darkred"},
				"east": {"uv": [6, 0, 7.5, 1], "texture": "#darkred"},
				"south": {"uv": [0.5, 0, 1, 1], "texture": "#darkred"},
				"west": {"uv": [8.5, 0, 10, 1], "texture": "#darkred"},
				"up": {"uv": [0.5, 8.5, 1, 10], "texture": "#darkred"},
				"down": {"uv": [15.5, 10, 15, 8.5], "texture": "#darkred"}
			}
		},
		{
			"from": [0.5, 13.75, 6],
			"to": [1, 15.25, 7.5],
			"rotation": {"angle": 0, "axis": "z", "origin": [0.51042, 13.25, 8]},
			"faces": {
				"north": {"uv": [15, 0, 15.5, 1], "texture": "#darkred"},
				"east": {"uv": [8.5, 0, 10, 1], "texture": "#darkred"},
				"south": {"uv": [0.5, 0, 1, 1], "texture": "#darkred"},
				"west": {"uv": [6, 0, 7.5, 1], "texture": "#darkred"},
				"up": {"uv": [0.5, 6, 1, 7.5], "texture": "#darkred"},
				"down": {"uv": [15.5, 7.5, 15, 6], "texture": "#darkred"}
			}
		}
	],
	"display": {
		"head": {
			"rotation": [0, -90, 0],
			"translation": [0, -9, -8.69],
			"scale": [4, 4, 4]
		}
	}
}