{
	"credit": "Made with Blockbench",
	"textures": {
		"texture": "blocks/creeperskin"
	},
	"elements": [
		{
			"from": [7.9375, 4.6875, 5.5],
			"to": [11.9375, 9.6875, 10.5],
			"rotation": {"angle": -22.5, "axis": "z", "origin": [7.9375, 9.6875, 5.5]},
			"faces": {
				"north": {"uv": [6, 6, 10, 11], "texture": "#texture"},
				"east": {"uv": [5.5, 6, 10.5, 11], "texture": "#texture"},
				"south": {"uv": [6, 6, 10, 11], "texture": "#texture"},
				"west": {"uv": [5.5, 6, 10.5, 11], "texture": "#texture"},
				"up": {"uv": [6, 5.5, 10, 10.5], "texture": "#texture"},
				"down": {"uv": [10, 10.5, 6, 5.5], "texture": "#texture"}
			}
		},
		{
			"from": [1.1875, 3, 13.3125],
			"to": [8.6875, 5.5, 16.3125],
			"rotation": {"angle": 45, "axis": "y", "origin": [1.1875, 3, 13.3125]},
			"faces": {
				"north": {"uv": [9, 11, 16, 13.5], "texture": "#texture"},
				"east": {"uv": [3.5, 11, 7.5, 13.5], "texture": "#texture"},
				"south": {"uv": [0, 11, 7, 13.5], "texture": "#texture"},
				"west": {"uv": [8.5, 11, 12.5, 13.5], "texture": "#texture"},
				"up": {"uv": [0, 8.5, 7, 12.5], "texture": "#texture"},
				"down": {"uv": [16, 12.5, 9, 8.5], "texture": "#texture"}
			}
		},
		{
			"from": [3.25, 3, 0.625],
			"to": [10.75, 5.5, 3.625],
			"rotation": {"angle": -45, "axis": "y", "origin": [3.25, 3, 0.625]},
			"faces": {
				"north": {"uv": [9, 11, 16, 13.5], "texture": "#texture"},
				"east": {"uv": [3.5, 11, 7.5, 13.5], "texture": "#texture"},
				"south": {"uv": [0, 11, 7, 13.5], "texture": "#texture"},
				"west": {"uv": [8.5, 11, 12.5, 13.5], "texture": "#texture"},
				"up": {"uv": [0, 8.5, 7, 12.5], "texture": "#texture"},
				"down": {"uv": [16, 12.5, 9, 8.5], "texture": "#texture"}
			}
		},
		{
			"from": [0.25, 0.125, 12.5],
			"to": [3.25, 6.125, 15.5],
			"rotation": {"angle": -22.5, "axis": "z", "origin": [0.25, 6.125, 12.5]},
			"faces": {
				"north": {"uv": [0, 9.875, 3, 15.875], "texture": "#texture"},
				"east": {"uv": [11, 9.875, 14, 15.875], "texture": "#texture"},
				"south": {"uv": [0, 9.875, 3, 15.875], "texture": "#texture"},
				"west": {"uv": [11, 9.875, 14, 15.875], "texture": "#texture"},
				"up": {"uv": [0, 11, 3, 14], "texture": "#texture"},
				"down": {"uv": [0, 11, 3, 14], "texture": "#texture"}
			}
		},
		{
			"from": [0.23363, 0.125, 0.5],
			"to": [3.23363, 6.125, 3.5],
			"rotation": {"angle": -22.5, "axis": "z", "origin": [0.23363, 6.125, 0.5]},
			"faces": {
				"north": {"uv": [0, 9.875, 3, 15.875], "texture": "#texture"},
				"east": {"uv": [11, 9.875, 14, 15.875], "texture": "#texture"},
				"south": {"uv": [0, 9.875, 3, 15.875], "texture": "#texture"},
				"west": {"uv": [11, 9.875, 14, 15.875], "texture": "#texture"},
				"up": {"uv": [0, 11, 3, 14], "texture": "#texture"},
				"down": {"uv": [0, 11, 3, 14], "texture": "#texture"}
			}
		},
		{
			"from": [7.5, 3, 5.6875],
			"to": [13, 8, 10.1875],
			"rotation": {"angle": 22.5, "axis": "z", "origin": [7.5, 8, 5.6875]},
			"faces": {
				"north": {"uv": [0, 7.5, 4.5, 12.5], "texture": "#texture"},
				"east": {"uv": [5.5, 7.5, 10, 12.5], "texture": "#texture"},
				"south": {"uv": [11.5, 7.5, 16, 12.5], "texture": "#texture"},
				"west": {"uv": [6, 7.5, 10.5, 12.5], "texture": "#texture"},
				"up": {"uv": [11.5, 6, 16, 10.5], "texture": "#texture"},
				"down": {"uv": [4.5, 10.5, 0, 6], "texture": "#texture"}
			}
		},
		{
			"from": [14.0625, 4.5, 7.9375],
			"to": [23.0625, 7, 10.9375],
			"rotation": {"angle": -45, "axis": "y", "origin": [14.0625, 4.5, 7.9375]},
			"faces": {
				"north": {"uv": [7, 9, 16, 11.5], "texture": "#texture"},
				"east": {"uv": [7.9375, 9, 10.9375, 11.5], "texture": "#texture"},
				"south": {"uv": [7, 9, 16, 11.5], "texture": "#texture"},
				"west": {"uv": [7.9375, 9, 10.9375, 11.5], "texture": "#texture"},
				"up": {"uv": [7, 7.5, 16, 10.5], "texture": "#texture"},
				"down": {"uv": [7, 7.5, 16, 10.5], "texture": "#texture"}
			}
		},
		{
			"from": [12, 4.5, 6],
			"to": [21, 7, 9],
			"rotation": {"angle": 45, "axis": "y", "origin": [12, 4.5, 6]},
			"faces": {
				"north": {"uv": [7, 9, 16, 11.5], "texture": "#texture"},
				"east": {"uv": [6, 9, 9, 11.5], "texture": "#texture"},
				"south": {"uv": [7, 9, 16, 11.5], "texture": "#texture"},
				"west": {"uv": [6, 9, 9, 11.5], "texture": "#texture"},
				"up": {"uv": [7, 6, 16, 9], "texture": "#texture"},
				"down": {"uv": [7, 6, 16, 9], "texture": "#texture"}
			}
		},
		{
			"from": [18.5, -1, 13.5],
			"to": [21.5, 6.5, 16.5],
			"rotation": {"angle": 22.5, "axis": "z", "origin": [18.5, 6.5, 13.5]},
			"faces": {
				"north": {"uv": [13, 8.5, 16, 16], "texture": "#texture"},
				"east": {"uv": [0, 8.5, 3, 16], "texture": "#texture"},
				"south": {"uv": [13, 8.5, 16, 16], "texture": "#texture"},
				"west": {"uv": [0, 8.5, 3, 16], "texture": "#texture"},
				"up": {"uv": [13, 0, 16, 3], "texture": "#texture"},
				"down": {"uv": [13, 0, 16, 3], "texture": "#texture"}
			}
		},
		{
			"from": [18.5, -1, -0.5],
			"to": [21.5, 6.5, 2.5],
			"rotation": {"angle": 22.5, "axis": "z", "origin": [18.5, 6.5, -0.5]},
			"faces": {
				"north": {"uv": [13, 8.5, 16, 16], "texture": "#texture"},
				"east": {"uv": [0, 8.5, 3, 16], "texture": "#texture"},
				"south": {"uv": [13, 8.5, 16, 16], "texture": "#texture"},
				"west": {"uv": [0, 8.5, 3, 16], "texture": "#texture"},
				"up": {"uv": [13, 0, 16, 3], "texture": "#texture"},
				"down": {"uv": [13, 0, 16, 3], "texture": "#texture"}
			}
		}
	],
	"display": {
		"head": {
			"rotation": [0, -90, 0],
			"translation": [0, -9, -8.69],
			"scale": [4, 4, 4]
		}
	}
}