{
	"credit": "Made with Blockbench",
	"textures": {
		"texture": "blocks/endermanskin",
		"pink": "blocks/pink"
	},
	"elements": [
		{
			"from": [7, 0, 9.875],
			"to": [9, 9, 11.875],
			"rotation": {"angle": 0, "axis": "z", "origin": [8, 9.875, 8.375]},
			"faces": {
				"north": {"uv": [7, 6, 9, 15], "texture": "#texture"},
				"east": {"uv": [3, 6, 5, 15], "texture": "#texture"},
				"south": {"uv": [7, 6, 9, 15], "texture": "#texture"},
				"west": {"uv": [11, 6, 13, 15], "texture": "#texture"},
				"up": {"uv": [7, 11, 9, 13], "texture": "#texture"},
				"down": {"uv": [9, 13, 7, 11], "texture": "#texture"}
			}
		},
		{
			"from": [7, 0, 4.125],
			"to": [9, 9, 6.125],
			"rotation": {"angle": 0, "axis": "z", "origin": [8, 9.875, 7.625]},
			"faces": {
				"north": {"uv": [7, 6, 9, 15], "texture": "#texture"},
				"east": {"uv": [11, 6, 13, 15], "texture": "#texture"},
				"south": {"uv": [7, 6, 9, 15], "texture": "#texture"},
				"west": {"uv": [3, 6, 5, 15], "texture": "#texture"},
				"up": {"uv": [7, 3, 9, 5], "texture": "#texture"},
				"down": {"uv": [9, 5, 7, 3], "texture": "#texture"}
			}
		},
		{
			"from": [10.25, 8.375, 9.4375],
			"to": [12.25, 16.875, 11.5625],
			"rotation": {"angle": -22.5, "axis": "z", "origin": [10.25, 16.875, 9.4375]},
			"faces": {
				"north": {"uv": [10.25, 0, 12.25, 8.5], "texture": "#texture"},
				"east": {"uv": [10.4375, 0, 12.5625, 8.5], "texture": "#texture"},
				"south": {"uv": [10.25, 0, 12.25, 8.5], "texture": "#texture"},
				"west": {"uv": [10.4375, 0, 12.5625, 8.5], "texture": "#texture"},
				"up": {"uv": [10.25, 10.4375, 12.25, 12.5625], "texture": "#texture"},
				"down": {"uv": [10.25, 10.4375, 12.25, 12.5625], "texture": "#texture"}
			}
		},
		{
			"from": [10.25, 8.375, 4.4375],
			"to": [12.25, 16.875, 6.5625],
			"rotation": {"angle": -22.5, "axis": "z", "origin": [10.25, 16.875, 4.4375]},
			"faces": {
				"north": {"uv": [10.25, 0, 12.25, 8.5], "texture": "#texture"},
				"east": {"uv": [3.4375, 0, 5.5625, 8.5], "texture": "#texture"},
				"south": {"uv": [10.25, 0, 12.25, 8.5], "texture": "#texture"},
				"west": {"uv": [3.4375, 0, 5.5625, 8.5], "texture": "#texture"},
				"up": {"uv": [10.25, 3.4375, 12.25, 5.5625], "texture": "#texture"},
				"down": {"uv": [10.25, 3.4375, 12.25, 5.5625], "texture": "#texture"}
			}
		},
		{
			"from": [9.5, 15, 6],
			"to": [11.5, 17.5, 10],
			"rotation": {"angle": 22.5, "axis": "z", "origin": [9.5, 17.5, 6]},
			"faces": {
				"north": {"uv": [9, 0, 11, 3.5], "texture": "#texture"},
				"east": {"uv": [6, 0, 10, 3.5], "texture": "#texture"},
				"south": {"uv": [9, 0, 11, 3.5], "texture": "#texture"},
				"west": {"uv": [6, 0, 10, 3.5], "texture": "#texture"},
				"up": {"uv": [9, 6, 11, 10], "texture": "#texture"},
				"down": {"uv": [9, 6, 11, 10], "texture": "#texture"}
			}
		},
		{
			"from": [6.125, 16.5, 5.5],
			"to": [8.625, 25, 10.5],
			"rotation": {"angle": 22.5, "axis": "z", "origin": [6.125, 25, 5.5]},
			"faces": {
				"north": {"uv": [6.125, 0, 8.625, 8.5], "texture": "#texture"},
				"east": {"uv": [5.5, 0, 10.5, 8.5], "texture": "#texture"},
				"south": {"uv": [6.125, 0, 8.625, 8.5], "texture": "#texture"},
				"west": {"uv": [5.5, 0, 10.5, 8.5], "texture": "#texture"},
				"up": {"uv": [6.125, 5.5, 8.625, 10.5], "texture": "#texture"},
				"down": {"uv": [6.125, 5.5, 8.625, 10.5], "texture": "#texture"}
			}
		},
		{
			"from": [4, 25.5, 5],
			"to": [8, 30.5, 11],
			"rotation": {"angle": 0, "axis": "y", "origin": [0, -1, 0]},
			"faces": {
				"north": {"uv": [4, 0, 8, 4], "texture": "#texture"},
				"east": {"uv": [5.5, 0, 10.5, 4], "texture": "#texture"},
				"south": {"uv": [4, 0, 8, 4], "texture": "#texture"},
				"west": {"uv": [5.5, 0, 10.5, 4], "texture": "#texture"},
				"up": {"uv": [4, 5.5, 8, 10.5], "texture": "#texture"},
				"down": {"uv": [4, 5.5, 8, 10.5], "texture": "#texture"}
			}
		},
		{
			"from": [3.5, 24.5, 5.1875],
			"to": [8, 25.5, 10.6875],
			"rotation": {"angle": 0, "axis": "y", "origin": [0, -1, 0]},
			"faces": {
				"north": {"uv": [4.6875, 0, 9.1875, 1], "texture": "#texture"},
				"east": {"uv": [5.1875, 0, 10.6875, 1], "texture": "#texture"},
				"south": {"uv": [4.6875, 0, 9.1875, 1], "texture": "#texture"},
				"west": {"uv": [5.1875, 0, 10.6875, 1], "texture": "#texture"},
				"up": {"uv": [4.6875, 5.1875, 9.1875, 10.6875], "texture": "#texture"},
				"down": {"uv": [4.6875, 5.1875, 9.1875, 10.6875], "texture": "#texture"}
			}
		},
		{
			"from": [3, 28.5, 5],
			"to": [4, 30.5, 11],
			"rotation": {"angle": 0, "axis": "y", "origin": [0, -1, 0]},
			"faces": {
				"north": {"uv": [3, 0, 4, 2], "texture": "#texture"},
				"east": {"uv": [5, 0, 11, 2], "texture": "#texture"},
				"south": {"uv": [3, 0, 4, 2], "texture": "#texture"},
				"west": {"uv": [5, 0, 11, 2], "texture": "#texture"},
				"up": {"uv": [3, 5, 4, 11], "texture": "#texture"},
				"down": {"uv": [3, 5, 4, 11], "texture": "#texture"}
			}
		},
		{
			"from": [3, 27.5, 5],
			"to": [4, 28.5, 5.5],
			"rotation": {"angle": 0, "axis": "y", "origin": [0, -1, 0]},
			"faces": {
				"north": {"uv": [0, 0, 1, 1], "texture": "#texture"},
				"east": {"uv": [5.5, 0, 6, 1], "texture": "#texture"},
				"south": {"uv": [0, 0, 1, 1], "texture": "#texture"},
				"west": {"uv": [5.5, 0, 6, 1], "texture": "#texture"},
				"up": {"uv": [0, 5.5, 1, 6], "texture": "#texture"},
				"down": {"uv": [0, 5.5, 1, 6], "texture": "#texture"}
			}
		},
		{
			"from": [3, 27.5, 10.5],
			"to": [4, 28.5, 11],
			"rotation": {"angle": 0, "axis": "y", "origin": [0, -1, 0]},
			"faces": {
				"north": {"uv": [0, 0, 1, 1], "texture": "#texture"},
				"east": {"uv": [10, 0, 10.5, 1], "texture": "#texture"},
				"south": {"uv": [0, 0, 1, 1], "texture": "#texture"},
				"west": {"uv": [10, 0, 10.5, 1], "texture": "#texture"},
				"up": {"uv": [0, 10, 1, 10.5], "texture": "#texture"},
				"down": {"uv": [0, 10, 1, 10.5], "texture": "#texture"}
			}
		},
		{
			"from": [3, 25.5, 5],
			"to": [4, 27.5, 11],
			"rotation": {"angle": 0, "axis": "y", "origin": [0, -1, 0]},
			"faces": {
				"north": {"uv": [0, 0, 1, 1.5], "texture": "#texture"},
				"east": {"uv": [5.5, 0, 10.5, 1.5], "texture": "#texture"},
				"south": {"uv": [0, 0, 1, 1.5], "texture": "#texture"},
				"west": {"uv": [5.5, 0, 10.5, 1.5], "texture": "#texture"},
				"up": {"uv": [0, 5.5, 1, 10.5], "texture": "#texture"},
				"down": {"uv": [0, 5.5, 1, 10.5], "texture": "#texture"}
			}
		},
		{
			"from": [3.0625, 27.5, 7.3125],
			"to": [4.0625, 28.5, 8.8125],
			"rotation": {"angle": 0, "axis": "y", "origin": [0, -1, 0]},
			"faces": {
				"north": {"uv": [3.0625, 0, 4.0625, 1], "texture": "#texture"},
				"east": {"uv": [7.3125, 0, 8.8125, 1], "texture": "#texture"},
				"south": {"uv": [3.0625, 0, 4.0625, 1], "texture": "#texture"},
				"west": {"uv": [7.3125, 0, 8.8125, 1], "texture": "#texture"},
				"up": {"uv": [3.0625, 7.3125, 4.0625, 8.8125], "texture": "#texture"},
				"down": {"uv": [3.0625, 7.3125, 4.0625, 8.8125], "texture": "#texture"}
			}
		},
		{
			"from": [3.4375, 27.5, 5.5],
			"to": [4.4375, 28.5, 10.5],
			"rotation": {"angle": 0, "axis": "y", "origin": [0, -1, 0]},
			"faces": {
				"north": {"uv": [8, 1, 9, 2], "texture": "#pink"},
				"east": {"uv": [8, 1, 9, 2], "texture": "#pink"},
				"south": {"uv": [8, 1, 9, 2], "texture": "#pink"},
				"west": {"uv": [8, 1, 9, 2], "texture": "#pink"},
				"up": {"uv": [8, 1, 9, 2], "texture": "#pink"},
				"down": {"uv": [8, 1, 9, 2], "texture": "#pink"}
			}
		},
		{
			"from": [7, 15.1875, 4.34023],
			"to": [9, 25.1875, 6.34023],
			"rotation": {"angle": 22.5, "axis": "x", "origin": [7, 25.1875, 5.3125]},
			"faces": {
				"north": {"uv": [7, 0, 9, 10], "texture": "#texture"},
				"east": {"uv": [4.875, 0, 6.875, 10], "texture": "#texture"},
				"south": {"uv": [7, 0, 9, 10], "texture": "#texture"},
				"west": {"uv": [4.875, 0, 6.875, 10], "texture": "#texture"},
				"up": {"uv": [7, 4.875, 9, 6.875], "texture": "#texture"},
				"down": {"uv": [7, 4.875, 9, 6.875], "texture": "#texture"}
			}
		},
		{
			"from": [6.92139, 7.13412, 0.5],
			"to": [8.92139, 16.13412, 2.5],
			"rotation": {"angle": -22.5, "axis": "z", "origin": [7.88611, 15.90783, 10.67188]},
			"faces": {
				"north": {"uv": [7, 0, 9, 8], "texture": "#texture"},
				"east": {"uv": [0, 0, 2, 8], "texture": "#texture"},
				"south": {"uv": [7, 0, 9, 8], "texture": "#texture"},
				"west": {"uv": [14, 0, 16, 8], "texture": "#texture"},
				"up": {"uv": [7, 14, 9, 16], "texture": "#texture"},
				"down": {"uv": [9, 16, 7, 14], "texture": "#texture"}
			}
		},
		{
			"from": [3.88237, 5.89603, 1.8125],
			"to": [4.38237, 8.39603, 2.8125],
			"rotation": {"angle": 0, "axis": "z", "origin": [7.88611, 15.90783, 10.67188]},
			"faces": {
				"north": {"uv": [1.5, 2, 2, 4.5], "texture": "#texture"},
				"east": {"uv": [15, 2, 16, 4.5], "texture": "#texture"},
				"south": {"uv": [1.5, 2, 2, 4.5], "texture": "#texture"},
				"west": {"uv": [15, 2, 16, 4.5], "texture": "#texture"},
				"up": {"uv": [1.5, 15, 2, 16], "texture": "#texture"},
				"down": {"uv": [1.5, 15, 2, 16], "texture": "#texture"}
			}
		},
		{
			"from": [3.88237, 5.89603, 0.25],
			"to": [4.38237, 8.39603, 1.25],
			"rotation": {"angle": 0, "axis": "z", "origin": [7.88611, 15.90783, 10.67188]},
			"faces": {
				"north": {"uv": [1.5, 2, 2, 4.5], "texture": "#texture"},
				"east": {"uv": [14.875, 2, 15.875, 4.5], "texture": "#texture"},
				"south": {"uv": [1.5, 2, 2, 4.5], "texture": "#texture"},
				"west": {"uv": [14.875, 2, 15.875, 4.5], "texture": "#texture"},
				"up": {"uv": [1.5, 14.875, 2, 15.875], "texture": "#texture"},
				"down": {"uv": [10, 14.875, 10.5, 15.875], "texture": "#texture"}
			}
		},
		{
			"from": [7.385, 7.81956, 2.1875],
			"to": [8.385, 8.81956, 3.6875],
			"rotation": {"angle": -22.5, "axis": "z", "origin": [7.88611, 15.90783, 10.67188]},
			"faces": {
				"north": {"uv": [2, 2, 3, 3], "rotation": 90, "texture": "#texture"},
				"east": {"uv": [2, 14.5, 3, 16], "rotation": 270, "texture": "#texture"},
				"south": {"uv": [2, 2, 3, 3], "rotation": 270, "texture": "#texture"},
				"west": {"uv": [2, 14.5, 3, 16], "rotation": 270, "texture": "#texture"},
				"up": {"uv": [14.5, 2, 16, 3], "rotation": 270, "texture": "#texture"},
				"down": {"uv": [14.5, 2, 16, 3], "rotation": 270, "texture": "#texture"}
			}
		},
		{
			"from": [7, 15.125, 9.62684],
			"to": [9, 25.125, 11.62684],
			"rotation": {"angle": -22.5, "axis": "x", "origin": [7, 25.125, 10.6875]},
			"faces": {
				"north": {"uv": [7, 0, 9, 10], "texture": "#texture"},
				"east": {"uv": [10.5, 0, 12.5, 10], "texture": "#texture"},
				"south": {"uv": [7, 0, 9, 10], "texture": "#texture"},
				"west": {"uv": [10.5, 0, 12.5, 10], "texture": "#texture"},
				"up": {"uv": [7, 10.5, 9, 12.5], "texture": "#texture"},
				"down": {"uv": [7, 10.5, 9, 12.5], "texture": "#texture"}
			}
		},
		{
			"from": [6.8667, 7.01692, 13.5625],
			"to": [8.8667, 16.01692, 15.5625],
			"rotation": {"angle": -22.5, "axis": "z", "origin": [7.82361, 15.78283, 5.42188]},
			"faces": {
				"north": {"uv": [7, 0, 9, 8], "texture": "#texture"},
				"east": {"uv": [0, 0, 2, 8], "texture": "#texture"},
				"south": {"uv": [7, 0, 9, 8], "texture": "#texture"},
				"west": {"uv": [14, 0, 16, 8], "texture": "#texture"},
				"up": {"uv": [7, 14, 9, 16], "texture": "#texture"},
				"down": {"uv": [9, 16, 7, 14], "texture": "#texture"}
			}
		},
		{
			"from": [7.35283, 7.66423, 12.4375],
			"to": [8.35283, 8.66423, 13.9375],
			"rotation": {"angle": -22.5, "axis": "z", "origin": [7.82361, 15.78283, 5.42188]},
			"faces": {
				"north": {"uv": [2, 2, 3, 3], "rotation": 90, "texture": "#texture"},
				"east": {"uv": [2, 14.5, 3, 16], "rotation": 270, "texture": "#texture"},
				"south": {"uv": [2, 2, 3, 3], "rotation": 270, "texture": "#texture"},
				"west": {"uv": [2, 14.5, 3, 16], "rotation": 270, "texture": "#texture"},
				"up": {"uv": [14.5, 2, 16, 3], "rotation": 270, "texture": "#texture"},
				"down": {"uv": [14.5, 2, 16, 3], "rotation": 270, "texture": "#texture"}
			}
		},
		{
			"from": [3.81987, 5.77103, 14.8125],
			"to": [4.31987, 8.27103, 15.8125],
			"rotation": {"angle": 0, "axis": "z", "origin": [7.82361, 15.78283, 5.42188]},
			"faces": {
				"north": {"uv": [1.5, 2, 2, 4.5], "texture": "#texture"},
				"east": {"uv": [14.875, 2, 15.875, 4.5], "texture": "#texture"},
				"south": {"uv": [1.5, 2, 2, 4.5], "texture": "#texture"},
				"west": {"uv": [14.875, 2, 15.875, 4.5], "texture": "#texture"},
				"up": {"uv": [1.5, 14.875, 2, 15.875], "texture": "#texture"},
				"down": {"uv": [10, 14.875, 10.5, 15.875], "texture": "#texture"}
			}
		},
		{
			"from": [3.81987, 5.77103, 13.3125],
			"to": [4.31987, 8.27103, 14.3125],
			"rotation": {"angle": 0, "axis": "z", "origin": [7.82361, 15.78283, 5.42188]},
			"faces": {
				"north": {"uv": [1.5, 2, 2, 4.5], "texture": "#texture"},
				"east": {"uv": [15, 2, 16, 4.5], "texture": "#texture"},
				"south": {"uv": [1.5, 2, 2, 4.5], "texture": "#texture"},
				"west": {"uv": [15, 2, 16, 4.5], "texture": "#texture"},
				"up": {"uv": [1.5, 15, 2, 16], "texture": "#texture"},
				"down": {"uv": [1.5, 15, 2, 16], "texture": "#texture"}
			}
		}
	],
	"display": {
		"head": {
			"rotation": [0, -90, 0],
			"translation": [0, -19.46, 0],
			"scale": [3, 3, 3]
		}
	}
}