{
	"credit": "Made with Blockbench",
	"textures": {
		"texture": "blocks/skeletonbones",
		"32spruce": "blocks/skeletonleather",
		"skeleton": "blocks/skeleton",
		"skeletonmouth": "blocks/skeletonmouth",
		"black": "blocks/black"
	},
	"elements": [
		{
			"from": [9, 0, 7],
			"to": [11, 6, 9],
			"faces": {
				"north": {"uv": [5, 10, 7, 16], "texture": "#texture"},
				"east": {"uv": [7, 10, 9, 16], "texture": "#texture"},
				"south": {"uv": [9, 10, 11, 16], "texture": "#texture"},
				"west": {"uv": [7, 10, 9, 16], "texture": "#texture"},
				"up": {"uv": [9, 7, 11, 9], "texture": "#texture"},
				"down": {"uv": [7, 9, 5, 7], "texture": "#texture"}
			}
		},
		{
			"from": [5, 0, 7],
			"to": [7, 6, 9],
			"faces": {
				"north": {"uv": [9, 10, 11, 16], "texture": "#texture"},
				"east": {"uv": [7, 10, 9, 16], "texture": "#texture"},
				"south": {"uv": [5, 10, 7, 16], "texture": "#texture"},
				"west": {"uv": [7, 10, 9, 16], "texture": "#texture"},
				"up": {"uv": [5, 7, 7, 9], "texture": "#texture"},
				"down": {"uv": [11, 9, 9, 7], "texture": "#texture"}
			}
		},
		{
			"from": [8.9375, 4.67212, 4.5],
			"to": [11.125, 11.6721, 6.5],
			"rotation": {"angle": -22.5, "axis": "x", "origin": [8.9375, 11.6721, 4.5]},
			"faces": {
				"north": {"uv": [6, 3, 8, 10], "texture": "#texture"},
				"east": {"uv": [6.5, 5, 8.5, 12], "texture": "#texture"},
				"south": {"uv": [8.5, 5, 10.5, 12], "texture": "#texture"},
				"west": {"uv": [5, 5, 7, 12], "texture": "#texture"},
				"up": {"uv": [6.5, 5.5, 8.5, 7.5], "texture": "#texture"},
				"down": {"uv": [11, 7.5, 9, 5.5], "texture": "#texture"}
			}
		},
		{
			"from": [4.9375, 4.625, 4.5],
			"to": [7.125, 11.625, 6.5],
			"rotation": {"angle": -22.5, "axis": "x", "origin": [4.9375, 11.625, 4.5]},
			"faces": {
				"north": {"uv": [9, 3, 11, 10], "texture": "#texture"},
				"east": {"uv": [7, 3, 9, 10], "texture": "#texture"},
				"south": {"uv": [5, 3, 7, 10], "texture": "#texture"},
				"west": {"uv": [7, 3, 9, 10], "texture": "#texture"},
				"up": {"uv": [5, 7, 7, 9], "texture": "#texture"},
				"down": {"uv": [11, 9, 9, 7], "texture": "#texture"}
			}
		},
		{
			"from": [6, 11, 4.5],
			"to": [10, 13, 6.5],
			"faces": {
				"north": {"uv": [6, 2, 10, 4], "texture": "#texture"},
				"east": {"uv": [10, 2, 12, 4], "texture": "#texture"},
				"south": {"uv": [6, 2, 10, 4], "texture": "#texture"},
				"west": {"uv": [4, 2, 6, 4], "texture": "#texture"},
				"up": {"uv": [6, 4, 10, 6], "texture": "#texture"},
				"down": {"uv": [10, 6, 6, 4], "texture": "#texture"}
			}
		},
		{
			"from": [7, 13, 4.5],
			"to": [9, 20, 6.5],
			"faces": {
				"north": {"uv": [7, 0, 9, 7], "texture": "#texture"},
				"east": {"uv": [4.5, 0, 6.5, 7], "texture": "#texture"},
				"south": {"uv": [7, 0, 9, 7], "texture": "#texture"},
				"west": {"uv": [4.5, 0, 6.5, 7], "texture": "#texture"},
				"up": {"uv": [7, 4.5, 9, 6.5], "texture": "#texture"},
				"down": {"uv": [7, 4.5, 9, 6.5], "texture": "#texture"}
			}
		},
		{
			"from": [6.6875, 19.8125, 5.375],
			"to": [9.1875, 22.3125, 7.875],
			"rotation": {"angle": 22.5, "axis": "x", "origin": [6.6875, 22.3125, 5.375]},
			"faces": {
				"north": {"uv": [6.9375, 0, 9.0625, 3], "texture": "#texture"},
				"east": {"uv": [5.5, 0, 8, 3], "texture": "#texture"},
				"south": {"uv": [6.9375, 0, 9.0625, 3], "texture": "#texture"},
				"west": {"uv": [5.5, 0, 8, 3], "texture": "#texture"},
				"up": {"uv": [6.9375, 5.5, 9.0625, 8], "texture": "#texture"},
				"down": {"uv": [6.9375, 5.5, 9.0625, 8], "texture": "#texture"}
			}
		},
		{
			"from": [4.5, 20, 5.5],
			"to": [11.5, 21, 6.5],
			"faces": {
				"north": {"uv": [4.5, 0, 11.5, 1], "texture": "#texture"},
				"east": {"uv": [5.5, 0, 6.5, 1], "texture": "#texture"},
				"south": {"uv": [4.5, 0, 11.5, 1], "texture": "#texture"},
				"west": {"uv": [5.5, 0, 6.5, 1], "texture": "#texture"},
				"up": {"uv": [4.5, 5.5, 11.5, 6.5], "texture": "#texture"},
				"down": {"uv": [4.5, 5.5, 11.5, 6.5], "texture": "#texture"}
			}
		},
		{
			"from": [9.26961, 16.5625, 5.1875],
			"to": [11.2696, 17.5625, 6.1875],
			"rotation": {"angle": -45, "axis": "y", "origin": [9.26961, 16.5625, 5.1875]},
			"faces": {
				"north": {"uv": [5, 0, 7, 1], "texture": "#texture"},
				"east": {"uv": [9, 0, 10, 1], "texture": "#texture"},
				"south": {"uv": [9, 0, 11, 1], "texture": "#texture"},
				"west": {"uv": [6, 0, 7, 1], "texture": "#texture"},
				"up": {"uv": [9, 6, 11, 7], "texture": "#texture"},
				"down": {"uv": [7, 7, 5, 6], "texture": "#texture"}
			}
		},
		{
			"from": [9.6875, 14.5, 6.5625],
			"to": [10.6875, 15.5, 8.5625],
			"faces": {
				"north": {"uv": [5.3125, 0.5, 6.3125, 1.5], "texture": "#texture"},
				"east": {"uv": [7.4375, 0.5, 9.4375, 1.5], "texture": "#texture"},
				"south": {"uv": [9.6875, 0.5, 10.6875, 1.5], "texture": "#texture"},
				"west": {"uv": [6.5625, 0.5, 8.5625, 1.5], "texture": "#texture"},
				"up": {"uv": [9.6875, 6.5625, 10.6875, 8.5625], "texture": "#texture"},
				"down": {"uv": [6.3125, 8.5625, 5.3125, 6.5625], "texture": "#texture"}
			}
		},
		{
			"from": [8.5625, 14.5625, 9.22671],
			"to": [10.5625, 15.5625, 10.2267],
			"rotation": {"angle": 45, "axis": "y", "origin": [8.5625, 14.5625, 9.22671]},
			"faces": {
				"north": {"uv": [5.5, 0, 7.5, 1], "texture": "#texture"},
				"east": {"uv": [6.5, 0, 7.5, 1], "texture": "#texture"},
				"south": {"uv": [8.5, 0, 10.5, 1], "texture": "#texture"},
				"west": {"uv": [8.5, 0, 9.5, 1], "texture": "#texture"},
				"up": {"uv": [8.5, 8.5, 10.5, 9.5], "texture": "#texture"},
				"down": {"uv": [7.5, 9.5, 5.5, 8.5], "texture": "#texture"}
			}
		},
		{
			"from": [9.3125, 14.5625, 5.1875],
			"to": [11.3125, 15.5625, 6.1875],
			"rotation": {"angle": -45, "axis": "y", "origin": [9.3125, 14.5625, 5.1875]},
			"faces": {
				"north": {"uv": [5, 0, 7, 1], "texture": "#texture"},
				"east": {"uv": [9, 0, 10, 1], "texture": "#texture"},
				"south": {"uv": [9, 0, 11, 1], "texture": "#texture"},
				"west": {"uv": [6, 0, 7, 1], "texture": "#texture"},
				"up": {"uv": [9, 6, 11, 7], "texture": "#texture"},
				"down": {"uv": [7, 7, 5, 6], "texture": "#texture"}
			}
		},
		{
			"from": [9.6875, 18.5, 6.5625],
			"to": [10.6875, 19.5, 8.5625],
			"faces": {
				"north": {"uv": [5.3125, 0.5, 6.3125, 1.5], "texture": "#texture"},
				"east": {"uv": [7.4375, 0.5, 9.4375, 1.5], "texture": "#texture"},
				"south": {"uv": [9.6875, 0.5, 10.6875, 1.5], "texture": "#texture"},
				"west": {"uv": [6.5625, 0.5, 8.5625, 1.5], "texture": "#texture"},
				"up": {"uv": [9.6875, 6.5625, 10.6875, 8.5625], "texture": "#texture"},
				"down": {"uv": [6.3125, 8.5625, 5.3125, 6.5625], "texture": "#texture"}
			}
		},
		{
			"from": [8.5625, 18.5625, 9.22671],
			"to": [10.5625, 19.5625, 10.2267],
			"rotation": {"angle": 45, "axis": "y", "origin": [8.5625, 18.5625, 9.22671]},
			"faces": {
				"north": {"uv": [5.5, 0, 7.5, 1], "texture": "#texture"},
				"east": {"uv": [6.5, 0, 7.5, 1], "texture": "#texture"},
				"south": {"uv": [8.5, 0, 10.5, 1], "texture": "#texture"},
				"west": {"uv": [8.5, 0, 9.5, 1], "texture": "#texture"},
				"up": {"uv": [8.5, 8.5, 10.5, 9.5], "texture": "#texture"},
				"down": {"uv": [7.5, 9.5, 5.5, 8.5], "texture": "#texture"}
			}
		},
		{
			"from": [9.3125, 18.5625, 5.1875],
			"to": [11.3125, 19.5625, 6.1875],
			"rotation": {"angle": -45, "axis": "y", "origin": [9.3125, 18.5625, 5.1875]},
			"faces": {
				"north": {"uv": [5, 0, 7, 1], "texture": "#texture"},
				"east": {"uv": [9, 0, 10, 1], "texture": "#texture"},
				"south": {"uv": [9, 0, 11, 1], "texture": "#texture"},
				"west": {"uv": [6, 0, 7, 1], "texture": "#texture"},
				"up": {"uv": [9, 6, 11, 7], "texture": "#texture"},
				"down": {"uv": [7, 7, 5, 6], "texture": "#texture"}
			}
		},
		{
			"from": [9.6875, 16.5, 6.5625],
			"to": [10.6875, 17.5, 8.5625],
			"faces": {
				"north": {"uv": [5.3125, 0.5, 6.3125, 1.5], "texture": "#texture"},
				"east": {"uv": [7.4375, 0.5, 9.4375, 1.5], "texture": "#texture"},
				"south": {"uv": [9.6875, 0.5, 10.6875, 1.5], "texture": "#texture"},
				"west": {"uv": [6.5625, 0.5, 8.5625, 1.5], "texture": "#texture"},
				"up": {"uv": [9.6875, 6.5625, 10.6875, 8.5625], "texture": "#texture"},
				"down": {"uv": [6.3125, 8.5625, 5.3125, 6.5625], "texture": "#texture"}
			}
		},
		{
			"from": [8.5625, 16.5625, 9.22671],
			"to": [10.5625, 17.5625, 10.2267],
			"rotation": {"angle": 45, "axis": "y", "origin": [8.5625, 16.5625, 9.22671]},
			"faces": {
				"north": {"uv": [5.5, 0, 7.5, 1], "texture": "#texture"},
				"east": {"uv": [6.5, 0, 7.5, 1], "texture": "#texture"},
				"south": {"uv": [8.5, 0, 10.5, 1], "texture": "#texture"},
				"west": {"uv": [8.5, 0, 9.5, 1], "texture": "#texture"},
				"up": {"uv": [8.5, 8.5, 10.5, 9.5], "texture": "#texture"},
				"down": {"uv": [7.5, 9.5, 5.5, 8.5], "texture": "#texture"}
			}
		},
		{
			"from": [5.3125, 18.5625, 6.60171],
			"to": [7.3125, 19.5625, 7.60171],
			"rotation": {"angle": 45, "axis": "y", "origin": [5.3125, 18.5625, 6.60171]},
			"faces": {
				"north": {"uv": [9, 0, 11, 1], "texture": "#texture"},
				"east": {"uv": [9, 0, 10, 1], "texture": "#texture"},
				"south": {"uv": [5, 0, 7, 1], "texture": "#texture"},
				"west": {"uv": [6, 0, 7, 1], "texture": "#texture"},
				"up": {"uv": [5, 6, 7, 7], "texture": "#texture"},
				"down": {"uv": [11, 7, 9, 6], "texture": "#texture"}
			}
		},
		{
			"from": [5.3125, 18.5, 6.625],
			"to": [6.3125, 19.5, 8.625],
			"faces": {
				"north": {"uv": [5.3125, 0.5, 6.3125, 1.5], "texture": "#texture"},
				"east": {"uv": [7.375, 0.5, 9.375, 1.5], "texture": "#texture"},
				"south": {"uv": [5.3125, 0.5, 6.3125, 1.5], "texture": "#texture"},
				"west": {"uv": [6.625, 0.5, 8.625, 1.5], "texture": "#texture"},
				"up": {"uv": [5.3125, 6.625, 6.3125, 8.625], "texture": "#texture"},
				"down": {"uv": [10.6875, 8.625, 9.6875, 6.625], "texture": "#texture"}
			}
		},
		{
			"from": [5.3125, 18.5625, 8.58211],
			"to": [6.3125, 19.5625, 10.5821],
			"rotation": {"angle": 45, "axis": "y", "origin": [5.3125, 18.5625, 8.58211]},
			"faces": {
				"north": {"uv": [10, 0, 11, 1], "texture": "#texture"},
				"east": {"uv": [5, 0, 7, 1], "texture": "#texture"},
				"south": {"uv": [5, 0, 6, 1], "texture": "#texture"},
				"west": {"uv": [9, 0, 11, 1], "texture": "#texture"},
				"up": {"uv": [5, 9, 6, 11], "texture": "#texture"},
				"down": {"uv": [11, 11, 10, 9], "texture": "#texture"}
			}
		},
		{
			"from": [5.3125, 16.5625, 6.60171],
			"to": [7.3125, 17.5625, 7.60171],
			"rotation": {"angle": 45, "axis": "y", "origin": [5.3125, 16.5625, 6.60171]},
			"faces": {
				"north": {"uv": [9, 0, 11, 1], "texture": "#texture"},
				"east": {"uv": [9, 0, 10, 1], "texture": "#texture"},
				"south": {"uv": [5, 0, 7, 1], "texture": "#texture"},
				"west": {"uv": [6, 0, 7, 1], "texture": "#texture"},
				"up": {"uv": [5, 6, 7, 7], "texture": "#texture"},
				"down": {"uv": [11, 7, 9, 6], "texture": "#texture"}
			}
		},
		{
			"from": [5.3125, 16.5, 6.625],
			"to": [6.3125, 17.5, 8.625],
			"faces": {
				"north": {"uv": [5.3125, 0.5, 6.3125, 1.5], "texture": "#texture"},
				"east": {"uv": [7.375, 0.5, 9.375, 1.5], "texture": "#texture"},
				"south": {"uv": [5.3125, 0.5, 6.3125, 1.5], "texture": "#texture"},
				"west": {"uv": [6.625, 0.5, 8.625, 1.5], "texture": "#texture"},
				"up": {"uv": [5.3125, 6.625, 6.3125, 8.625], "texture": "#texture"},
				"down": {"uv": [10.6875, 8.625, 9.6875, 6.625], "texture": "#texture"}
			}
		},
		{
			"from": [5.3125, 16.5625, 8.58211],
			"to": [6.3125, 17.5625, 10.5821],
			"rotation": {"angle": 45, "axis": "y", "origin": [5.3125, 16.5625, 8.58211]},
			"faces": {
				"north": {"uv": [10, 0, 11, 1], "texture": "#texture"},
				"east": {"uv": [5, 0, 7, 1], "texture": "#texture"},
				"south": {"uv": [5, 0, 6, 1], "texture": "#texture"},
				"west": {"uv": [9, 0, 11, 1], "texture": "#texture"},
				"up": {"uv": [5, 9, 6, 11], "texture": "#texture"},
				"down": {"uv": [11, 11, 10, 9], "texture": "#texture"}
			}
		},
		{
			"from": [5.3125, 14.5625, 6.625],
			"to": [7.3125, 15.5625, 7.625],
			"rotation": {"angle": 45, "axis": "y", "origin": [5.3125, 14.5625, 6.625]},
			"faces": {
				"north": {"uv": [9, 0, 11, 1], "texture": "#texture"},
				"east": {"uv": [9, 0, 10, 1], "texture": "#texture"},
				"south": {"uv": [5, 0, 7, 1], "texture": "#texture"},
				"west": {"uv": [6, 0, 7, 1], "texture": "#texture"},
				"up": {"uv": [5, 6, 7, 7], "texture": "#texture"},
				"down": {"uv": [11, 7, 9, 6], "texture": "#texture"}
			}
		},
		{
			"from": [5.3125, 14.5, 6.625],
			"to": [6.3125, 15.5, 8.625],
			"faces": {
				"north": {"uv": [9.6875, 0.5, 10.6875, 1.5], "texture": "#texture"},
				"east": {"uv": [7.375, 0.5, 9.375, 1.5], "texture": "#texture"},
				"south": {"uv": [5.3125, 0.5, 6.3125, 1.5], "texture": "#texture"},
				"west": {"uv": [6.625, 0.5, 8.625, 1.5], "texture": "#texture"},
				"up": {"uv": [5.3125, 6.625, 6.3125, 8.625], "texture": "#texture"},
				"down": {"uv": [10.6875, 8.625, 9.6875, 6.625], "texture": "#texture"}
			}
		},
		{
			"from": [5.3125, 14.5625, 8.625],
			"to": [6.3125, 15.5625, 10.625],
			"rotation": {"angle": 45, "axis": "y", "origin": [5.3125, 14.5625, 8.625]},
			"faces": {
				"north": {"uv": [10, 0, 11, 1], "texture": "#texture"},
				"east": {"uv": [5, 0, 7, 1], "texture": "#texture"},
				"south": {"uv": [5, 0, 6, 1], "texture": "#texture"},
				"west": {"uv": [9, 0, 11, 1], "texture": "#texture"},
				"up": {"uv": [5, 9, 6, 11], "texture": "#texture"},
				"down": {"uv": [11, 11, 10, 9], "texture": "#texture"}
			}
		},
		{
			"from": [11.5, 15.5, 5],
			"to": [13.5, 21.5, 7],
			"faces": {
				"north": {"uv": [3, 0, 5, 6], "texture": "#texture"},
				"east": {"uv": [5, 0, 7, 6], "texture": "#texture"},
				"south": {"uv": [3, 0, 5, 6], "texture": "#texture"},
				"west": {"uv": [5, 0, 7, 6], "texture": "#texture"},
				"up": {"uv": [3, 5, 5, 7], "texture": "#texture"},
				"down": {"uv": [3, 5, 5, 7], "texture": "#texture"}
			}
		},
		{
			"from": [2.5, 15.5, 5],
			"to": [4.5, 21.5, 7],
			"faces": {
				"north": {"uv": [3, 0, 5, 6], "texture": "#texture"},
				"east": {"uv": [5, 0, 7, 6], "texture": "#texture"},
				"south": {"uv": [3, 0, 5, 6], "texture": "#texture"},
				"west": {"uv": [5, 0, 7, 6], "texture": "#texture"},
				"up": {"uv": [3, 5, 5, 7], "texture": "#texture"},
				"down": {"uv": [3, 5, 5, 7], "texture": "#texture"}
			}
		},
		{
			"from": [10, 20.3125, 4.0625],
			"to": [14, 21.8125, 7.0625],
			"rotation": {"angle": -22.5, "axis": "x", "origin": [10, 21.8125, 4.0625]},
			"faces": {
				"north": {"uv": [2.5, 0, 6.5, 1.5], "texture": "#32spruce"},
				"east": {"uv": [4.5, 0, 7.5, 1.5], "texture": "#32spruce"},
				"south": {"uv": [2.5, 0, 6.5, 1.5], "texture": "#32spruce"},
				"west": {"uv": [4.5, 0, 7.5, 1.5], "texture": "#32spruce"},
				"up": {"uv": [2.5, 4.5, 6.5, 7.5], "texture": "#32spruce"},
				"down": {"uv": [2.5, 4.5, 6.5, 7.5], "texture": "#32spruce"}
			}
		},
		{
			"from": [2, 20.3125, 4.0625],
			"to": [6, 21.8125, 7.0625],
			"rotation": {"angle": -22.5, "axis": "x", "origin": [2, 21.8125, 4.0625]},
			"faces": {
				"north": {"uv": [2.5, 0, 6.5, 1.5], "texture": "#32spruce"},
				"east": {"uv": [4.5, 0, 7.5, 1.5], "texture": "#32spruce"},
				"south": {"uv": [2.5, 0, 6.5, 1.5], "texture": "#32spruce"},
				"west": {"uv": [4.5, 0, 7.5, 1.5], "texture": "#32spruce"},
				"up": {"uv": [2.5, 4.5, 6.5, 7.5], "texture": "#32spruce"},
				"down": {"uv": [2.5, 4.5, 6.5, 7.5], "texture": "#32spruce"}
			}
		},
		{
			"from": [7.5, 21, 6],
			"to": [8.5, 23, 7],
			"faces": {
				"north": {"uv": [7.5, 0, 8.5, 2], "texture": "#texture"},
				"east": {"uv": [6, 0, 7, 2], "texture": "#texture"},
				"south": {"uv": [7.5, 0, 8.5, 2], "texture": "#texture"},
				"west": {"uv": [6, 0, 7, 2], "texture": "#texture"},
				"up": {"uv": [7.5, 6, 8.5, 7], "texture": "#texture"},
				"down": {"uv": [7.5, 6, 8.5, 7], "texture": "#texture"}
			}
		},
		{
			"from": [5.75, 23, 5],
			"to": [10.25, 27.5, 9.5],
			"faces": {
				"north": {"uv": [5.6875, 0, 10.1875, 4.5], "texture": "#texture"},
				"east": {"uv": [5, 0, 9.5, 4.5], "texture": "#texture"},
				"south": {"uv": [0, 0, 16, 16], "texture": "#skeleton"},
				"west": {"uv": [5, 0, 9.5, 4.5], "texture": "#texture"},
				"up": {"uv": [5.6875, 5, 10.1875, 9.5], "texture": "#texture"},
				"down": {"uv": [5.6875, 5, 10.1875, 9.5], "texture": "#texture"}
			}
		},
		{
			"from": [11.5625, 9.10962, 5],
			"to": [13.4375, 15.6096, 7],
			"rotation": {"angle": -22.5, "axis": "x", "origin": [11.5625, 15.6096, 5]},
			"faces": {
				"north": {"uv": [11.125, 0, 13, 6.5], "texture": "#texture"},
				"east": {"uv": [10, 0, 12, 6.5], "texture": "#texture"},
				"south": {"uv": [3, 0, 4.875, 6.5], "texture": "#texture"},
				"west": {"uv": [4, 0, 6, 6.5], "texture": "#texture"},
				"up": {"uv": [3, 4, 4.875, 6], "texture": "#texture"},
				"down": {"uv": [13, 6, 11.125, 4], "texture": "#texture"}
			}
		},
		{
			"from": [2.5625, 9.10962, 5],
			"to": [4.4375, 15.6096, 7],
			"rotation": {"angle": -22.5, "axis": "x", "origin": [2.5625, 15.6096, 5]},
			"faces": {
				"north": {"uv": [11.125, 0, 13, 6.5], "texture": "#texture"},
				"east": {"uv": [10, 0, 12, 6.5], "texture": "#texture"},
				"south": {"uv": [3, 0, 4.875, 6.5], "texture": "#texture"},
				"west": {"uv": [4, 0, 6, 6.5], "texture": "#texture"},
				"up": {"uv": [3, 4, 4.875, 6], "texture": "#texture"},
				"down": {"uv": [13, 6, 11.125, 4], "texture": "#texture"}
			}
		},
		{
			"from": [9.5, 22.5, 7],
			"to": [10.5, 24.5, 10],
			"faces": {
				"north": {"uv": [9.5, 0, 10.5, 2], "texture": "#skeletonmouth"},
				"east": {"uv": [7, 0, 10, 2], "texture": "#skeletonmouth"},
				"south": {"uv": [9.5, 0, 10.5, 2], "texture": "#skeletonmouth"},
				"west": {"uv": [7, 0, 10, 2], "texture": "#skeletonmouth"},
				"up": {"uv": [9.5, 7, 10.5, 10], "texture": "#skeletonmouth"},
				"down": {"uv": [9.5, 7, 10.5, 10], "texture": "#skeletonmouth"}
			}
		},
		{
			"from": [5.5, 22.5, 7],
			"to": [6.5, 24.5, 10],
			"faces": {
				"north": {"uv": [5.5, 0, 6.5, 2], "texture": "#skeletonmouth"},
				"east": {"uv": [7, 0, 10, 2], "texture": "#skeletonmouth"},
				"south": {"uv": [5.5, 0, 6.5, 2], "texture": "#skeletonmouth"},
				"west": {"uv": [7, 0, 10, 2], "texture": "#skeletonmouth"},
				"up": {"uv": [5.5, 7, 6.5, 10], "texture": "#skeletonmouth"},
				"down": {"uv": [5.5, 7, 6.5, 10], "texture": "#skeletonmouth"}
			}
		},
		{
			"from": [8.5, 22.5, 7],
			"to": [9.5, 24, 10],
			"faces": {
				"north": {"uv": [8.5, 0, 9.5, 1.5], "texture": "#skeletonmouth"},
				"east": {"uv": [7, 0, 10, 1.5], "texture": "#skeletonmouth"},
				"south": {"uv": [8.5, 0, 9.5, 1.5], "texture": "#skeletonmouth"},
				"west": {"uv": [7, 0, 10, 1.5], "texture": "#skeletonmouth"},
				"up": {"uv": [8.5, 7, 9.5, 10], "texture": "#skeletonmouth"},
				"down": {"uv": [8.5, 7, 9.5, 10], "texture": "#skeletonmouth"}
			}
		},
		{
			"from": [6.5, 22.5, 7],
			"to": [7.5, 24, 10],
			"faces": {
				"north": {"uv": [6.5, 0, 7.5, 1.5], "texture": "#skeletonmouth"},
				"east": {"uv": [7, 0, 10, 1.5], "texture": "#skeletonmouth"},
				"south": {"uv": [6.5, 0, 7.5, 1.5], "texture": "#skeletonmouth"},
				"west": {"uv": [7, 0, 10, 1.5], "texture": "#skeletonmouth"},
				"up": {"uv": [6.5, 7, 7.5, 10], "texture": "#skeletonmouth"},
				"down": {"uv": [6.5, 7, 7.5, 10], "texture": "#skeletonmouth"}
			}
		},
		{
			"from": [7.5, 22.5, 7],
			"to": [8.5, 24.5, 10],
			"faces": {
				"north": {"uv": [7.5, 0, 8.5, 2], "texture": "#skeletonmouth"},
				"east": {"uv": [7, 0, 10, 2], "texture": "#skeletonmouth"},
				"south": {"uv": [7.5, 0, 8.5, 2], "texture": "#skeletonmouth"},
				"west": {"uv": [7, 0, 10, 2], "texture": "#skeletonmouth"},
				"up": {"uv": [7.5, 7, 8.5, 10], "texture": "#skeletonmouth"},
				"down": {"uv": [7.5, 7, 8.5, 10], "texture": "#skeletonmouth"}
			}
		},
		{
			"from": [2.1875, 10, 5.5625],
			"to": [4.6875, 13.5, 8.0625],
			"rotation": {"angle": -22.5, "axis": "x", "origin": [2.1875, 13.5, 5.5625]},
			"faces": {
				"north": {"uv": [11.3125, 2.5, 13.8125, 6], "texture": "#32spruce"},
				"east": {"uv": [11, 2.5, 12, 6], "texture": "#32spruce"},
				"south": {"uv": [2.1875, 2.5, 4.6875, 6], "texture": "#32spruce"},
				"west": {"uv": [4, 2.5, 5, 6], "texture": "#32spruce"},
				"up": {"uv": [2.1875, 4, 4.6875, 5], "texture": "#32spruce"},
				"down": {"uv": [13.8125, 5, 11.3125, 4], "texture": "#32spruce"}
			}
		},
		{
			"from": [0.5, 10.6875, 5.625],
			"to": [2.5, 12.6875, 8.625],
			"rotation": {"angle": -22.5, "axis": "x", "origin": [0.5, 12.6875, 5.625]},
			"faces": {
				"north": {"uv": [0.5, 3.3125, 2.5, 5.3125], "texture": "#32spruce"},
				"east": {"uv": [5.625, 3.3125, 8.625, 5.3125], "texture": "#32spruce"},
				"south": {"uv": [0.5, 3.3125, 2.5, 5.3125], "texture": "#32spruce"},
				"west": {"uv": [5.625, 3.3125, 8.625, 5.3125], "texture": "#32spruce"},
				"up": {"uv": [0.5, 5.625, 2.5, 8.625], "texture": "#32spruce"},
				"down": {"uv": [0.5, 5.625, 2.5, 8.625], "texture": "#32spruce"}
			}
		},
		{
			"from": [0.6875, 10.125, 5.625],
			"to": [2.1875, 12.625, 7.125],
			"rotation": {"angle": 22.5, "axis": "x", "origin": [0.6875, 12.625, 5.625]},
			"faces": {
				"north": {"uv": [0.6875, 3.375, 2.1875, 5.875], "texture": "#32spruce"},
				"east": {"uv": [5.625, 3.375, 7.125, 5.875], "texture": "#32spruce"},
				"south": {"uv": [0.6875, 3.375, 2.1875, 5.875], "texture": "#32spruce"},
				"west": {"uv": [5.625, 3.375, 7.125, 5.875], "texture": "#32spruce"},
				"up": {"uv": [0.6875, 5.625, 2.1875, 7.125], "texture": "#32spruce"},
				"down": {"uv": [0.6875, 5.625, 2.1875, 7.125], "texture": "#32spruce"}
			}
		},
		{
			"from": [0.75, 11.0625, 9.3125],
			"to": [2.125, 12.5625, 11.8125],
			"rotation": {"angle": -45, "axis": "x", "origin": [0.75, 12.5625, 9.3125]},
			"faces": {
				"north": {"uv": [0.75, 3.4375, 2.125, 4.9375], "texture": "#32spruce"},
				"east": {"uv": [9.3125, 3.4375, 11.8125, 4.9375], "texture": "#32spruce"},
				"south": {"uv": [0.75, 3.4375, 2.125, 4.9375], "texture": "#32spruce"},
				"west": {"uv": [9.3125, 3.4375, 11.8125, 4.9375], "texture": "#32spruce"},
				"up": {"uv": [0.75, 9.3125, 2.125, 11.8125], "texture": "#32spruce"},
				"down": {"uv": [0.75, 9.3125, 2.125, 11.8125], "texture": "#32spruce"}
			}
		},
		{
			"from": [1, 11, 0.6875],
			"to": [2, 12, 4.1875],
			"rotation": {"angle": 22.5, "axis": "x", "origin": [1, 12, 0.6875]},
			"faces": {
				"north": {"uv": [1, 4, 2, 5], "texture": "#32spruce"},
				"east": {"uv": [0.6875, 4, 4.1875, 5], "texture": "#32spruce"},
				"south": {"uv": [1, 4, 2, 5], "texture": "#32spruce"},
				"west": {"uv": [0.6875, 4, 4.1875, 5], "texture": "#32spruce"},
				"up": {"uv": [1, 0.6875, 2, 4.1875], "texture": "#32spruce"},
				"down": {"uv": [1, 0.6875, 2, 4.1875], "texture": "#32spruce"}
			}
		},
		{
			"from": [0.6875, 12.3125, 8.5],
			"to": [2.1875, 13.8125, 11],
			"rotation": {"angle": 22.5, "axis": "x", "origin": [0.6875, 13.8125, 8.5]},
			"faces": {
				"north": {"uv": [0.6875, 2.5, 2.1875, 4], "texture": "#32spruce"},
				"east": {"uv": [8.5, 2.5, 11, 4], "texture": "#32spruce"},
				"south": {"uv": [0.6875, 2.5, 2.1875, 4], "texture": "#32spruce"},
				"west": {"uv": [8.5, 2.5, 11, 4], "texture": "#32spruce"},
				"up": {"uv": [0.6875, 8.5, 2.1875, 11], "texture": "#32spruce"},
				"down": {"uv": [0.6875, 8.5, 2.1875, 11], "texture": "#32spruce"}
			}
		},
		{
			"from": [0.75, 9.75, 3.5],
			"to": [2.125, 11.25, 6],
			"faces": {
				"north": {"uv": [0.75, 4.6875, 2.125, 6.1875], "texture": "#32spruce"},
				"east": {"uv": [2.4375, 4.6875, 4.9375, 6.1875], "texture": "#32spruce"},
				"south": {"uv": [0.75, 4.6875, 2.125, 6.1875], "texture": "#32spruce"},
				"west": {"uv": [2.4375, 4.6875, 4.9375, 6.1875], "texture": "#32spruce"},
				"up": {"uv": [0.75, 2.4375, 2.125, 4.9375], "texture": "#32spruce"},
				"down": {"uv": [0.75, 2.4375, 2.125, 4.9375], "texture": "#32spruce"}
			}
		},
		{
			"from": [1, 13.5, 12.5],
			"to": [2, 17, 13.5],
			"rotation": {"angle": 22.5, "axis": "x", "origin": [1, 17, 12.5]},
			"faces": {
				"north": {"uv": [1, 0, 2, 3.5], "texture": "#32spruce"},
				"east": {"uv": [12.5, 0, 13.5, 3.5], "texture": "#32spruce"},
				"south": {"uv": [1, 0, 2, 3.5], "texture": "#32spruce"},
				"west": {"uv": [12.5, 0, 13.5, 3.5], "texture": "#32spruce"},
				"up": {"uv": [1, 12.5, 2, 13.5], "texture": "#32spruce"},
				"down": {"uv": [1, 12.5, 2, 13.5], "texture": "#32spruce"}
			}
		},
		{
			"from": [1.25, 11.1875, 0.75],
			"to": [1.75, 11.6875, 13.75],
			"rotation": {"angle": -22.5, "axis": "x", "origin": [1.25, 11.6875, 0.75]},
			"faces": {
				"north": {"uv": [1.25, 4.3125, 1.75, 4.8125], "texture": "#black"},
				"east": {"uv": [0.75, 4.3125, 13.75, 4.8125], "texture": "#black"},
				"south": {"uv": [1.25, 4.3125, 1.75, 4.8125], "texture": "#black"},
				"west": {"uv": [0.75, 4.3125, 13.75, 4.8125], "texture": "#black"},
				"up": {"uv": [1.25, 0.75, 1.75, 13.75], "texture": "#black"},
				"down": {"uv": [1.25, 0.75, 1.75, 13.75], "texture": "#black"}
			}
		}
	],
	"display": {
		"head": {
			"rotation": [0, -180, 0],
			"translation": [0, -19.09, -3.21],
			"scale": [3, 3, 3]
		}
	}
}