{
	"credit": "Made with Blockbench",
	"textures": {
		"0": "blocks/mutant_snow_golem/mutant_snow_golem"
	},
	"elements": [
		{
			"name": "abdomen",
			"from": [5.4375, -0.3125, 2.0625],
			"to": [11.4375, 7.6875, 8.0625],
			"rotation": {"angle": 45, "axis": "x", "origin": [11.9375, 5.1875, 9.8125]},
			"faces": {
				"north": {"uv": [11.75, 6, 12.5, 8], "texture": "#0"},
				"east": {"uv": [11, 6, 11.75, 8], "texture": "#0"},
				"south": {"uv": [13.25, 6, 14, 8], "texture": "#0"},
				"west": {"uv": [12.5, 6, 13.25, 8], "texture": "#0"},
				"up": {"uv": [11.75, 4.5, 12.5, 6], "texture": "#0"},
				"down": {"uv": [12.5, 4.5, 13.25, 6], "texture": "#0"}
			}
		},
		{
			"name": "abdomen",
			"from": [4.5, -1.59651, 0.31834],
			"to": [10.5, 6.40349, 6.31834],
			"rotation": {"angle": -45, "axis": "y", "origin": [8.1875, 2.40349, 3.56834]},
			"faces": {
				"north": {"uv": [11.75, 9.5, 12.5, 11.5], "texture": "#0"},
				"east": {"uv": [11, 9.5, 11.75, 11.5], "texture": "#0"},
				"south": {"uv": [13.25, 9.5, 14, 11.5], "texture": "#0"},
				"west": {"uv": [12.5, 9.5, 13.25, 11.5], "texture": "#0"},
				"up": {"uv": [11.75, 8, 12.5, 9.5], "texture": "#0"},
				"down": {"uv": [12.5, 8, 13.25, 9.5], "texture": "#0"}
			}
		}
	],
	"display": {
		"head": {
			"rotation": [-180, -135, 0],
			"translation": [10.5, -0.25, -0.5],
			"scale": [2.15, 2.15, 2.15]
		}
	},
	"groups": [
		{
			"name": "group",
			"origin": [0, 0, 0],
			"color": 0,
			"children": [0, 1]
		}
	]
}