{
"__comment": "Designed by Itszender with BDcraft Cubik PRO 0.96 Beta - http://bdcraft.net",
"textures": {
    "texture": "blocks/wolffur",
    "darkwolffur": "blocks/darkwolffur",
    "wolfnonangry": "blocks/wolfnonangry"
},
"elements": [ 
{
    "from": [ 9.5, -1, 1 ],
    "to": [ 11.5, 3, 3.5 ],
    "rotation": { "origin": [ 9.5, 3, 1 ], "axis": "x", "angle": -22.5 },
    "faces": {
        "down":  { "uv": [ 13, 6.5, 10.5, 4 ], "texture": "#texture" },
        "up":    { "uv": [ 3, 4, 5.5, 6.5 ], "texture": "#texture" },
        "north": { "uv": [ 10.5, 12, 13, 16 ], "texture": "#texture" },
        "south": { "uv": [ 3, 12, 5.5, 16 ], "texture": "#texture" },
        "west":  { "uv": [ 4, 12, 6.5, 16 ], "texture": "#texture" },
        "east":  { "uv": [ 9.5, 12, 12, 16 ], "texture": "#texture" }
    }
},
{
    "from": [ 4.5, -0.956706, 1 ],
    "to": [ 6.5, 3.04329, 3.5 ],
    "rotation": { "origin": [ 4.5, 3.04329, 1 ], "axis": "x", "angle": -22.5 },
    "faces": {
        "down":  { "uv": [ 13, 6.5, 10.5, 4 ], "texture": "#texture" },
        "up":    { "uv": [ 3, 4, 5.5, 6.5 ], "texture": "#texture" },
        "north": { "uv": [ 10.5, 12, 13, 16 ], "texture": "#texture" },
        "south": { "uv": [ 3, 12, 5.5, 16 ], "texture": "#texture" },
        "west":  { "uv": [ 4, 12, 6.5, 16 ], "texture": "#texture" },
        "east":  { "uv": [ 9.5, 12, 12, 16 ], "texture": "#texture" }
    }
},
{
    "from": [ 9.25, 2.75, 2.25 ],
    "to": [ 11.75, 6.25, 5.25 ],
    "rotation": { "origin": [ 9.25, 6.25, 2.25 ], "axis": "x", "angle": 22.5 },
    "faces": {
        "down":  { "uv": [ 13, 6, 10, 3 ], "texture": "#texture" },
        "up":    { "uv": [ 3, 3, 6, 6 ], "texture": "#texture" },
        "north": { "uv": [ 10, 8.5, 13, 12 ], "texture": "#texture" },
        "south": { "uv": [ 3, 8.5, 6, 12 ], "texture": "#texture" },
        "west":  { "uv": [ 3, 8.5, 6, 12 ], "texture": "#texture" },
        "east":  { "uv": [ 10, 8.5, 13, 12 ], "texture": "#texture" }
    }
},
{
    "from": [ 4.25, 2.75, 2.25 ],
    "to": [ 6.75, 6.25, 5.25 ],
    "rotation": { "origin": [ 4.25, 6.25, 2.25 ], "axis": "x", "angle": 22.5 },
    "faces": {
        "down":  { "uv": [ 13, 6, 10, 3 ], "texture": "#texture" },
        "up":    { "uv": [ 3, 3, 6, 6 ], "texture": "#texture" },
        "north": { "uv": [ 10, 8.5, 13, 12 ], "texture": "#texture" },
        "south": { "uv": [ 3, 8.5, 6, 12 ], "texture": "#texture" },
        "west":  { "uv": [ 3, 8.5, 6, 12 ], "texture": "#texture" },
        "east":  { "uv": [ 10, 8.5, 13, 12 ], "texture": "#texture" }
    }
},
{
    "from": [ 4.5, 5.5, 4.5 ],
    "to": [ 11.5, 10.5, 10.5 ],
    "rotation": { "origin": [ 4.5, 10.5, 4.5 ], "axis": "x", "angle": 45 },
    "faces": {
        "down":  { "uv": [ 4.5, 4.5, 11.5, 10.5 ], "texture": "#texture" },
        "up":    { "uv": [ 4.5, 4.5, 11.5, 10.5 ], "texture": "#texture" },
        "north": { "uv": [ 4.5, 5.5, 11.5, 10.5 ], "texture": "#texture" },
        "south": { "uv": [ 4.5, 5.5, 11.5, 10.5 ], "texture": "#texture" },
        "west":  { "uv": [ 4.5, 5.5, 10.5, 10.5 ], "texture": "#texture" },
        "east":  { "uv": [ 4.5, 5.5, 10.5, 10.5 ], "texture": "#texture" }
    }
},
{
    "from": [ 5.1875, 3.5, 5.5 ],
    "to": [ 10.6875, 8, 14 ],
    "faces": {
        "down":  { "uv": [ 5, 5.5, 11, 14 ], "texture": "#texture" },
        "up":    { "uv": [ 5, 5.5, 11, 14 ], "texture": "#texture" },
        "north": { "uv": [ 5, 8, 11, 12.5 ], "texture": "#texture" },
        "south": { "uv": [ 5, 8, 11, 12.5 ], "texture": "#texture" },
        "west":  { "uv": [ 5.5, 8, 14, 12.5 ], "texture": "#texture" },
        "east":  { "uv": [ 5.5, 8, 14, 12.5 ], "texture": "#texture" }
    }
},
{
    "from": [ 9, 1.03177, 9 ],
    "to": [ 11.5, 5.03177, 13 ],
    "rotation": { "origin": [ 9, 5.03177, 9 ], "axis": "x", "angle": -22.5 },
    "faces": {
        "down":  { "uv": [ 12, 14.5, 10, 10.5 ], "texture": "#texture" },
        "up":    { "uv": [ 4, 10.5, 6, 14.5 ], "texture": "#texture" },
        "north": { "uv": [ 10, 10, 12, 14 ], "texture": "#texture" },
        "south": { "uv": [ 4, 10, 6, 14 ], "texture": "#texture" },
        "west":  { "uv": [ 10.5, 10, 14.5, 14 ], "texture": "#texture" },
        "east":  { "uv": [ 1.5, 10, 5.5, 14 ], "texture": "#texture" }
    }
},
{
    "from": [ 9.5, 1.5, 12.5 ],
    "to": [ 11, 4, 17.5 ],
    "rotation": { "origin": [ 9.5, 4, 12.5 ], "axis": "x", "angle": 22.5 },
    "faces": {
        "down":  { "uv": [ 4.5, 11, 6.5, 16 ], "texture": "#texture" },
        "up":    { "uv": [ 4.5, 11, 6.5, 16 ], "texture": "#texture" },
        "north": { "uv": [ 4.5, 12, 6.5, 14.5 ], "texture": "#texture" },
        "south": { "uv": [ 4.5, 12, 6.5, 14.5 ], "texture": "#texture" },
        "west":  { "uv": [ 11, 12, 16, 14.5 ], "texture": "#texture" },
        "east":  { "uv": [ 11, 12, 16, 14.5 ], "texture": "#texture" }
    }
},
{
    "from": [ 4.5, 1.03177, 9 ],
    "to": [ 7, 5.03177, 13 ],
    "rotation": { "origin": [ 4.5, 5.03177, 9 ], "axis": "x", "angle": -22.5 },
    "faces": {
        "down":  { "uv": [ 12, 14.5, 10, 10.5 ], "texture": "#texture" },
        "up":    { "uv": [ 4, 10.5, 6, 14.5 ], "texture": "#texture" },
        "north": { "uv": [ 10, 10, 12, 14 ], "texture": "#texture" },
        "south": { "uv": [ 4, 10, 6, 14 ], "texture": "#texture" },
        "west":  { "uv": [ 10.5, 10, 14.5, 14 ], "texture": "#texture" },
        "east":  { "uv": [ 1.5, 10, 5.5, 14 ], "texture": "#texture" }
    }
},
{
    "from": [ 5, 1.5, 12.5 ],
    "to": [ 6.5, 4, 17.5 ],
    "rotation": { "origin": [ 5, 4, 12.5 ], "axis": "x", "angle": 22.5 },
    "faces": {
        "down":  { "uv": [ 4.5, 11, 6.5, 16 ], "texture": "#texture" },
        "up":    { "uv": [ 4.5, 11, 6.5, 16 ], "texture": "#texture" },
        "north": { "uv": [ 4.5, 12, 6.5, 14.5 ], "texture": "#texture" },
        "south": { "uv": [ 4.5, 12, 6.5, 14.5 ], "texture": "#texture" },
        "west":  { "uv": [ 11, 12, 16, 14.5 ], "texture": "#texture" },
        "east":  { "uv": [ 11, 12, 16, 14.5 ], "texture": "#texture" }
    }
},
{
    "from": [ 6, 7, 0.5 ],
    "to": [ 10, 11, 4.5 ],
    "faces": {
        "down":  { "uv": [ 10, 4.5, 6, 0.5 ], "texture": "#texture" },
        "up":    { "uv": [ 6, 0.5, 10, 4.5 ], "texture": "#texture" },
        "north": { "uv": [ 3.5, 0, 10.5, 6 ], "texture": "#wolfnonangry" },
        "south": { "uv": [ 6, 5, 10, 9 ], "texture": "#texture" },
        "west":  { "uv": [ 0.5, 5, 4.5, 9 ], "texture": "#texture" },
        "east":  { "uv": [ 11.5, 5, 15.5, 9 ], "texture": "#texture" }
    }
},
{
    "from": [ 7, 7, -1.5 ],
    "to": [ 9, 9, 0.5 ],
    "faces": {
        "down":  { "uv": [ 7, 7, 10, 10 ], "texture": "#wolfnonangry" },
        "up":    { "uv": [ 4, 10, 7, 7 ], "texture": "#wolfnonangry" },
        "north": { "uv": [ 4, 10, 7, 13 ], "texture": "#wolfnonangry" },
        "south": { "uv": [ 7, 7, 9, 9 ], "texture": "#wolfnonangry" },
        "west":  { "uv": [ 7, 10, 10, 13 ], "texture": "#wolfnonangry" },
        "east":  { "uv": [ 1, 10, 4, 13 ], "texture": "#wolfnonangry" }
    }
},
{
    "from": [ 8.5, 11, 1.5 ],
    "to": [ 10, 12.5, 2.5 ],
    "faces": {
        "down":  { "uv": [ 6, 1.5, 7.5, 2.5 ], "texture": "#texture" },
        "up":    { "uv": [ 6, 1.5, 7.5, 2.5 ], "texture": "#texture" },
        "north": { "uv": [ 6, 3, 7.5, 5 ], "texture": "#texture" },
        "south": { "uv": [ 6, 3, 7.5, 5 ], "texture": "#texture" },
        "west":  { "uv": [ 1.5, 3, 2.5, 5 ], "texture": "#texture" },
        "east":  { "uv": [ 1.5, 3, 2.5, 5 ], "texture": "#texture" }
    }
},
{
    "from": [ 6, 11, 1.5 ],
    "to": [ 7.5, 12.5, 2.5 ],
    "faces": {
        "down":  { "uv": [ 6, 1.5, 7.5, 2.5 ], "texture": "#texture" },
        "up":    { "uv": [ 6, 1.5, 7.5, 2.5 ], "texture": "#texture" },
        "north": { "uv": [ 6, 3, 7.5, 5 ], "texture": "#texture" },
        "south": { "uv": [ 6, 3, 7.5, 5 ], "texture": "#texture" },
        "west":  { "uv": [ 1.5, 3, 2.5, 5 ], "texture": "#texture" },
        "east":  { "uv": [ 1.5, 3, 2.5, 5 ], "texture": "#texture" }
    }
},
{
    "from": [ 7, 5.5, 14 ],
    "to": [ 9, 7.5, 16 ],
    "faces": {
        "down":  { "uv": [ 7, 14, 9, 16 ], "texture": "#darkwolffur" },
        "up":    { "uv": [ 7, 14, 9, 16 ], "texture": "#darkwolffur" },
        "north": { "uv": [ 7, 8.5, 9, 10.5 ], "texture": "#darkwolffur" },
        "south": { "uv": [ 7, 8.5, 9, 10.5 ], "texture": "#darkwolffur" },
        "west":  { "uv": [ 14, 8.5, 16, 10.5 ], "texture": "#darkwolffur" },
        "east":  { "uv": [ 14, 8.5, 16, 10.5 ], "texture": "#darkwolffur" }
    }
},
{
    "from": [ 7.25, 5.5, 15 ],
    "to": [ 8.75, 7, 18 ],
    "rotation": { "origin": [ 7.25, 7, 15 ], "axis": "x", "angle": -22.5 },
    "faces": {
        "down":  { "uv": [ 7.5, 13, 9.5, 16 ], "texture": "#darkwolffur" },
        "up":    { "uv": [ 7.5, 13, 9.5, 16 ], "texture": "#darkwolffur" },
        "north": { "uv": [ 7.5, 7.5, 9.5, 9.5 ], "texture": "#darkwolffur" },
        "south": { "uv": [ 7.5, 7.5, 9.5, 9.5 ], "texture": "#darkwolffur" },
        "west":  { "uv": [ 13, 7.5, 16, 9.5 ], "texture": "#darkwolffur" },
        "east":  { "uv": [ 13, 7.5, 16, 9.5 ], "texture": "#darkwolffur" }
    }
},
{
    "from": [ 7.5, 6.6875, 17.5 ],
    "to": [ 8.5, 7.6875, 20.5 ],
    "rotation": { "origin": [ 7.5, 7.6875, 17.5 ], "axis": "x", "angle": -45 },
    "faces": {
        "down":  { "uv": [ 7.5, 13, 8.5, 16 ], "texture": "#darkwolffur" },
        "up":    { "uv": [ 7.5, 13, 8.5, 16 ], "texture": "#darkwolffur" },
        "north": { "uv": [ 7.5, 8.3125, 8.5, 9.3125 ], "texture": "#darkwolffur" },
        "south": { "uv": [ 7.5, 8.3125, 8.5, 9.3125 ], "texture": "#darkwolffur" },
        "west":  { "uv": [ 13, 8, 16, 9 ], "texture": "#darkwolffur" },
        "east":  { "uv": [ 13, 8, 16, 9 ], "texture": "#darkwolffur" }
    }
},
{
    "from": [ 7, 7.5, 6 ],
    "to": [ 9, 8.5, 14.5 ],
    "faces": {
        "down":  { "uv": [ 9, 14.5, 7, 6 ], "texture": "#darkwolffur" },
        "up":    { "uv": [ 7, 6, 9, 14.5 ], "texture": "#darkwolffur" },
        "north": { "uv": [ 7, 7.5, 9, 8.5 ], "texture": "#darkwolffur" },
        "south": { "uv": [ 7, 7.5, 9, 8.5 ], "texture": "#darkwolffur" },
        "west":  { "uv": [ 6, 7.5, 14.5, 8.5 ], "texture": "#darkwolffur" },
        "east":  { "uv": [ 1.5, 7.5, 10, 8.5 ], "texture": "#darkwolffur" }
    }
},
{
    "from": [ 6.9375, 6, 4 ],
    "to": [ 9.0625, 10, 5 ],
    "rotation": { "origin": [ 6.9375, 10, 4 ], "axis": "x", "angle": -45 },
    "faces": {
        "down":  { "uv": [ 6.9375, 4, 9.0625, 5 ], "texture": "#darkwolffur" },
        "up":    { "uv": [ 6.9375, 4, 9.0625, 5 ], "texture": "#darkwolffur" },
        "north": { "uv": [ 6.9375, 6, 9.0625, 10 ], "texture": "#darkwolffur" },
        "south": { "uv": [ 6.9375, 6, 9.0625, 10 ], "texture": "#darkwolffur" },
        "west":  { "uv": [ 4, 6, 5, 10 ], "texture": "#darkwolffur" },
        "east":  { "uv": [ 4, 6, 5, 10 ], "texture": "#darkwolffur" }
    }
},
{
    "from": [ 7, 10.5, 0 ],
    "to": [ 9, 11.5, 5 ],
    "faces": {
        "down":  { "uv": [ 9, 5, 7, 0 ], "texture": "#darkwolffur" },
        "up":    { "uv": [ 7, 0, 9, 5 ], "texture": "#darkwolffur" },
        "north": { "uv": [ 7, 4.5, 9, 5.5 ], "texture": "#darkwolffur" },
        "south": { "uv": [ 7, 4.5, 9, 5.5 ], "texture": "#darkwolffur" },
        "west":  { "uv": [ 0, 4.5, 5, 5.5 ], "texture": "#darkwolffur" },
        "east":  { "uv": [ 11, 4.5, 16, 5.5 ], "texture": "#darkwolffur" }
    }
}
],
"display": {
    "head": {
        "rotation": [ 0, 0, 0 ],
        "translation": [ 0, -30, 0 ],
        "scale": [ 4, 4, 4 ]
    }
}
}