{
    "parent": "item/generated",
    "textures": {
        "layer0": "item/cyan_dye"
    },

    "overrides":[

     {"predicate": {"custom_model_data":5164800}, "model":"item/misc/stardust"},
     {"predicate": {"custom_model_data":5164801}, "model":"item/misc/aureus_cell"},
     {"predicate": {"custom_model_data":5164802}, "model":"item/misc/astral_jelly"},
     {"predicate": {"custom_model_data":5164803}, "model":"item/misc/titan_heart"},
     {"predicate": {"custom_model_data":5164804}, "model":"item/misc/stellated_wax"},
     {"predicate": {"custom_model_data":5164805}, "model":"item/misc/starlight_cell"}

     ]

}
