{
	"credit": "Made with Blockbench",
	"texture_size": [64, 64],
	"textures": {
		"2": "desert_house",
		"particle": "desert_house"
	},
	"elements": [
		{
			"from": [5, 1, 9],
			"to": [6, 10, 10],
			"faces": {
				"north": {"uv": [2, 9, 2.25, 11.25], "texture": "#2"},
				"east": {"uv": [2.25, 9, 2.5, 11.25], "texture": "#2"},
				"south": {"uv": [2.5, 9, 2.75, 11.25], "texture": "#2"},
				"west": {"uv": [2.75, 9, 3, 11.25], "texture": "#2"},
				"up": {"uv": [9, 12.25, 8.75, 12], "texture": "#2"},
				"down": {"uv": [9.25, 12, 9, 12.25], "texture": "#2"}
			}
		},
		{
			"name": "floor",
			"from": [0, 0, 0],
			"to": [16, 1, 16],
			"rotation": {"angle": 0, "axis": "y", "origin": [0, 1, 0]},
			"faces": {
				"north": {"uv": [7.25, 0, 11.25, 0.25], "texture": "#2"},
				"east": {"uv": [7.25, 0.25, 11.25, 0.5], "texture": "#2"},
				"south": {"uv": [7.25, 0.5, 11.25, 0.75], "texture": "#2"},
				"west": {"uv": [7.25, 0.75, 11.25, 1], "texture": "#2"},
				"up": {"uv": [4, 4, 0, 0], "texture": "#2"},
				"down": {"uv": [4, 4, 0, 8], "texture": "#2"}
			}
		},
		{
			"from": [1, 1, 1],
			"to": [2, 5.5, 2],
			"faces": {
				"north": {"uv": [8, 4.75, 8.25, 6], "texture": "#2"},
				"east": {"uv": [1, 9.25, 1.25, 10.5], "texture": "#2"},
				"south": {"uv": [1.25, 9.25, 1.5, 10.5], "texture": "#2"},
				"west": {"uv": [9.75, 7.75, 10, 9], "texture": "#2"},
				"up": {"uv": [8.5, 7.25, 8.25, 7], "texture": "#2"},
				"down": {"uv": [10, 9, 9.75, 9.25], "texture": "#2"}
			}
		},
		{
			"from": [12, 1, 1],
			"to": [13, 4, 2],
			"faces": {
				"north": {"uv": [10.25, 1, 10.5, 1.75], "texture": "#2"},
				"east": {"uv": [7.5, 10.75, 7.75, 11.5], "texture": "#2"},
				"south": {"uv": [10.75, 8.75, 11, 9.5], "texture": "#2"},
				"west": {"uv": [10.75, 9.5, 11, 10.25], "texture": "#2"},
				"up": {"uv": [12, 8.75, 11.75, 8.5], "texture": "#2"},
				"down": {"uv": [12.25, 1.5, 12, 1.75], "texture": "#2"}
			}
		},
		{
			"from": [5, 1, 1],
			"to": [6, 5.5, 2],
			"faces": {
				"north": {"uv": [7.75, 10, 8, 11.25], "texture": "#2"},
				"east": {"uv": [10, 7.75, 10.25, 9], "texture": "#2"},
				"south": {"uv": [8, 10, 8.25, 11.25], "texture": "#2"},
				"west": {"uv": [8.25, 10, 8.5, 11.25], "texture": "#2"},
				"up": {"uv": [3, 12.25, 2.75, 12], "texture": "#2"},
				"down": {"uv": [3.25, 12, 3, 12.25], "texture": "#2"}
			}
		},
		{
			"from": [9, 1, 1],
			"to": [10, 5.5, 2],
			"faces": {
				"north": {"uv": [8.5, 10, 8.75, 11.25], "texture": "#2"},
				"east": {"uv": [8.75, 10, 9, 11.25], "texture": "#2"},
				"south": {"uv": [9, 10, 9.25, 11.25], "texture": "#2"},
				"west": {"uv": [10, 9, 10.25, 10.25], "texture": "#2"},
				"up": {"uv": [3.5, 12.25, 3.25, 12], "texture": "#2"},
				"down": {"uv": [4.25, 12, 4, 12.25], "texture": "#2"}
			}
		},
		{
			"from": [1, 1, 5],
			"to": [2, 5.5, 6],
			"faces": {
				"north": {"uv": [9.25, 10, 9.5, 11.25], "texture": "#2"},
				"east": {"uv": [9.5, 10, 9.75, 11.25], "texture": "#2"},
				"south": {"uv": [9.75, 10, 10, 11.25], "texture": "#2"},
				"west": {"uv": [3.5, 10.25, 3.75, 11.5], "texture": "#2"},
				"up": {"uv": [4.5, 12.25, 4.25, 12], "texture": "#2"},
				"down": {"uv": [4.75, 12, 4.5, 12.25], "texture": "#2"}
			}
		},
		{
			"from": [1, 1, 9],
			"to": [2, 5.5, 10],
			"faces": {
				"north": {"uv": [3.75, 10.25, 4, 11.5], "texture": "#2"},
				"east": {"uv": [10.25, 7.75, 10.5, 9], "texture": "#2"},
				"south": {"uv": [10.25, 9, 10.5, 10.25], "texture": "#2"},
				"west": {"uv": [10, 10.25, 10.25, 11.5], "texture": "#2"},
				"up": {"uv": [5, 12.25, 4.75, 12], "texture": "#2"},
				"down": {"uv": [5.25, 12, 5, 12.25], "texture": "#2"}
			}
		},
		{
			"from": [1, 1, 13],
			"to": [2, 5.5, 14],
			"faces": {
				"north": {"uv": [10.25, 10.25, 10.5, 11.5], "texture": "#2"},
				"east": {"uv": [1, 10.5, 1.25, 11.75], "texture": "#2"},
				"south": {"uv": [10.5, 1, 10.75, 2.25], "texture": "#2"},
				"west": {"uv": [1.25, 10.5, 1.5, 11.75], "texture": "#2"},
				"up": {"uv": [5.5, 12.25, 5.25, 12], "texture": "#2"},
				"down": {"uv": [5.75, 12, 5.5, 12.25], "texture": "#2"}
			}
		},
		{
			"from": [5, 1, 13],
			"to": [6, 10, 14],
			"faces": {
				"north": {"uv": [3.5, 8, 3.75, 10.25], "texture": "#2"},
				"east": {"uv": [3.75, 8, 4, 10.25], "texture": "#2"},
				"south": {"uv": [8.25, 4.75, 8.5, 7], "texture": "#2"},
				"west": {"uv": [4, 8.5, 4.25, 10.75], "texture": "#2"},
				"up": {"uv": [6, 12.25, 5.75, 12], "texture": "#2"},
				"down": {"uv": [6.25, 12, 6, 12.25], "texture": "#2"}
			}
		},
		{
			"from": [9, 1, 13],
			"to": [10, 10, 14],
			"faces": {
				"north": {"uv": [4.25, 8.5, 4.5, 10.75], "texture": "#2"},
				"east": {"uv": [4.5, 8.5, 4.75, 10.75], "texture": "#2"},
				"south": {"uv": [4.75, 8.5, 5, 10.75], "texture": "#2"},
				"west": {"uv": [8.5, 4.75, 8.75, 7], "texture": "#2"},
				"up": {"uv": [6.5, 12.25, 6.25, 12], "texture": "#2"},
				"down": {"uv": [6.75, 12, 6.5, 12.25], "texture": "#2"}
			}
		},
		{
			"from": [13, 1, 13],
			"to": [14, 10, 14],
			"faces": {
				"north": {"uv": [5, 8.5, 5.25, 10.75], "texture": "#2"},
				"east": {"uv": [5.25, 8.5, 5.5, 10.75], "texture": "#2"},
				"south": {"uv": [5.5, 8.5, 5.75, 10.75], "texture": "#2"},
				"west": {"uv": [5.75, 8.5, 6, 10.75], "texture": "#2"},
				"up": {"uv": [7, 12.25, 6.75, 12], "texture": "#2"},
				"down": {"uv": [7.25, 12, 7, 12.25], "texture": "#2"}
			}
		},
		{
			"from": [13, 1, 1],
			"to": [14, 5.5, 2],
			"faces": {
				"north": {"uv": [10.5, 4.75, 10.75, 6], "texture": "#2"},
				"east": {"uv": [10.5, 6, 10.75, 7.25], "texture": "#2"},
				"south": {"uv": [10.5, 7.25, 10.75, 8.5], "texture": "#2"},
				"west": {"uv": [10.5, 8.5, 10.75, 9.75], "texture": "#2"},
				"up": {"uv": [7.5, 12.25, 7.25, 12], "texture": "#2"},
				"down": {"uv": [12.25, 7.5, 12, 7.75], "texture": "#2"}
			}
		},
		{
			"from": [13, 1, 5],
			"to": [14, 10, 6],
			"faces": {
				"north": {"uv": [6, 8.5, 6.25, 10.75], "texture": "#2"},
				"east": {"uv": [6.25, 8.5, 6.5, 10.75], "texture": "#2"},
				"south": {"uv": [6.5, 8.5, 6.75, 10.75], "texture": "#2"},
				"west": {"uv": [6.75, 8.5, 7, 10.75], "texture": "#2"},
				"up": {"uv": [8, 12.25, 7.75, 12], "texture": "#2"},
				"down": {"uv": [12.25, 7.75, 12, 8], "texture": "#2"}
			}
		},
		{
			"from": [13, 1, 9],
			"to": [14, 10, 10],
			"faces": {
				"north": {"uv": [7, 8.5, 7.25, 10.75], "texture": "#2"},
				"east": {"uv": [8.5, 7, 8.75, 9.25], "texture": "#2"},
				"south": {"uv": [7.25, 8.5, 7.5, 10.75], "texture": "#2"},
				"west": {"uv": [7.5, 8.5, 7.75, 10.75], "texture": "#2"},
				"up": {"uv": [8.25, 12.25, 8, 12], "texture": "#2"},
				"down": {"uv": [12.25, 8, 12, 8.25], "texture": "#2"}
			}
		},
		{
			"from": [10, 1, 5],
			"to": [13, 4, 6],
			"rotation": {"angle": 0, "axis": "y", "origin": [11.5, 2.5, 5.5]},
			"faces": {
				"north": {"uv": [7.75, 8.5, 8.5, 9.25], "texture": "#2"},
				"east": {"uv": [10.75, 10.25, 11, 11], "texture": "#2"},
				"south": {"uv": [8.75, 1, 9.5, 1.75], "texture": "#2"},
				"west": {"uv": [11, 1, 11.25, 1.75], "texture": "#2"},
				"up": {"uv": [11.75, 2, 11, 1.75], "texture": "#2"},
				"down": {"uv": [11.75, 2, 11, 2.25], "texture": "#2"}
			}
		},
		{
			"from": [9, 1, 5],
			"to": [10, 10, 6],
			"faces": {
				"north": {"uv": [8.75, 4.75, 9, 7], "texture": "#2"},
				"east": {"uv": [8.75, 7, 9, 9.25], "texture": "#2"},
				"south": {"uv": [1.5, 9, 1.75, 11.25], "texture": "#2"},
				"west": {"uv": [1.75, 9, 2, 11.25], "texture": "#2"},
				"up": {"uv": [8.5, 12.25, 8.25, 12], "texture": "#2"},
				"down": {"uv": [12.25, 8.25, 12, 8.5], "texture": "#2"}
			}
		},
		{
			"from": [5, 1, 5],
			"to": [6, 4, 6],
			"faces": {
				"north": {"uv": [11, 3.25, 11.25, 4], "texture": "#2"},
				"east": {"uv": [11, 4, 11.25, 4.75], "texture": "#2"},
				"south": {"uv": [11, 4.75, 11.25, 5.5], "texture": "#2"},
				"west": {"uv": [11, 5.5, 11.25, 6.25], "texture": "#2"},
				"up": {"uv": [8.75, 12.25, 8.5, 12], "texture": "#2"},
				"down": {"uv": [12.25, 8.5, 12, 8.75], "texture": "#2"}
			}
		},
		{
			"from": [10, 1, 13],
			"to": [13, 4, 14],
			"faces": {
				"north": {"uv": [9, 4.75, 9.75, 5.5], "texture": "#2"},
				"east": {"uv": [11, 6.25, 11.25, 7], "texture": "#2"},
				"south": {"uv": [9, 5.5, 9.75, 6.25], "texture": "#2"},
				"west": {"uv": [11, 7, 11.25, 7.75], "texture": "#2"},
				"up": {"uv": [11.75, 8, 11, 7.75], "texture": "#2"},
				"down": {"uv": [11.75, 8, 11, 8.25], "texture": "#2"}
			}
		},
		{
			"from": [6, 1, 13],
			"to": [9, 4, 14],
			"faces": {
				"north": {"uv": [9, 6.25, 9.75, 7], "texture": "#2"},
				"east": {"uv": [11, 8.75, 11.25, 9.5], "texture": "#2"},
				"south": {"uv": [9, 7, 9.75, 7.75], "texture": "#2"},
				"west": {"uv": [11, 9.5, 11.25, 10.25], "texture": "#2"},
				"up": {"uv": [11.75, 10.5, 11, 10.25], "texture": "#2"},
				"down": {"uv": [11.25, 11, 10.5, 11.25], "texture": "#2"}
			}
		},
		{
			"from": [6, 1, 5],
			"to": [9, 4, 6],
			"faces": {
				"north": {"uv": [9, 7.75, 9.75, 8.5], "texture": "#2"},
				"east": {"uv": [11.25, 0, 11.5, 0.75], "texture": "#2"},
				"south": {"uv": [9, 8.5, 9.75, 9.25], "texture": "#2"},
				"west": {"uv": [11.25, 0.75, 11.5, 1.5], "texture": "#2"},
				"up": {"uv": [11.75, 10.75, 11, 10.5], "texture": "#2"},
				"down": {"uv": [11.75, 10.75, 11, 11], "texture": "#2"}
			}
		},
		{
			"from": [9, 1, 9],
			"to": [10, 10, 10],
			"faces": {
				"north": {"uv": [0, 9.25, 0.25, 11.5], "texture": "#2"},
				"east": {"uv": [0.25, 9.25, 0.5, 11.5], "texture": "#2"},
				"south": {"uv": [0.5, 9.25, 0.75, 11.5], "texture": "#2"},
				"west": {"uv": [0.75, 9.25, 1, 11.5], "texture": "#2"},
				"up": {"uv": [9.5, 12.25, 9.25, 12], "texture": "#2"},
				"down": {"uv": [9.75, 12, 9.5, 12.25], "texture": "#2"}
			}
		},
		{
			"from": [13, 1, 4],
			"to": [14, 4, 5],
			"rotation": {"angle": 0, "axis": "y", "origin": [11.5, 2.5, 5.5]},
			"faces": {
				"north": {"uv": [1.5, 11.25, 1.75, 12], "texture": "#2"},
				"east": {"uv": [1.75, 11.25, 2, 12], "texture": "#2"},
				"south": {"uv": [2, 11.25, 2.25, 12], "texture": "#2"},
				"west": {"uv": [2.25, 11.25, 2.5, 12], "texture": "#2"},
				"up": {"uv": [10, 12.25, 9.75, 12], "texture": "#2"},
				"down": {"uv": [12.25, 10.25, 12, 10.5], "texture": "#2"}
			}
		},
		{
			"from": [13, 1, 6],
			"to": [14, 4, 9],
			"rotation": {"angle": 0, "axis": "y", "origin": [11.5, 2.5, 5.5]},
			"faces": {
				"north": {"uv": [11.25, 2.25, 11.5, 3], "texture": "#2"},
				"east": {"uv": [7.75, 9.25, 8.5, 10], "texture": "#2"},
				"south": {"uv": [2.5, 11.25, 2.75, 12], "texture": "#2"},
				"west": {"uv": [8.5, 9.25, 9.25, 10], "texture": "#2"},
				"up": {"uv": [3, 12, 2.75, 11.25], "texture": "#2"},
				"down": {"uv": [11.5, 3, 11.25, 3.75], "texture": "#2"}
			}
		},
		{
			"from": [13, 1, 10],
			"to": [14, 4, 13],
			"rotation": {"angle": 0, "axis": "y", "origin": [11.5, 2.5, 5.5]},
			"faces": {
				"north": {"uv": [11.25, 3.75, 11.5, 4.5], "texture": "#2"},
				"east": {"uv": [9.25, 9.25, 10, 10], "texture": "#2"},
				"south": {"uv": [11.25, 4.5, 11.5, 5.25], "texture": "#2"},
				"west": {"uv": [9.5, 1, 10.25, 1.75], "texture": "#2"},
				"up": {"uv": [11.5, 6, 11.25, 5.25], "texture": "#2"},
				"down": {"uv": [11.5, 6, 11.25, 6.75], "texture": "#2"}
			}
		},
		{
			"from": [5, 1, 10],
			"to": [6, 4, 13],
			"rotation": {"angle": 0, "axis": "y", "origin": [11.5, 2.5, 5.5]},
			"faces": {
				"north": {"uv": [11.25, 6.75, 11.5, 7.5], "texture": "#2"},
				"east": {"uv": [9.75, 4.75, 10.5, 5.5], "texture": "#2"},
				"south": {"uv": [7.75, 11.25, 8, 12], "texture": "#2"},
				"west": {"uv": [9.75, 5.5, 10.5, 6.25], "texture": "#2"},
				"up": {"uv": [8.25, 12, 8, 11.25], "texture": "#2"},
				"down": {"uv": [8.5, 11.25, 8.25, 12], "texture": "#2"}
			}
		},
		{
			"from": [5, 1, 6],
			"to": [6, 4, 9],
			"rotation": {"angle": 0, "axis": "y", "origin": [11.5, 2.5, 5.5]},
			"faces": {
				"north": {"uv": [8.5, 11.25, 8.75, 12], "texture": "#2"},
				"east": {"uv": [9.75, 6.25, 10.5, 7], "texture": "#2"},
				"south": {"uv": [8.75, 11.25, 9, 12], "texture": "#2"},
				"west": {"uv": [9.75, 7, 10.5, 7.75], "texture": "#2"},
				"up": {"uv": [11.5, 9.5, 11.25, 8.75], "texture": "#2"},
				"down": {"uv": [9.25, 11.25, 9, 12], "texture": "#2"}
			}
		},
		{
			"from": [1, 4, 1],
			"to": [14, 4.5, 14],
			"faces": {
				"north": {"uv": [8, 2.25, 11.25, 2.5], "texture": "#2"},
				"east": {"uv": [8, 2.5, 11.25, 2.75], "texture": "#2"},
				"south": {"uv": [8, 2.75, 11.25, 3], "texture": "#2"},
				"west": {"uv": [8, 3, 11.25, 3.25], "texture": "#2"},
				"up": {"uv": [7.25, 3.25, 4, 0], "texture": "#2"},
				"down": {"uv": [7.25, 3.25, 4, 6.5], "texture": "#2"}
			}
		},
		{
			"from": [10, 1, 1],
			"to": [11, 4, 2],
			"faces": {
				"north": {"uv": [9.25, 11.25, 9.5, 12], "texture": "#2"},
				"east": {"uv": [9.5, 11.25, 9.75, 12], "texture": "#2"},
				"south": {"uv": [11.25, 9.5, 11.5, 10.25], "texture": "#2"},
				"west": {"uv": [9.75, 11.25, 10, 12], "texture": "#2"},
				"up": {"uv": [10.75, 12.25, 10.5, 12], "texture": "#2"},
				"down": {"uv": [12.25, 10.5, 12, 10.75], "texture": "#2"}
			}
		},
		{
			"from": [11, 1, 1],
			"to": [12, 2, 2],
			"faces": {
				"north": {"uv": [10.75, 12, 11, 12.25], "texture": "#2"},
				"east": {"uv": [12, 10.75, 12.25, 11], "texture": "#2"},
				"south": {"uv": [11, 12, 11.25, 12.25], "texture": "#2"},
				"west": {"uv": [12, 11.75, 12.25, 12], "texture": "#2"},
				"up": {"uv": [12.25, 12.25, 12, 12], "texture": "#2"},
				"down": {"uv": [0.25, 12.25, 0, 12.5], "texture": "#2"}
			}
		},
		{
			"from": [11, 3, 1],
			"to": [12, 4, 2],
			"faces": {
				"north": {"uv": [12.25, 0.75, 12.5, 1], "texture": "#2"},
				"east": {"uv": [12.25, 1, 12.5, 1.25], "texture": "#2"},
				"south": {"uv": [12.25, 1.25, 12.5, 1.5], "texture": "#2"},
				"west": {"uv": [12.25, 1.5, 12.5, 1.75], "texture": "#2"},
				"up": {"uv": [12.5, 2.5, 12.25, 2.25], "texture": "#2"},
				"down": {"uv": [12.5, 2.5, 12.25, 2.75], "texture": "#2"}
			}
		},
		{
			"from": [11.25, 2, 1.25],
			"to": [11.75, 3, 1.75],
			"faces": {
				"north": {"uv": [2.75, 12.25, 3, 12.5], "texture": "#2"},
				"east": {"uv": [12.25, 2.75, 12.5, 3], "texture": "#2"},
				"south": {"uv": [3, 12.25, 3.25, 12.5], "texture": "#2"},
				"west": {"uv": [12.25, 3, 12.5, 3.25], "texture": "#2"},
				"up": {"uv": [3.5, 12.5, 3.25, 12.25], "texture": "#2"},
				"down": {"uv": [3.75, 12.25, 3.5, 12.5], "texture": "#2"}
			}
		},
		{
			"from": [11, 2.1875, 1.375],
			"to": [12, 2.4375, 1.625],
			"rotation": {"angle": 0, "axis": "y", "origin": [11.5, 2.5, 1.5]},
			"faces": {
				"north": {"uv": [3.75, 12.25, 4, 12.5], "texture": "#2"},
				"east": {"uv": [4, 12.25, 4.25, 12.5], "texture": "#2"},
				"south": {"uv": [12.25, 4, 12.5, 4.25], "texture": "#2"},
				"west": {"uv": [4.25, 12.25, 4.5, 12.5], "texture": "#2"},
				"up": {"uv": [12.5, 4.5, 12.25, 4.25], "texture": "#2"},
				"down": {"uv": [4.75, 12.25, 4.5, 12.5], "texture": "#2"}
			}
		},
		{
			"from": [11, 2.5625, 1.375],
			"to": [12, 2.8125, 1.625],
			"rotation": {"angle": 0, "axis": "y", "origin": [11.5, 2.5, 1.5]},
			"faces": {
				"north": {"uv": [12.25, 4.5, 12.5, 4.75], "texture": "#2"},
				"east": {"uv": [4.75, 12.25, 5, 12.5], "texture": "#2"},
				"south": {"uv": [12.25, 4.75, 12.5, 5], "texture": "#2"},
				"west": {"uv": [5, 12.25, 5.25, 12.5], "texture": "#2"},
				"up": {"uv": [12.5, 5.25, 12.25, 5], "texture": "#2"},
				"down": {"uv": [5.5, 12.25, 5.25, 12.5], "texture": "#2"}
			}
		},
		{
			"from": [13, 4.5, 6],
			"to": [14, 9, 9],
			"rotation": {"angle": 0, "axis": "y", "origin": [11.5, 2.5, 5.5]},
			"faces": {
				"north": {"uv": [10.5, 9.75, 10.75, 11], "texture": "#2"},
				"east": {"uv": [7.25, 1, 8, 2.25], "texture": "#2"},
				"south": {"uv": [10.75, 1, 11, 2.25], "texture": "#2"},
				"west": {"uv": [7.25, 2.25, 8, 3.5], "texture": "#2"},
				"up": {"uv": [10.75, 12, 10.5, 11.25], "texture": "#2"},
				"down": {"uv": [11, 11.25, 10.75, 12], "texture": "#2"}
			}
		},
		{
			"from": [13, 4.5, 10],
			"to": [14, 9, 13],
			"rotation": {"angle": 0, "axis": "y", "origin": [11.5, 2.5, 5.5]},
			"faces": {
				"north": {"uv": [3, 10.75, 3.25, 12], "texture": "#2"},
				"east": {"uv": [7.25, 3.5, 8, 4.75], "texture": "#2"},
				"south": {"uv": [3.25, 10.75, 3.5, 12], "texture": "#2"},
				"west": {"uv": [4, 7.25, 4.75, 8.5], "texture": "#2"},
				"up": {"uv": [11.25, 12, 11, 11.25], "texture": "#2"},
				"down": {"uv": [11.5, 11, 11.25, 11.75], "texture": "#2"}
			}
		},
		{
			"from": [5, 4.5, 10],
			"to": [6, 9, 13],
			"rotation": {"angle": 0, "axis": "y", "origin": [11.5, 2.5, 5.5]},
			"faces": {
				"north": {"uv": [10.75, 3.25, 11, 4.5], "texture": "#2"},
				"east": {"uv": [4.75, 7.25, 5.5, 8.5], "texture": "#2"},
				"south": {"uv": [4, 10.75, 4.25, 12], "texture": "#2"},
				"west": {"uv": [7.25, 4.75, 8, 6], "texture": "#2"},
				"up": {"uv": [0.25, 12.25, 0, 11.5], "texture": "#2"},
				"down": {"uv": [11.75, 0, 11.5, 0.75], "texture": "#2"}
			}
		},
		{
			"from": [6, 4.5, 13],
			"to": [9, 9, 14],
			"rotation": {"angle": 0, "axis": "y", "origin": [5.5, 6.75, 11.5]},
			"faces": {
				"north": {"uv": [5.5, 7.25, 6.25, 8.5], "texture": "#2"},
				"east": {"uv": [4.25, 10.75, 4.5, 12], "texture": "#2"},
				"south": {"uv": [6.25, 7.25, 7, 8.5], "texture": "#2"},
				"west": {"uv": [4.5, 10.75, 4.75, 12], "texture": "#2"},
				"up": {"uv": [12, 1.75, 11.25, 1.5], "texture": "#2"},
				"down": {"uv": [12, 7.5, 11.25, 7.75], "texture": "#2"}
			}
		},
		{
			"from": [10, 4.5, 13],
			"to": [13, 9, 14],
			"rotation": {"angle": 0, "axis": "y", "origin": [5.5, 6.75, 11.5]},
			"faces": {
				"north": {"uv": [7, 7.25, 7.75, 8.5], "texture": "#2"},
				"east": {"uv": [10.75, 4.5, 11, 5.75], "texture": "#2"},
				"south": {"uv": [7.5, 6, 8.25, 7.25], "texture": "#2"},
				"west": {"uv": [4.75, 10.75, 5, 12], "texture": "#2"},
				"up": {"uv": [1, 11.75, 0.25, 11.5], "texture": "#2"},
				"down": {"uv": [12.25, 0.75, 11.5, 1], "texture": "#2"}
			}
		},
		{
			"from": [10, 4.5, 5],
			"to": [13, 9, 6],
			"rotation": {"angle": 0, "axis": "y", "origin": [5.5, 6.75, 11.5]},
			"faces": {
				"north": {"uv": [7.75, 7.25, 8.5, 8.5], "texture": "#2"},
				"east": {"uv": [5, 10.75, 5.25, 12], "texture": "#2"},
				"south": {"uv": [0, 8, 0.75, 9.25], "texture": "#2"},
				"west": {"uv": [5.25, 10.75, 5.5, 12], "texture": "#2"},
				"up": {"uv": [12.25, 1.25, 11.5, 1], "texture": "#2"},
				"down": {"uv": [12.25, 1.25, 11.5, 1.5], "texture": "#2"}
			}
		},
		{
			"from": [6, 4.5, 9],
			"to": [9, 9, 10],
			"rotation": {"angle": 0, "axis": "y", "origin": [5.5, 6.75, 11.5]},
			"faces": {
				"north": {"uv": [0.75, 8, 1.5, 9.25], "texture": "#2"},
				"east": {"uv": [5.5, 10.75, 5.75, 12], "texture": "#2"},
				"south": {"uv": [8, 1, 8.75, 2.25], "texture": "#2"},
				"west": {"uv": [5.75, 10.75, 6, 12], "texture": "#2"},
				"up": {"uv": [12.25, 2.5, 11.5, 2.25], "texture": "#2"},
				"down": {"uv": [12.25, 2.5, 11.5, 2.75], "texture": "#2"}
			}
		},
		{
			"from": [9, 4.5, 6],
			"to": [10, 9, 7],
			"rotation": {"angle": 0, "axis": "y", "origin": [11.5, 2.5, 5.5]},
			"faces": {
				"north": {"uv": [10.75, 5.75, 11, 7], "texture": "#2"},
				"east": {"uv": [6, 10.75, 6.25, 12], "texture": "#2"},
				"south": {"uv": [6.25, 10.75, 6.5, 12], "texture": "#2"},
				"west": {"uv": [6.5, 10.75, 6.75, 12], "texture": "#2"},
				"up": {"uv": [12.5, 5.5, 12.25, 5.25], "texture": "#2"},
				"down": {"uv": [5.75, 12.25, 5.5, 12.5], "texture": "#2"}
			}
		},
		{
			"from": [1, 5, 2],
			"to": [2, 5.5, 13],
			"faces": {
				"north": {"uv": [12.25, 5.5, 12.5, 5.75], "texture": "#2"},
				"east": {"uv": [8, 3.25, 10.75, 3.5], "texture": "#2"},
				"south": {"uv": [5.75, 12.25, 6, 12.5], "texture": "#2"},
				"west": {"uv": [8, 3.5, 10.75, 3.75], "texture": "#2"},
				"up": {"uv": [3.25, 10.75, 3, 8], "texture": "#2"},
				"down": {"uv": [3.5, 8, 3.25, 10.75], "texture": "#2"}
			}
		},
		{
			"from": [2, 5, 1],
			"to": [13, 5.5, 2],
			"rotation": {"angle": 0, "axis": "y", "origin": [2.5, 5.25, 7.5]},
			"faces": {
				"north": {"uv": [8, 3.75, 10.75, 4], "texture": "#2"},
				"east": {"uv": [12.25, 5.75, 12.5, 6], "texture": "#2"},
				"south": {"uv": [8, 4, 10.75, 4.25], "texture": "#2"},
				"west": {"uv": [6, 12.25, 6.25, 12.5], "texture": "#2"},
				"up": {"uv": [10.75, 4.5, 8, 4.25], "texture": "#2"},
				"down": {"uv": [10.75, 4.5, 8, 4.75], "texture": "#2"}
			}
		},
		{
			"from": [13, 5, 2],
			"to": [14, 5.5, 5],
			"faces": {
				"north": {"uv": [12.25, 6, 12.5, 6.25], "texture": "#2"},
				"east": {"uv": [11.5, 2.75, 12.25, 3], "texture": "#2"},
				"south": {"uv": [6.25, 12.25, 6.5, 12.5], "texture": "#2"},
				"west": {"uv": [11.5, 3, 12.25, 3.25], "texture": "#2"},
				"up": {"uv": [11.75, 4, 11.5, 3.25], "texture": "#2"},
				"down": {"uv": [3.75, 11.5, 3.5, 12.25], "texture": "#2"}
			}
		},
		{
			"from": [2, 5, 13],
			"to": [5, 5.5, 14],
			"rotation": {"angle": 0, "axis": "y", "origin": [2.5, 5.25, 7.5]},
			"faces": {
				"north": {"uv": [11.5, 4, 12.25, 4.25], "texture": "#2"},
				"east": {"uv": [12.25, 6.25, 12.5, 6.5], "texture": "#2"},
				"south": {"uv": [11.5, 4.25, 12.25, 4.5], "texture": "#2"},
				"west": {"uv": [6.5, 12.25, 6.75, 12.5], "texture": "#2"},
				"up": {"uv": [12.25, 4.75, 11.5, 4.5], "texture": "#2"},
				"down": {"uv": [12.25, 4.75, 11.5, 5], "texture": "#2"}
			}
		},
		{
			"from": [6, 8, 10],
			"to": [13, 9, 13],
			"faces": {
				"north": {"uv": [8.75, 1.75, 10.5, 2], "texture": "#2"},
				"east": {"uv": [11.5, 5, 12.25, 5.25], "texture": "#2"},
				"south": {"uv": [8.75, 2, 10.5, 2.25], "texture": "#2"},
				"west": {"uv": [11.5, 5.25, 12.25, 5.5], "texture": "#2"},
				"up": {"uv": [5.75, 7.25, 4, 6.5], "texture": "#2"},
				"down": {"uv": [7.5, 6.5, 5.75, 7.25], "texture": "#2"}
			}
		},
		{
			"from": [10, 8, 6],
			"to": [13, 9, 10],
			"faces": {
				"north": {"uv": [11.5, 5.5, 12.25, 5.75], "texture": "#2"},
				"east": {"uv": [10.75, 8.25, 11.75, 8.5], "texture": "#2"},
				"south": {"uv": [11.5, 5.75, 12.25, 6], "texture": "#2"},
				"west": {"uv": [10.75, 8.5, 11.75, 8.75], "texture": "#2"},
				"up": {"uv": [2.25, 9, 1.5, 8], "texture": "#2"},
				"down": {"uv": [3, 8, 2.25, 9], "texture": "#2"}
			}
		},
		{
			"from": [10, 9.5, 5],
			"to": [13, 10, 6],
			"rotation": {"angle": 0, "axis": "y", "origin": [2.5, 5.25, 7.5]},
			"faces": {
				"north": {"uv": [11.5, 6, 12.25, 6.25], "texture": "#2"},
				"east": {"uv": [12.25, 6.5, 12.5, 6.75], "texture": "#2"},
				"south": {"uv": [11.5, 6.25, 12.25, 6.5], "texture": "#2"},
				"west": {"uv": [6.75, 12.25, 7, 12.5], "texture": "#2"},
				"up": {"uv": [12.25, 6.75, 11.5, 6.5], "texture": "#2"},
				"down": {"uv": [12.25, 6.75, 11.5, 7], "texture": "#2"}
			}
		},
		{
			"from": [10, 9.5, 13],
			"to": [13, 10, 14],
			"rotation": {"angle": 0, "axis": "y", "origin": [2.5, 5.25, 7.5]},
			"faces": {
				"north": {"uv": [11.5, 7, 12.25, 7.25], "texture": "#2"},
				"east": {"uv": [12.25, 6.75, 12.5, 7], "texture": "#2"},
				"south": {"uv": [11.5, 7.25, 12.25, 7.5], "texture": "#2"},
				"west": {"uv": [7, 12.25, 7.25, 12.5], "texture": "#2"},
				"up": {"uv": [12.25, 9, 11.5, 8.75], "texture": "#2"},
				"down": {"uv": [12.25, 9, 11.5, 9.25], "texture": "#2"}
			}
		},
		{
			"from": [6, 9.5, 13],
			"to": [9, 10, 14],
			"rotation": {"angle": 0, "axis": "y", "origin": [2.5, 5.25, 7.5]},
			"faces": {
				"north": {"uv": [11.5, 9.25, 12.25, 9.5], "texture": "#2"},
				"east": {"uv": [12.25, 7, 12.5, 7.25], "texture": "#2"},
				"south": {"uv": [11.5, 9.5, 12.25, 9.75], "texture": "#2"},
				"west": {"uv": [7.25, 12.25, 7.5, 12.5], "texture": "#2"},
				"up": {"uv": [12.25, 10, 11.5, 9.75], "texture": "#2"},
				"down": {"uv": [12.25, 10, 11.5, 10.25], "texture": "#2"}
			}
		},
		{
			"from": [6, 9.5, 9],
			"to": [9, 10, 10],
			"rotation": {"angle": 0, "axis": "y", "origin": [2.5, 5.25, 7.5]},
			"faces": {
				"north": {"uv": [11.5, 11, 12.25, 11.25], "texture": "#2"},
				"east": {"uv": [12.25, 7.25, 12.5, 7.5], "texture": "#2"},
				"south": {"uv": [11.5, 11.25, 12.25, 11.5], "texture": "#2"},
				"west": {"uv": [7.5, 12.25, 7.75, 12.5], "texture": "#2"},
				"up": {"uv": [12.25, 11.75, 11.5, 11.5], "texture": "#2"},
				"down": {"uv": [12.5, 0, 11.75, 0.25], "texture": "#2"}
			}
		},
		{
			"from": [5, 9.5, 10],
			"to": [6, 10, 13],
			"faces": {
				"north": {"uv": [12.25, 7.5, 12.5, 7.75], "texture": "#2"},
				"east": {"uv": [0.25, 11.75, 1, 12], "texture": "#2"},
				"south": {"uv": [7.75, 12.25, 8, 12.5], "texture": "#2"},
				"west": {"uv": [11.75, 0.25, 12.5, 0.5], "texture": "#2"},
				"up": {"uv": [4, 12.25, 3.75, 11.5], "texture": "#2"},
				"down": {"uv": [7.75, 11.5, 7.5, 12.25], "texture": "#2"}
			}
		},
		{
			"from": [13, 9.5, 10],
			"to": [14, 10, 13],
			"faces": {
				"north": {"uv": [12.25, 7.75, 12.5, 8], "texture": "#2"},
				"east": {"uv": [11.75, 0.5, 12.5, 0.75], "texture": "#2"},
				"south": {"uv": [8, 12.25, 8.25, 12.5], "texture": "#2"},
				"west": {"uv": [11.75, 1.75, 12.5, 2], "texture": "#2"},
				"up": {"uv": [10.25, 12.25, 10, 11.5], "texture": "#2"},
				"down": {"uv": [10.5, 11.5, 10.25, 12.25], "texture": "#2"}
			}
		},
		{
			"from": [13, 9.5, 6],
			"to": [14, 10, 9],
			"faces": {
				"north": {"uv": [12.25, 8, 12.5, 8.25], "texture": "#2"},
				"east": {"uv": [11.75, 2, 12.5, 2.25], "texture": "#2"},
				"south": {"uv": [8.25, 12.25, 8.5, 12.5], "texture": "#2"},
				"west": {"uv": [11.75, 3.25, 12.5, 3.5], "texture": "#2"},
				"up": {"uv": [1.25, 12.5, 1, 11.75], "texture": "#2"},
				"down": {"uv": [1.5, 11.75, 1.25, 12.5], "texture": "#2"}
			}
		},
		{
			"from": [9, 9.5, 6],
			"to": [10, 10, 9],
			"faces": {
				"north": {"uv": [12.25, 8.25, 12.5, 8.5], "texture": "#2"},
				"east": {"uv": [11.75, 3.5, 12.5, 3.75], "texture": "#2"},
				"south": {"uv": [8.5, 12.25, 8.75, 12.5], "texture": "#2"},
				"west": {"uv": [11.75, 3.75, 12.5, 4], "texture": "#2"},
				"up": {"uv": [12, 8.5, 11.75, 7.75], "texture": "#2"},
				"down": {"uv": [12, 10.25, 11.75, 11], "texture": "#2"}
			}
		},
		{
			"from": [9, 4.5, 8],
			"to": [10, 9, 9],
			"rotation": {"angle": 0, "axis": "y", "origin": [11.5, 2.5, 5.5]},
			"faces": {
				"north": {"uv": [6.75, 10.75, 7, 12], "texture": "#2"},
				"east": {"uv": [7, 10.75, 7.25, 12], "texture": "#2"},
				"south": {"uv": [10.75, 7, 11, 8.25], "texture": "#2"},
				"west": {"uv": [7.25, 10.75, 7.5, 12], "texture": "#2"},
				"up": {"uv": [12.5, 8.75, 12.25, 8.5], "texture": "#2"},
				"down": {"uv": [9, 12.25, 8.75, 12.5], "texture": "#2"}
			}
		},
		{
			"from": [9, 6.5, 7],
			"to": [10, 9, 8],
			"rotation": {"angle": 0, "axis": "y", "origin": [11.5, 2.5, 5.5]},
			"faces": {
				"north": {"uv": [11.25, 11.75, 11.5, 12.5], "texture": "#2"},
				"east": {"uv": [11.5, 11.75, 11.75, 12.5], "texture": "#2"},
				"south": {"uv": [11.75, 11.75, 12, 12.5], "texture": "#2"},
				"west": {"uv": [0.25, 12, 0.5, 12.75], "texture": "#2"},
				"up": {"uv": [12.5, 9, 12.25, 8.75], "texture": "#2"},
				"down": {"uv": [9.25, 12.25, 9, 12.5], "texture": "#2"}
			}
		},
		{
			"from": [8.75, 8, 5],
			"to": [9, 9, 6],
			"faces": {
				"north": {"uv": [12.25, 9, 12.5, 9.25], "texture": "#2"},
				"east": {"uv": [9.25, 12.25, 9.5, 12.5], "texture": "#2"},
				"south": {"uv": [12.25, 9.25, 12.5, 9.5], "texture": "#2"},
				"west": {"uv": [9.5, 12.25, 9.75, 12.5], "texture": "#2"},
				"up": {"uv": [12.5, 9.75, 12.25, 9.5], "texture": "#2"},
				"down": {"uv": [10, 12.25, 9.75, 12.5], "texture": "#2"}
			}
		},
		{
			"from": [4.75, 8, 9],
			"to": [5, 9, 10],
			"faces": {
				"north": {"uv": [12.25, 9.75, 12.5, 10], "texture": "#2"},
				"east": {"uv": [10, 12.25, 10.25, 12.5], "texture": "#2"},
				"south": {"uv": [12.25, 10, 12.5, 10.25], "texture": "#2"},
				"west": {"uv": [10.25, 12.25, 10.5, 12.5], "texture": "#2"},
				"up": {"uv": [12.5, 10.5, 12.25, 10.25], "texture": "#2"},
				"down": {"uv": [10.75, 12.25, 10.5, 12.5], "texture": "#2"}
			}
		},
		{
			"from": [4.75, 8, 13],
			"to": [5, 9, 14],
			"faces": {
				"north": {"uv": [12.25, 10.5, 12.5, 10.75], "texture": "#2"},
				"east": {"uv": [10.75, 12.25, 11, 12.5], "texture": "#2"},
				"south": {"uv": [12.25, 10.75, 12.5, 11], "texture": "#2"},
				"west": {"uv": [11, 12.25, 11.25, 12.5], "texture": "#2"},
				"up": {"uv": [12.5, 11.25, 12.25, 11], "texture": "#2"},
				"down": {"uv": [12.5, 11.25, 12.25, 11.5], "texture": "#2"}
			}
		},
		{
			"from": [14, 8, 13],
			"to": [14.25, 9, 14],
			"faces": {
				"north": {"uv": [12.25, 11.5, 12.5, 11.75], "texture": "#2"},
				"east": {"uv": [12.25, 11.75, 12.5, 12], "texture": "#2"},
				"south": {"uv": [12, 12.25, 12.25, 12.5], "texture": "#2"},
				"west": {"uv": [12.25, 12, 12.5, 12.25], "texture": "#2"},
				"up": {"uv": [12.5, 12.5, 12.25, 12.25], "texture": "#2"},
				"down": {"uv": [0.25, 12.5, 0, 12.75], "texture": "#2"}
			}
		},
		{
			"from": [14, 8, 9],
			"to": [14.25, 9, 10],
			"faces": {
				"north": {"uv": [12.5, 0, 12.75, 0.25], "texture": "#2"},
				"east": {"uv": [12.5, 0.25, 12.75, 0.5], "texture": "#2"},
				"south": {"uv": [12.5, 0.5, 12.75, 0.75], "texture": "#2"},
				"west": {"uv": [12.5, 0.75, 12.75, 1], "texture": "#2"},
				"up": {"uv": [1.25, 12.75, 1, 12.5], "texture": "#2"},
				"down": {"uv": [12.75, 1, 12.5, 1.25], "texture": "#2"}
			}
		},
		{
			"from": [14, 8, 5],
			"to": [14.25, 9, 6],
			"faces": {
				"north": {"uv": [1.25, 12.5, 1.5, 12.75], "texture": "#2"},
				"east": {"uv": [12.5, 1.25, 12.75, 1.5], "texture": "#2"},
				"south": {"uv": [12.5, 1.5, 12.75, 1.75], "texture": "#2"},
				"west": {"uv": [12.5, 1.75, 12.75, 2], "texture": "#2"},
				"up": {"uv": [2.25, 12.75, 2, 12.5], "texture": "#2"},
				"down": {"uv": [12.75, 2, 12.5, 2.25], "texture": "#2"}
			}
		},
		{
			"from": [14, 3.5, 5],
			"to": [14.25, 4.5, 6],
			"faces": {
				"north": {"uv": [2.25, 12.5, 2.5, 12.75], "texture": "#2"},
				"east": {"uv": [12.5, 2.25, 12.75, 2.5], "texture": "#2"},
				"south": {"uv": [2.5, 12.5, 2.75, 12.75], "texture": "#2"},
				"west": {"uv": [12.5, 2.5, 12.75, 2.75], "texture": "#2"},
				"up": {"uv": [3, 12.75, 2.75, 12.5], "texture": "#2"},
				"down": {"uv": [12.75, 2.75, 12.5, 3], "texture": "#2"}
			}
		},
		{
			"from": [14, 3.5, 9],
			"to": [14.25, 4.5, 10],
			"faces": {
				"north": {"uv": [3, 12.5, 3.25, 12.75], "texture": "#2"},
				"east": {"uv": [12.5, 3, 12.75, 3.25], "texture": "#2"},
				"south": {"uv": [3.25, 12.5, 3.5, 12.75], "texture": "#2"},
				"west": {"uv": [12.5, 3.25, 12.75, 3.5], "texture": "#2"},
				"up": {"uv": [3.75, 12.75, 3.5, 12.5], "texture": "#2"},
				"down": {"uv": [12.75, 3.5, 12.5, 3.75], "texture": "#2"}
			}
		},
		{
			"from": [14, 3.5, 13],
			"to": [14.25, 4.5, 14],
			"faces": {
				"north": {"uv": [3.75, 12.5, 4, 12.75], "texture": "#2"},
				"east": {"uv": [12.5, 3.75, 12.75, 4], "texture": "#2"},
				"south": {"uv": [4, 12.5, 4.25, 12.75], "texture": "#2"},
				"west": {"uv": [12.5, 4, 12.75, 4.25], "texture": "#2"},
				"up": {"uv": [4.5, 12.75, 4.25, 12.5], "texture": "#2"},
				"down": {"uv": [12.75, 4.25, 12.5, 4.5], "texture": "#2"}
			}
		},
		{
			"from": [9, 8, 4.75],
			"to": [10, 9, 5],
			"rotation": {"angle": 0, "axis": "y", "origin": [8.875, 8.5, 5.5]},
			"faces": {
				"north": {"uv": [4.5, 12.5, 4.75, 12.75], "texture": "#2"},
				"east": {"uv": [12.5, 4.5, 12.75, 4.75], "texture": "#2"},
				"south": {"uv": [4.75, 12.5, 5, 12.75], "texture": "#2"},
				"west": {"uv": [12.5, 4.75, 12.75, 5], "texture": "#2"},
				"up": {"uv": [5.25, 12.75, 5, 12.5], "texture": "#2"},
				"down": {"uv": [12.75, 5, 12.5, 5.25], "texture": "#2"}
			}
		},
		{
			"from": [13, 8, 4.75],
			"to": [14, 9, 5],
			"rotation": {"angle": 0, "axis": "y", "origin": [8.875, 8.5, 5.5]},
			"faces": {
				"north": {"uv": [5.25, 12.5, 5.5, 12.75], "texture": "#2"},
				"east": {"uv": [12.5, 5.25, 12.75, 5.5], "texture": "#2"},
				"south": {"uv": [5.5, 12.5, 5.75, 12.75], "texture": "#2"},
				"west": {"uv": [12.5, 5.5, 12.75, 5.75], "texture": "#2"},
				"up": {"uv": [6, 12.75, 5.75, 12.5], "texture": "#2"},
				"down": {"uv": [12.75, 5.75, 12.5, 6], "texture": "#2"}
			}
		},
		{
			"from": [5, 8, 8.75],
			"to": [6, 9, 9],
			"rotation": {"angle": 0, "axis": "y", "origin": [8.875, 8.5, 5.5]},
			"faces": {
				"north": {"uv": [6, 12.5, 6.25, 12.75], "texture": "#2"},
				"east": {"uv": [12.5, 6, 12.75, 6.25], "texture": "#2"},
				"south": {"uv": [6.25, 12.5, 6.5, 12.75], "texture": "#2"},
				"west": {"uv": [12.5, 6.25, 12.75, 6.5], "texture": "#2"},
				"up": {"uv": [6.75, 12.75, 6.5, 12.5], "texture": "#2"},
				"down": {"uv": [12.75, 6.5, 12.5, 6.75], "texture": "#2"}
			}
		},
		{
			"from": [5, 8, 14],
			"to": [6, 9, 14.25],
			"rotation": {"angle": 0, "axis": "y", "origin": [8.875, 8.5, 5.5]},
			"faces": {
				"north": {"uv": [6.75, 12.5, 7, 12.75], "texture": "#2"},
				"east": {"uv": [12.5, 6.75, 12.75, 7], "texture": "#2"},
				"south": {"uv": [7, 12.5, 7.25, 12.75], "texture": "#2"},
				"west": {"uv": [12.5, 7, 12.75, 7.25], "texture": "#2"},
				"up": {"uv": [7.5, 12.75, 7.25, 12.5], "texture": "#2"},
				"down": {"uv": [12.75, 7.25, 12.5, 7.5], "texture": "#2"}
			}
		},
		{
			"from": [9, 8, 14],
			"to": [10, 9, 14.25],
			"rotation": {"angle": 0, "axis": "y", "origin": [8.875, 8.5, 5.5]},
			"faces": {
				"north": {"uv": [7.5, 12.5, 7.75, 12.75], "texture": "#2"},
				"east": {"uv": [12.5, 7.5, 12.75, 7.75], "texture": "#2"},
				"south": {"uv": [7.75, 12.5, 8, 12.75], "texture": "#2"},
				"west": {"uv": [12.5, 7.75, 12.75, 8], "texture": "#2"},
				"up": {"uv": [8.25, 12.75, 8, 12.5], "texture": "#2"},
				"down": {"uv": [12.75, 8, 12.5, 8.25], "texture": "#2"}
			}
		},
		{
			"from": [13, 8, 14],
			"to": [14, 9, 14.25],
			"rotation": {"angle": 0, "axis": "y", "origin": [8.875, 8.5, 5.5]},
			"faces": {
				"north": {"uv": [8.25, 12.5, 8.5, 12.75], "texture": "#2"},
				"east": {"uv": [12.5, 8.25, 12.75, 8.5], "texture": "#2"},
				"south": {"uv": [8.5, 12.5, 8.75, 12.75], "texture": "#2"},
				"west": {"uv": [12.5, 8.5, 12.75, 8.75], "texture": "#2"},
				"up": {"uv": [9, 12.75, 8.75, 12.5], "texture": "#2"},
				"down": {"uv": [12.75, 8.75, 12.5, 9], "texture": "#2"}
			}
		},
		{
			"from": [5, 3.5, 14],
			"to": [6, 4.5, 14.25],
			"rotation": {"angle": 0, "axis": "y", "origin": [8.875, 8.5, 5.5]},
			"faces": {
				"north": {"uv": [9, 12.5, 9.25, 12.75], "texture": "#2"},
				"east": {"uv": [12.5, 9, 12.75, 9.25], "texture": "#2"},
				"south": {"uv": [9.25, 12.5, 9.5, 12.75], "texture": "#2"},
				"west": {"uv": [12.5, 9.25, 12.75, 9.5], "texture": "#2"},
				"up": {"uv": [9.75, 12.75, 9.5, 12.5], "texture": "#2"},
				"down": {"uv": [12.75, 9.5, 12.5, 9.75], "texture": "#2"}
			}
		},
		{
			"from": [9, 3.5, 14],
			"to": [10, 4.5, 14.25],
			"rotation": {"angle": 0, "axis": "y", "origin": [8.875, 8.5, 5.5]},
			"faces": {
				"north": {"uv": [9.75, 12.5, 10, 12.75], "texture": "#2"},
				"east": {"uv": [12.5, 9.75, 12.75, 10], "texture": "#2"},
				"south": {"uv": [10, 12.5, 10.25, 12.75], "texture": "#2"},
				"west": {"uv": [12.5, 10, 12.75, 10.25], "texture": "#2"},
				"up": {"uv": [10.5, 12.75, 10.25, 12.5], "texture": "#2"},
				"down": {"uv": [12.75, 10.25, 12.5, 10.5], "texture": "#2"}
			}
		},
		{
			"from": [13, 3.5, 14],
			"to": [14, 4.5, 14.25],
			"rotation": {"angle": 0, "axis": "y", "origin": [8.875, 8.5, 5.5]},
			"faces": {
				"north": {"uv": [10.5, 12.5, 10.75, 12.75], "texture": "#2"},
				"east": {"uv": [12.5, 10.5, 12.75, 10.75], "texture": "#2"},
				"south": {"uv": [10.75, 12.5, 11, 12.75], "texture": "#2"},
				"west": {"uv": [12.5, 10.75, 12.75, 11], "texture": "#2"},
				"up": {"uv": [11.25, 12.75, 11, 12.5], "texture": "#2"},
				"down": {"uv": [12.75, 11, 12.5, 11.25], "texture": "#2"}
			}
		},
		{
			"from": [5, 3.5, 0.75],
			"to": [6, 4.5, 1],
			"rotation": {"angle": 0, "axis": "y", "origin": [8.875, 8.5, 5.5]},
			"faces": {
				"north": {"uv": [11.25, 12.5, 11.5, 12.75], "texture": "#2"},
				"east": {"uv": [12.5, 11.25, 12.75, 11.5], "texture": "#2"},
				"south": {"uv": [11.5, 12.5, 11.75, 12.75], "texture": "#2"},
				"west": {"uv": [12.5, 11.5, 12.75, 11.75], "texture": "#2"},
				"up": {"uv": [12, 12.75, 11.75, 12.5], "texture": "#2"},
				"down": {"uv": [12.75, 11.75, 12.5, 12], "texture": "#2"}
			}
		},
		{
			"from": [1, 3.5, 0.75],
			"to": [2, 4.5, 1],
			"rotation": {"angle": 0, "axis": "y", "origin": [8.875, 8.5, 5.5]},
			"faces": {
				"north": {"uv": [12, 12.5, 12.25, 12.75], "texture": "#2"},
				"east": {"uv": [12.5, 12, 12.75, 12.25], "texture": "#2"},
				"south": {"uv": [12.25, 12.5, 12.5, 12.75], "texture": "#2"},
				"west": {"uv": [12.5, 12.25, 12.75, 12.5], "texture": "#2"},
				"up": {"uv": [12.75, 12.75, 12.5, 12.5], "texture": "#2"},
				"down": {"uv": [0.25, 12.75, 0, 13], "texture": "#2"}
			}
		},
		{
			"from": [9, 3.5, 0.75],
			"to": [10, 4.5, 1],
			"rotation": {"angle": 0, "axis": "y", "origin": [8.875, 8.5, 5.5]},
			"faces": {
				"north": {"uv": [12.75, 0, 13, 0.25], "texture": "#2"},
				"east": {"uv": [0.25, 12.75, 0.5, 13], "texture": "#2"},
				"south": {"uv": [12.75, 0.25, 13, 0.5], "texture": "#2"},
				"west": {"uv": [0.5, 12.75, 0.75, 13], "texture": "#2"},
				"up": {"uv": [13, 0.75, 12.75, 0.5], "texture": "#2"},
				"down": {"uv": [1, 12.75, 0.75, 13], "texture": "#2"}
			}
		},
		{
			"from": [13, 3.5, 0.75],
			"to": [14, 4.5, 1],
			"rotation": {"angle": 0, "axis": "y", "origin": [8.875, 8.5, 5.5]},
			"faces": {
				"north": {"uv": [12.75, 0.75, 13, 1], "texture": "#2"},
				"east": {"uv": [1, 12.75, 1.25, 13], "texture": "#2"},
				"south": {"uv": [12.75, 1, 13, 1.25], "texture": "#2"},
				"west": {"uv": [1.25, 12.75, 1.5, 13], "texture": "#2"},
				"up": {"uv": [13, 1.5, 12.75, 1.25], "texture": "#2"},
				"down": {"uv": [1.75, 12.75, 1.5, 13], "texture": "#2"}
			}
		},
		{
			"from": [14, 3.5, 1],
			"to": [14.25, 4.5, 2],
			"faces": {
				"north": {"uv": [12.75, 1.5, 13, 1.75], "texture": "#2"},
				"east": {"uv": [1.75, 12.75, 2, 13], "texture": "#2"},
				"south": {"uv": [12.75, 1.75, 13, 2], "texture": "#2"},
				"west": {"uv": [2, 12.75, 2.25, 13], "texture": "#2"},
				"up": {"uv": [13, 2.25, 12.75, 2], "texture": "#2"},
				"down": {"uv": [2.5, 12.75, 2.25, 13], "texture": "#2"}
			}
		},
		{
			"from": [0.75, 3.5, 1],
			"to": [1, 4.5, 2],
			"faces": {
				"north": {"uv": [12.75, 2.25, 13, 2.5], "texture": "#2"},
				"east": {"uv": [2.5, 12.75, 2.75, 13], "texture": "#2"},
				"south": {"uv": [12.75, 2.5, 13, 2.75], "texture": "#2"},
				"west": {"uv": [2.75, 12.75, 3, 13], "texture": "#2"},
				"up": {"uv": [13, 3, 12.75, 2.75], "texture": "#2"},
				"down": {"uv": [3.25, 12.75, 3, 13], "texture": "#2"}
			}
		},
		{
			"from": [0.75, 3.5, 5],
			"to": [1, 4.5, 6],
			"faces": {
				"north": {"uv": [12.75, 3, 13, 3.25], "texture": "#2"},
				"east": {"uv": [3.25, 12.75, 3.5, 13], "texture": "#2"},
				"south": {"uv": [12.75, 3.25, 13, 3.5], "texture": "#2"},
				"west": {"uv": [3.5, 12.75, 3.75, 13], "texture": "#2"},
				"up": {"uv": [13, 3.75, 12.75, 3.5], "texture": "#2"},
				"down": {"uv": [4, 12.75, 3.75, 13], "texture": "#2"}
			}
		},
		{
			"from": [0.75, 3.5, 9],
			"to": [1, 4.5, 10],
			"faces": {
				"north": {"uv": [12.75, 3.75, 13, 4], "texture": "#2"},
				"east": {"uv": [4, 12.75, 4.25, 13], "texture": "#2"},
				"south": {"uv": [12.75, 4, 13, 4.25], "texture": "#2"},
				"west": {"uv": [4.25, 12.75, 4.5, 13], "texture": "#2"},
				"up": {"uv": [13, 4.5, 12.75, 4.25], "texture": "#2"},
				"down": {"uv": [4.75, 12.75, 4.5, 13], "texture": "#2"}
			}
		},
		{
			"from": [0.75, 3.5, 13],
			"to": [1, 4.5, 14],
			"faces": {
				"north": {"uv": [12.75, 4.5, 13, 4.75], "texture": "#2"},
				"east": {"uv": [4.75, 12.75, 5, 13], "texture": "#2"},
				"south": {"uv": [12.75, 4.75, 13, 5], "texture": "#2"},
				"west": {"uv": [5, 12.75, 5.25, 13], "texture": "#2"},
				"up": {"uv": [13, 5.25, 12.75, 5], "texture": "#2"},
				"down": {"uv": [5.5, 12.75, 5.25, 13], "texture": "#2"}
			}
		},
		{
			"from": [1, 3.5, 14],
			"to": [2, 4.5, 14.25],
			"rotation": {"angle": 0, "axis": "y", "origin": [8.875, 8.5, 5.5]},
			"faces": {
				"north": {"uv": [12.75, 5.25, 13, 5.5], "texture": "#2"},
				"east": {"uv": [5.5, 12.75, 5.75, 13], "texture": "#2"},
				"south": {"uv": [12.75, 5.5, 13, 5.75], "texture": "#2"},
				"west": {"uv": [5.75, 12.75, 6, 13], "texture": "#2"},
				"up": {"uv": [13, 6, 12.75, 5.75], "texture": "#2"},
				"down": {"uv": [6.25, 12.75, 6, 13], "texture": "#2"}
			}
		},
		{
			"from": [13, 1, 2],
			"to": [14, 4, 3],
			"rotation": {"angle": 0, "axis": "y", "origin": [11.5, 2.5, 5.5]},
			"faces": {
				"north": {"uv": [0.5, 12, 0.75, 12.75], "texture": "#2"},
				"east": {"uv": [0.75, 12, 1, 12.75], "texture": "#2"},
				"south": {"uv": [1.5, 12, 1.75, 12.75], "texture": "#2"},
				"west": {"uv": [1.75, 12, 2, 12.75], "texture": "#2"},
				"up": {"uv": [13, 6.25, 12.75, 6], "texture": "#2"},
				"down": {"uv": [6.5, 12.75, 6.25, 13], "texture": "#2"}
			}
		},
		{
			"from": [13, 1, 3],
			"to": [14, 2, 4],
			"rotation": {"angle": 0, "axis": "y", "origin": [11.5, 2.5, 5.5]},
			"faces": {
				"north": {"uv": [12.75, 6.25, 13, 6.5], "texture": "#2"},
				"east": {"uv": [6.5, 12.75, 6.75, 13], "texture": "#2"},
				"south": {"uv": [12.75, 6.5, 13, 6.75], "texture": "#2"},
				"west": {"uv": [6.75, 12.75, 7, 13], "texture": "#2"},
				"up": {"uv": [13, 7, 12.75, 6.75], "texture": "#2"},
				"down": {"uv": [7.25, 12.75, 7, 13], "texture": "#2"}
			}
		},
		{
			"from": [13, 3, 3],
			"to": [14, 4, 4],
			"rotation": {"angle": 0, "axis": "y", "origin": [11.5, 2.5, 5.5]},
			"faces": {
				"north": {"uv": [12.75, 7, 13, 7.25], "texture": "#2"},
				"east": {"uv": [7.25, 12.75, 7.5, 13], "texture": "#2"},
				"south": {"uv": [12.75, 7.25, 13, 7.5], "texture": "#2"},
				"west": {"uv": [7.5, 12.75, 7.75, 13], "texture": "#2"},
				"up": {"uv": [13, 7.75, 12.75, 7.5], "texture": "#2"},
				"down": {"uv": [8, 12.75, 7.75, 13], "texture": "#2"}
			}
		},
		{
			"from": [13.25, 2, 3.25],
			"to": [13.75, 3, 3.75],
			"rotation": {"angle": 0, "axis": "y", "origin": [15.5, 2.5, 1.5]},
			"faces": {
				"north": {"uv": [12.75, 7.75, 13, 8], "texture": "#2"},
				"east": {"uv": [8, 12.75, 8.25, 13], "texture": "#2"},
				"south": {"uv": [12.75, 8, 13, 8.25], "texture": "#2"},
				"west": {"uv": [8.25, 12.75, 8.5, 13], "texture": "#2"},
				"up": {"uv": [13, 8.5, 12.75, 8.25], "texture": "#2"},
				"down": {"uv": [8.75, 12.75, 8.5, 13], "texture": "#2"}
			}
		},
		{
			"from": [13.375, 2.5625, 3],
			"to": [13.625, 2.8125, 4],
			"rotation": {"angle": 0, "axis": "y", "origin": [15.5, 2.5, 1.5]},
			"faces": {
				"north": {"uv": [12.75, 8.5, 13, 8.75], "texture": "#2"},
				"east": {"uv": [8.75, 12.75, 9, 13], "texture": "#2"},
				"south": {"uv": [12.75, 8.75, 13, 9], "texture": "#2"},
				"west": {"uv": [9, 12.75, 9.25, 13], "texture": "#2"},
				"up": {"uv": [13, 9.25, 12.75, 9], "texture": "#2"},
				"down": {"uv": [9.5, 12.75, 9.25, 13], "texture": "#2"}
			}
		},
		{
			"from": [13.375, 2.1875, 3],
			"to": [13.625, 2.4375, 4],
			"rotation": {"angle": 0, "axis": "y", "origin": [15.5, 2.5, 1.5]},
			"faces": {
				"north": {"uv": [12.75, 9.25, 13, 9.5], "texture": "#2"},
				"east": {"uv": [9.5, 12.75, 9.75, 13], "texture": "#2"},
				"south": {"uv": [12.75, 9.5, 13, 9.75], "texture": "#2"},
				"west": {"uv": [9.75, 12.75, 10, 13], "texture": "#2"},
				"up": {"uv": [13, 10, 12.75, 9.75], "texture": "#2"},
				"down": {"uv": [10.25, 12.75, 10, 13], "texture": "#2"}
			}
		},
		{
			"name": "door",
			"from": [9.25, 4.5, 7],
			"to": [9.75, 6.5, 8],
			"faces": {
				"north": {"uv": [7.25, 6, 7.5, 6.5], "texture": "#2"},
				"east": {"uv": [2, 12, 2.25, 12.5], "texture": "#2"},
				"south": {"uv": [2.25, 12, 2.5, 12.5], "texture": "#2"},
				"west": {"uv": [2.5, 12, 2.75, 12.5], "texture": "#2"},
				"up": {"uv": [13, 10.25, 12.75, 10], "texture": "#2"},
				"down": {"uv": [10.5, 12.75, 10.25, 13], "texture": "#2"}
			}
		}
	],
	"display": {
		"thirdperson_righthand": {
			"rotation": [60, 0, 0],
			"translation": [0, 2.25, 0.5],
			"scale": [0.4, 0.4, 0.4]
		},
		"thirdperson_lefthand": {
			"rotation": [60, 0, 0],
			"translation": [0, 2.25, 0.5],
			"scale": [0.4, 0.4, 0.4]
		},
		"firstperson_righthand": {
			"rotation": [0, 122, 0],
			"translation": [0.75, 4.75, 1],
			"scale": [0.4, 0.4, 0.4]
		},
		"firstperson_lefthand": {
			"rotation": [0, -141, 0],
			"translation": [0.75, 4.75, 1],
			"scale": [0.4, 0.4, 0.4]
		},
		"ground": {
			"translation": [0, 3, 0],
			"scale": [0.4, 0.4, 0.4]
		},
		"gui": {
			"rotation": [0, 153, 0],
			"scale": [0.7, 0.7, 0.7]
		},
		"head": {
			"scale": [1.3, 1.3, 1.3]
		},
		"fixed": {
			"rotation": [-90, 0, 0],
			"translation": [0, 2.5, -16],
			"scale": [2, 2, 2]
		}
	},
	"groups": [
		{
			"name": "fence",
			"origin": [11.5, 2.5, 1.5],
			"color": 0,
			"children": []
		},
		{
			"name": "fence",
			"origin": [11.5, 2.5, 1.5],
			"color": 0,
			"children": []
		},
		{
			"name": "house",
			"origin": [0, 0, 0],
			"color": 0,
			"children": [0, 1, 2, 3, 4, 5, 6, 7, 8, 9, 10, 11, 12, 13, 14, 15, 16, 17, 18, 19, 20, 21, 22, 23, 24, 25, 26, 27, 28, 29, 30, 31, 32, 33, 34, 35, 36, 37, 38, 39, 40, 41, 42, 43, 44, 45, 46, 47, 48, 49, 50, 51, 52, 53, 54, 55, 56, 57, 58, 59, 60, 61, 62, 63, 64, 65, 66, 67, 68, 69, 70, 71, 72, 73, 74, 75, 76, 77, 78, 79, 80, 81, 82, 83, 84, 85, 86, 87, 88, 89, 90, 91, 92]
		}
	]
}