{
   "parent": "item/handheld",
   "textures": {
    "layer0": "item/iron_sword"
   },
  
   "overrides": [
    {"predicate": {"custom_model_data": 10003}, "model": "mc_silver_model:item/mace"},
    {"predicate": {"custom_model_data": 10004}, "model": "mc_silver_model:item/battlestaff"},
    {"predicate": {"custom_model_data": 10005}, "model": "mc_silver_model:item/battlestaff_of_terror"},
    {"predicate": {"custom_model_data": 10006}, "model": "mc_silver_model:item/growing_staff"}
       ]
  }