{
	"credit": "Made with Blockbench",
	"texture_size": [64, 64],
	"textures": {
		"1": "modern_house"
	},
	"elements": [
		{
			"name": "floor",
			"from": [0, -1, 0],
			"to": [16, 0, 16],
			"faces": {
				"north": {"uv": [9.25, 4.5, 13.25, 4.75], "texture": "#1"},
				"east": {"uv": [9.25, 4.75, 13.25, 5], "texture": "#1"},
				"south": {"uv": [9.25, 5, 13.25, 5.25], "texture": "#1"},
				"west": {"uv": [9.25, 5.25, 13.25, 5.5], "texture": "#1"},
				"up": {"uv": [4, 4, 0, 0], "texture": "#1"},
				"down": {"uv": [4, 4, 0, 8], "texture": "#1"}
			}
		},
		{
			"name": "roof",
			"from": [0, 14, 2],
			"to": [11, 14.5, 8],
			"faces": {
				"north": {"uv": [11.75, 3, 14.5, 3.25], "texture": "#1"},
				"east": {"uv": [12.5, 11.5, 14, 11.75], "texture": "#1"},
				"south": {"uv": [11.75, 3.25, 14.5, 3.5], "texture": "#1"},
				"west": {"uv": [12.75, 2, 14.25, 2.25], "texture": "#1"},
				"up": {"uv": [6.75, 7.5, 4, 6], "texture": "#1"},
				"down": {"uv": [9.5, 6, 6.75, 7.5], "texture": "#1"}
			}
		},
		{
			"name": "roof",
			"from": [0, 6, 13],
			"to": [9, 6.5, 16],
			"faces": {
				"north": {"uv": [9.25, 5.5, 13.25, 5.75], "texture": "#1"},
				"east": {"uv": [13.25, 1.75, 14.75, 2], "texture": "#1"},
				"south": {"uv": [9.25, 5.75, 13.25, 6], "texture": "#1"},
				"west": {"uv": [13.25, 7, 14.75, 7.25], "texture": "#1"},
				"up": {"uv": [8, 1.5, 4, 0], "texture": "#1"},
				"down": {"uv": [8, 1.5, 4, 3], "texture": "#1"}
			}
		},
		{
			"name": "roof",
			"from": [0, 14, 8],
			"to": [16, 14.5, 14],
			"faces": {
				"north": {"uv": [9.25, 5.5, 13.25, 5.75], "texture": "#1"},
				"east": {"uv": [13.25, 1.75, 14.75, 2], "texture": "#1"},
				"south": {"uv": [9.25, 5.75, 13.25, 6], "texture": "#1"},
				"west": {"uv": [13.25, 7, 14.75, 7.25], "texture": "#1"},
				"up": {"uv": [8, 1.5, 4, 0], "texture": "#1"},
				"down": {"uv": [8, 1.5, 4, 3], "texture": "#1"}
			}
		},
		{
			"name": "roof",
			"from": [7, 14, 14],
			"to": [16, 14.5, 16],
			"faces": {
				"north": {"uv": [12, 11.75, 14.25, 12], "texture": "#1"},
				"east": {"uv": [14.75, 0.25, 15.25, 0.5], "texture": "#1"},
				"south": {"uv": [12.25, 2.5, 14.5, 2.75], "texture": "#1"},
				"west": {"uv": [0.75, 14.75, 1.25, 15], "texture": "#1"},
				"up": {"uv": [11.5, 4, 9.25, 3.5], "texture": "#1"},
				"down": {"uv": [11.5, 4, 9.25, 4.5], "texture": "#1"}
			}
		},
		{
			"from": [8, 0, 12],
			"to": [9, 14, 14],
			"faces": {
				"north": {"uv": [4.5, 9.75, 4.75, 13.25], "texture": "#1"},
				"east": {"uv": [8.25, 2.5, 8.75, 6], "texture": "#1"},
				"south": {"uv": [4.75, 9.75, 5, 13.25], "texture": "#1"},
				"west": {"uv": [8.75, 2.5, 9.25, 6], "texture": "#1"},
				"up": {"uv": [8.25, 3, 8, 2.5], "texture": "#1"},
				"down": {"uv": [12.5, 8.5, 12.25, 9], "texture": "#1"}
			}
		},
		{
			"from": [8, 0, 14],
			"to": [10, 14, 15],
			"faces": {
				"north": {"uv": [8.75, 7.5, 9.25, 11], "texture": "#1"},
				"east": {"uv": [5, 9.75, 5.25, 13.25], "texture": "#1"},
				"south": {"uv": [5.25, 9, 5.75, 12.5], "texture": "#1"},
				"west": {"uv": [9.75, 8.5, 10, 12], "texture": "#1"},
				"up": {"uv": [15.25, 1, 14.75, 0.75], "texture": "#1"},
				"down": {"uv": [15.25, 1, 14.75, 1.25], "texture": "#1"}
			}
		},
		{
			"from": [13, 0, 14],
			"to": [15, 14, 15],
			"faces": {
				"north": {"uv": [5.75, 9, 6.25, 12.5], "texture": "#1"},
				"east": {"uv": [10, 8.5, 10.25, 12], "texture": "#1"},
				"south": {"uv": [6.25, 9, 6.75, 12.5], "texture": "#1"},
				"west": {"uv": [2, 10.25, 2.25, 13.75], "texture": "#1"},
				"up": {"uv": [1.75, 15, 1.25, 14.75], "texture": "#1"},
				"down": {"uv": [15.25, 1.25, 14.75, 1.5], "texture": "#1"}
			}
		},
		{
			"from": [10, 12, 14],
			"to": [13, 14, 15],
			"faces": {
				"north": {"uv": [13.25, 7.25, 14, 7.75], "texture": "#1"},
				"east": {"uv": [13.5, 6.5, 13.75, 7], "texture": "#1"},
				"south": {"uv": [12, 13.25, 12.75, 13.75], "texture": "#1"},
				"west": {"uv": [14.75, 1.5, 15, 2], "texture": "#1"},
				"up": {"uv": [11.5, 2.5, 10.75, 2.25], "texture": "#1"},
				"down": {"uv": [14.75, 13, 14, 13.25], "texture": "#1"}
			}
		},
		{
			"from": [10, 5, 14],
			"to": [13, 9, 15],
			"faces": {
				"north": {"uv": [10, 1.5, 10.75, 2.5], "texture": "#1"},
				"east": {"uv": [11.5, 1.5, 11.75, 2.5], "texture": "#1"},
				"south": {"uv": [10.5, 8.5, 11.25, 9.5], "texture": "#1"},
				"west": {"uv": [13, 3.5, 13.25, 4.5], "texture": "#1"},
				"up": {"uv": [15, 0.75, 14.25, 0.5], "texture": "#1"},
				"down": {"uv": [15, 2, 14.25, 2.25], "texture": "#1"}
			}
		},
		{
			"from": [10, 0, 14],
			"to": [13, 4, 15],
			"faces": {
				"north": {"uv": [10.5, 9.5, 11.25, 10.5], "texture": "#1"},
				"east": {"uv": [13.75, 6, 14, 7], "texture": "#1"},
				"south": {"uv": [10.5, 10.5, 11.25, 11.5], "texture": "#1"},
				"west": {"uv": [12.25, 13.75, 12.5, 14.75], "texture": "#1"},
				"up": {"uv": [15, 11, 14.25, 10.75], "texture": "#1"},
				"down": {"uv": [15, 12, 14.25, 12.25], "texture": "#1"}
			}
		},
		{
			"from": [14, 13, 10],
			"to": [15, 14, 14],
			"faces": {
				"north": {"uv": [14, 10.25, 14.25, 10.5], "texture": "#1"},
				"east": {"uv": [13.5, 11, 14.5, 11.25], "texture": "#1"},
				"south": {"uv": [14, 11.5, 14.25, 11.75], "texture": "#1"},
				"west": {"uv": [13.75, 0.75, 14.75, 1], "texture": "#1"},
				"up": {"uv": [12.75, 14.75, 12.5, 13.75], "texture": "#1"},
				"down": {"uv": [14.25, 3.5, 14, 4.5], "texture": "#1"}
			}
		},
		{
			"from": [14, 5, 12],
			"to": [15, 13, 13],
			"faces": {
				"north": {"uv": [8.75, 12.5, 9, 14.5], "texture": "#1"},
				"east": {"uv": [9, 12.5, 9.25, 14.5], "texture": "#1"},
				"south": {"uv": [12.75, 0, 13, 2], "texture": "#1"},
				"west": {"uv": [12.75, 6, 13, 8], "texture": "#1"},
				"up": {"uv": [15.25, 8.5, 15, 8.25], "texture": "#1"},
				"down": {"uv": [15.25, 8.5, 15, 8.75], "texture": "#1"}
			}
		},
		{
			"from": [14, 5, 10],
			"to": [15, 10, 12],
			"faces": {
				"north": {"uv": [3, 13.75, 3.25, 15], "texture": "#1"},
				"east": {"uv": [9.75, 12, 10.25, 13.25], "texture": "#1"},
				"south": {"uv": [3.25, 13.75, 3.5, 15], "texture": "#1"},
				"west": {"uv": [12, 10.5, 12.5, 11.75], "texture": "#1"},
				"up": {"uv": [2, 15.25, 1.75, 14.75], "texture": "#1"},
				"down": {"uv": [15, 3, 14.75, 3.5], "texture": "#1"}
			}
		},
		{
			"from": [14, 0, 10],
			"to": [15, 4, 14],
			"faces": {
				"north": {"uv": [14, 4.5, 14.25, 5.5], "texture": "#1"},
				"east": {"uv": [2, 9.25, 3, 10.25], "texture": "#1"},
				"south": {"uv": [14, 5.5, 14.25, 6.5], "texture": "#1"},
				"west": {"uv": [3, 9.25, 4, 10.25], "texture": "#1"},
				"up": {"uv": [14.25, 9, 14, 8], "texture": "#1"},
				"down": {"uv": [14.25, 9, 14, 10], "texture": "#1"}
			}
		},
		{
			"from": [14, 4, 13],
			"to": [15, 11, 14],
			"faces": {
				"north": {"uv": [13.25, 0, 13.5, 1.75], "texture": "#1"},
				"east": {"uv": [13.25, 3.5, 13.5, 5.25], "texture": "#1"},
				"south": {"uv": [4.5, 13.25, 4.75, 15], "texture": "#1"},
				"west": {"uv": [4.75, 13.25, 5, 15], "texture": "#1"},
				"up": {"uv": [15.25, 9, 15, 8.75], "texture": "#1"},
				"down": {"uv": [15.25, 9, 15, 9.25], "texture": "#1"}
			}
		},
		{
			"from": [9, 0, 9],
			"to": [10, 14, 10],
			"faces": {
				"north": {"uv": [2.25, 10.25, 2.5, 13.75], "texture": "#1"},
				"east": {"uv": [2.5, 10.25, 2.75, 13.75], "texture": "#1"},
				"south": {"uv": [2.75, 10.25, 3, 13.75], "texture": "#1"},
				"west": {"uv": [3, 10.25, 3.25, 13.75], "texture": "#1"},
				"up": {"uv": [15.25, 9.5, 15, 9.25], "texture": "#1"},
				"down": {"uv": [15.25, 9.5, 15, 9.75], "texture": "#1"}
			}
		},
		{
			"from": [14, 0, 9],
			"to": [15, 14, 10],
			"faces": {
				"north": {"uv": [3.25, 10.25, 3.5, 13.75], "texture": "#1"},
				"east": {"uv": [3.5, 10.25, 3.75, 13.75], "texture": "#1"},
				"south": {"uv": [3.75, 10.25, 4, 13.75], "texture": "#1"},
				"west": {"uv": [10.25, 8.5, 10.5, 12], "texture": "#1"},
				"up": {"uv": [10, 15.25, 9.75, 15], "texture": "#1"},
				"down": {"uv": [10.25, 15, 10, 15.25], "texture": "#1"}
			}
		},
		{
			"from": [13, 12, 9],
			"to": [14, 14, 10],
			"faces": {
				"north": {"uv": [12.5, 0, 12.75, 2.25], "texture": "#1"},
				"east": {"uv": [5.25, 12.5, 5.5, 14.75], "texture": "#1"},
				"south": {"uv": [5.5, 12.5, 5.75, 14.75], "texture": "#1"},
				"west": {"uv": [5.75, 12.5, 6, 14.75], "texture": "#1"},
				"up": {"uv": [15.25, 10.25, 15, 10], "texture": "#1"},
				"down": {"uv": [15.25, 10.25, 15, 10.5], "texture": "#1"}
			}
		},
		{
			"from": [10, 5, 9],
			"to": [11, 14, 10],
			"faces": {
				"north": {"uv": [6, 12.5, 6.25, 14.75], "texture": "#1"},
				"east": {"uv": [6.25, 12.5, 6.5, 14.75], "texture": "#1"},
				"south": {"uv": [6.5, 12.5, 6.75, 14.75], "texture": "#1"},
				"west": {"uv": [12.5, 8.5, 12.75, 10.75], "texture": "#1"},
				"up": {"uv": [15.25, 10.75, 15, 10.5], "texture": "#1"},
				"down": {"uv": [15.25, 10.75, 15, 11], "texture": "#1"}
			}
		},
		{
			"from": [11, 12, 9],
			"to": [13, 14, 10],
			"faces": {
				"north": {"uv": [12.75, 10.25, 13.25, 10.75], "texture": "#1"},
				"east": {"uv": [14.75, 3.5, 15, 4], "texture": "#1"},
				"south": {"uv": [13.75, 1, 14.25, 1.5], "texture": "#1"},
				"west": {"uv": [4, 14.75, 4.25, 15.25], "texture": "#1"},
				"up": {"uv": [15.25, 2.5, 14.75, 2.25], "texture": "#1"},
				"down": {"uv": [15.25, 4, 14.75, 4.25], "texture": "#1"}
			}
		},
		{
			"from": [11, 0, 9],
			"to": [13, 6, 10],
			"faces": {
				"north": {"uv": [9.25, 10.5, 9.75, 12], "texture": "#1"},
				"east": {"uv": [13.25, 12.5, 13.5, 14], "texture": "#1"},
				"south": {"uv": [8.75, 11, 9.25, 12.5], "texture": "#1"},
				"west": {"uv": [13.5, 0, 13.75, 1.5], "texture": "#1"},
				"up": {"uv": [15.25, 4.5, 14.75, 4.25], "texture": "#1"},
				"down": {"uv": [15.25, 4.5, 14.75, 4.75], "texture": "#1"}
			}
		},
		{
			"from": [1, 12, 4],
			"to": [2, 14, 11],
			"faces": {
				"north": {"uv": [4.25, 14.75, 4.5, 15.25], "texture": "#1"},
				"east": {"uv": [9.5, 6, 11.25, 6.5], "texture": "#1"},
				"south": {"uv": [14.75, 4.75, 15, 5.25], "texture": "#1"},
				"west": {"uv": [9.5, 6.5, 11.25, 7], "texture": "#1"},
				"up": {"uv": [5.25, 15, 5, 13.25], "texture": "#1"},
				"down": {"uv": [13.5, 5.25, 13.25, 7], "texture": "#1"}
			}
		},
		{
			"from": [1, 2, 11],
			"to": [2, 14, 13],
			"faces": {
				"north": {"uv": [11.25, 6, 11.5, 9], "texture": "#1"},
				"east": {"uv": [6.75, 9, 7.25, 12], "texture": "#1"},
				"south": {"uv": [11.25, 9, 11.5, 12], "texture": "#1"},
				"west": {"uv": [7.25, 9, 7.75, 12], "texture": "#1"},
				"up": {"uv": [5.5, 15.25, 5.25, 14.75], "texture": "#1"},
				"down": {"uv": [15, 5.25, 14.75, 5.75], "texture": "#1"}
			}
		},
		{
			"from": [1, 4, 4],
			"to": [2, 6, 11],
			"faces": {
				"north": {"uv": [5.5, 14.75, 5.75, 15.25], "texture": "#1"},
				"east": {"uv": [9.5, 7, 11.25, 7.5], "texture": "#1"},
				"south": {"uv": [5.75, 14.75, 6, 15.25], "texture": "#1"},
				"west": {"uv": [10, 0, 11.75, 0.5], "texture": "#1"},
				"up": {"uv": [13.5, 11.25, 13.25, 9.5], "texture": "#1"},
				"down": {"uv": [10, 13.25, 9.75, 15], "texture": "#1"}
			}
		},
		{
			"from": [2, 4, 3],
			"to": [4, 6, 4],
			"faces": {
				"north": {"uv": [13.75, 10.5, 14.25, 11], "texture": "#1"},
				"east": {"uv": [14.75, 5.75, 15, 6.25], "texture": "#1"},
				"south": {"uv": [14, 6.5, 14.5, 7], "texture": "#1"},
				"west": {"uv": [6, 14.75, 6.25, 15.25], "texture": "#1"},
				"up": {"uv": [6.75, 15, 6.25, 14.75], "texture": "#1"},
				"down": {"uv": [15.25, 6.25, 14.75, 6.5], "texture": "#1"}
			}
		},
		{
			"from": [10, 5, 0],
			"to": [15, 6, 9],
			"faces": {
				"north": {"uv": [7, 5.75, 8.25, 6], "texture": "#1"},
				"east": {"uv": [12.25, 2.75, 14.5, 3], "texture": "#1"},
				"south": {"uv": [13.5, 1.5, 14.75, 1.75], "texture": "#1"},
				"west": {"uv": [12.5, 2.25, 14.75, 2.5], "texture": "#1"},
				"up": {"uv": [8.25, 5.25, 7, 3], "texture": "#1"},
				"down": {"uv": [5.25, 7.5, 4, 9.75], "texture": "#1"}
			}
		},
		{
			"from": [9, 5, 0],
			"to": [10, 6, 3],
			"faces": {
				"north": {"uv": [11.25, 15, 11.5, 15.25], "texture": "#1"},
				"east": {"uv": [14.25, 12.25, 15, 12.5], "texture": "#1"},
				"south": {"uv": [11.5, 15, 11.75, 15.25], "texture": "#1"},
				"west": {"uv": [14.25, 12.5, 15, 12.75], "texture": "#1"},
				"up": {"uv": [13.75, 15, 13.5, 14.25], "texture": "#1"},
				"down": {"uv": [14.5, 13.5, 14.25, 14.25], "texture": "#1"}
			}
		},
		{
			"from": [1, 12, 3],
			"to": [5, 14, 4],
			"faces": {
				"north": {"uv": [12.5, 12, 13.5, 12.5], "texture": "#1"},
				"east": {"uv": [7.75, 14.75, 8, 15.25], "texture": "#1"},
				"south": {"uv": [12.75, 8, 13.75, 8.5], "texture": "#1"},
				"west": {"uv": [14.75, 7.75, 15, 8.25], "texture": "#1"},
				"up": {"uv": [14.75, 13.5, 13.75, 13.25], "texture": "#1"},
				"down": {"uv": [15, 7.25, 14, 7.5], "texture": "#1"}
			}
		},
		{
			"from": [9, 12, 4],
			"to": [10, 14, 9],
			"rotation": {"angle": 0, "axis": "y", "origin": [8, 13, 4.5]},
			"faces": {
				"north": {"uv": [8, 14.75, 8.25, 15.25], "texture": "#1"},
				"east": {"uv": [7, 5.25, 8.25, 5.75], "texture": "#1"},
				"south": {"uv": [14.75, 8.25, 15, 8.75], "texture": "#1"},
				"west": {"uv": [11.25, 12, 12.5, 12.5], "texture": "#1"},
				"up": {"uv": [3.75, 15, 3.5, 13.75], "texture": "#1"},
				"down": {"uv": [14, 3.5, 13.75, 4.75], "texture": "#1"}
			}
		},
		{
			"from": [6, 12, 3],
			"to": [10, 14, 4],
			"faces": {
				"north": {"uv": [12.75, 8.5, 13.75, 9], "texture": "#1"},
				"east": {"uv": [14.75, 8.75, 15, 9.25], "texture": "#1"},
				"south": {"uv": [12.75, 9, 13.75, 9.5], "texture": "#1"},
				"west": {"uv": [9.25, 14.75, 9.5, 15.25], "texture": "#1"},
				"up": {"uv": [15, 7.75, 14, 7.5], "texture": "#1"},
				"down": {"uv": [15, 10, 14, 10.25], "texture": "#1"}
			}
		},
		{
			"from": [5, 0, 4],
			"to": [6, 10, 5],
			"faces": {
				"north": {"uv": [10.25, 12, 10.5, 14.5], "texture": "#1"},
				"east": {"uv": [0, 12.25, 0.25, 14.75], "texture": "#1"},
				"south": {"uv": [12.25, 0, 12.5, 2.5], "texture": "#1"},
				"west": {"uv": [0.25, 12.25, 0.5, 14.75], "texture": "#1"},
				"up": {"uv": [12, 15.25, 11.75, 15], "texture": "#1"},
				"down": {"uv": [12.25, 15, 12, 15.25], "texture": "#1"}
			}
		},
		{
			"from": [6, 0, 1],
			"to": [7, 4, 2],
			"faces": {
				"north": {"uv": [14, 12, 14.25, 13], "texture": "#1"},
				"east": {"uv": [13.25, 14, 13.5, 15], "texture": "#1"},
				"south": {"uv": [14, 13.5, 14.25, 14.5], "texture": "#1"},
				"west": {"uv": [14.25, 3.5, 14.5, 4.5], "texture": "#1"},
				"up": {"uv": [15.25, 12.25, 15, 12], "texture": "#1"},
				"down": {"uv": [12.5, 15, 12.25, 15.25], "texture": "#1"}
			}
		},
		{
			"from": [4, 0, 1],
			"to": [5, 4, 2],
			"faces": {
				"north": {"uv": [14.25, 4.5, 14.5, 5.5], "texture": "#1"},
				"east": {"uv": [14.25, 5.5, 14.5, 6.5], "texture": "#1"},
				"south": {"uv": [7.25, 14.25, 7.5, 15.25], "texture": "#1"},
				"west": {"uv": [7.5, 14.25, 7.75, 15.25], "texture": "#1"},
				"up": {"uv": [15.25, 12.5, 15, 12.25], "texture": "#1"},
				"down": {"uv": [12.75, 15, 12.5, 15.25], "texture": "#1"}
			}
		},
		{
			"from": [4, 5, 1],
			"to": [7, 5.5, 4],
			"faces": {
				"north": {"uv": [14.25, 12.75, 15, 13], "texture": "#1"},
				"east": {"uv": [14.25, 14.25, 15, 14.5], "texture": "#1"},
				"south": {"uv": [14.5, 2.5, 15.25, 2.75], "texture": "#1"},
				"west": {"uv": [14.5, 2.75, 15.25, 3], "texture": "#1"},
				"up": {"uv": [11.5, 2.25, 10.75, 1.5], "texture": "#1"},
				"down": {"uv": [13.25, 10.75, 12.5, 11.5], "texture": "#1"}
			}
		},
		{
			"from": [5, 5.5, 2],
			"to": [6, 6, 4],
			"faces": {
				"north": {"uv": [14.25, 12.75, 15, 13], "texture": "#1"},
				"east": {"uv": [14.25, 14.25, 15, 14.5], "texture": "#1"},
				"south": {"uv": [14.5, 2.5, 15.25, 2.75], "texture": "#1"},
				"west": {"uv": [14.5, 2.75, 15.25, 3], "texture": "#1"},
				"up": {"uv": [11.5, 2.25, 10.75, 1.5], "texture": "#1"},
				"down": {"uv": [13.25, 10.75, 12.5, 11.5], "texture": "#1"}
			}
		},
		{
			"from": [4.25, 4, 1.25],
			"to": [4.75, 5, 1.75],
			"faces": {
				"north": {"uv": [15, 12.5, 15.25, 12.75], "texture": "#1"},
				"east": {"uv": [15, 12.75, 15.25, 13], "texture": "#1"},
				"south": {"uv": [13.25, 15, 13.5, 15.25], "texture": "#1"},
				"west": {"uv": [13.5, 15, 13.75, 15.25], "texture": "#1"},
				"up": {"uv": [14, 15.25, 13.75, 15], "texture": "#1"},
				"down": {"uv": [15.25, 14.25, 15, 14.5], "texture": "#1"}
			}
		},
		{
			"from": [6.25, 4, 1.25],
			"to": [6.75, 5, 1.75],
			"faces": {
				"north": {"uv": [14.5, 15, 14.75, 15.25], "texture": "#1"},
				"east": {"uv": [14.75, 15, 15, 15.25], "texture": "#1"},
				"south": {"uv": [15, 14.75, 15.25, 15], "texture": "#1"},
				"west": {"uv": [15, 15, 15.25, 15.25], "texture": "#1"},
				"up": {"uv": [15.5, 0.5, 15.25, 0.25], "texture": "#1"},
				"down": {"uv": [1, 15.25, 0.75, 15.5], "texture": "#1"}
			}
		},
		{
			"from": [5, 10, 4],
			"to": [6, 13, 5],
			"faces": {
				"north": {"uv": [13.75, 14.25, 14, 15], "texture": "#1"},
				"east": {"uv": [14.5, 3, 14.75, 3.75], "texture": "#1"},
				"south": {"uv": [14.5, 3.75, 14.75, 4.5], "texture": "#1"},
				"west": {"uv": [14.5, 4.5, 14.75, 5.25], "texture": "#1"},
				"up": {"uv": [15.5, 1, 15.25, 0.75], "texture": "#1"},
				"down": {"uv": [1.25, 15.25, 1, 15.5], "texture": "#1"}
			}
		},
		{
			"from": [5, 13, 4],
			"to": [6, 14, 5],
			"faces": {
				"north": {"uv": [15.25, 1, 15.5, 1.25], "texture": "#1"},
				"east": {"uv": [1.25, 15.25, 1.5, 15.5], "texture": "#1"},
				"south": {"uv": [15.25, 1.25, 15.5, 1.5], "texture": "#1"},
				"west": {"uv": [1.5, 15.25, 1.75, 15.5], "texture": "#1"},
				"up": {"uv": [15.5, 1.75, 15.25, 1.5], "texture": "#1"},
				"down": {"uv": [2, 15.25, 1.75, 15.5], "texture": "#1"}
			}
		},
		{
			"from": [1, 0, 3],
			"to": [2, 2, 13],
			"faces": {
				"north": {"uv": [14.75, 9.25, 15, 9.75], "texture": "#1"},
				"east": {"uv": [9.25, 2.5, 11.75, 3], "texture": "#1"},
				"south": {"uv": [9.5, 14.75, 9.75, 15.25], "texture": "#1"},
				"west": {"uv": [9.25, 3, 11.75, 3.5], "texture": "#1"},
				"up": {"uv": [0.75, 14.75, 0.5, 12.25], "texture": "#1"},
				"down": {"uv": [1, 12.25, 0.75, 14.75], "texture": "#1"}
			}
		},
		{
			"from": [2, 0, 3],
			"to": [5, 2, 4],
			"faces": {
				"north": {"uv": [14.25, 0, 14.75, 0.5], "texture": "#1"},
				"east": {"uv": [10.25, 14.75, 10.5, 15.25], "texture": "#1"},
				"south": {"uv": [14.25, 1, 14.75, 1.5], "texture": "#1"},
				"west": {"uv": [14.75, 10.25, 15, 10.75], "texture": "#1"},
				"up": {"uv": [15.25, 6.75, 14.75, 6.5], "texture": "#1"},
				"down": {"uv": [15.25, 7, 14.75, 7.25], "texture": "#1"}
			}
		},
		{
			"from": [1, 2, 3],
			"to": [2, 12, 4],
			"faces": {
				"north": {"uv": [1, 12.25, 1.25, 14.75], "texture": "#1"},
				"east": {"uv": [1.25, 12.25, 1.5, 14.75], "texture": "#1"},
				"south": {"uv": [1.5, 12.25, 1.75, 14.75], "texture": "#1"},
				"west": {"uv": [1.75, 12.25, 2, 14.75], "texture": "#1"},
				"up": {"uv": [15.5, 2, 15.25, 1.75], "texture": "#1"},
				"down": {"uv": [2.25, 15.25, 2, 15.5], "texture": "#1"}
			}
		},
		{
			"from": [4, 2, 3],
			"to": [5, 12, 4],
			"faces": {
				"north": {"uv": [11.5, 6, 11.75, 9], "texture": "#1"},
				"east": {"uv": [11.5, 9, 11.75, 12], "texture": "#1"},
				"south": {"uv": [10.5, 11.5, 10.75, 14.5], "texture": "#1"},
				"west": {"uv": [10.75, 11.5, 11, 14.5], "texture": "#1"},
				"up": {"uv": [2.5, 15.5, 2.25, 15.25], "texture": "#1"},
				"down": {"uv": [15.5, 2.25, 15.25, 2.5], "texture": "#1"}
			}
		},
		{
			"from": [6, 0, 3],
			"to": [7, 12, 4],
			"faces": {
				"north": {"uv": [11, 11.5, 11.25, 14.5], "texture": "#1"},
				"east": {"uv": [11.75, 0, 12, 3], "texture": "#1"},
				"south": {"uv": [4, 11.75, 4.25, 14.75], "texture": "#1"},
				"west": {"uv": [4.25, 11.75, 4.5, 14.75], "texture": "#1"},
				"up": {"uv": [2.75, 15.5, 2.5, 15.25], "texture": "#1"},
				"down": {"uv": [15.5, 2.5, 15.25, 2.75], "texture": "#1"}
			}
		},
		{
			"from": [9, 0, 3],
			"to": [10, 12, 9],
			"faces": {
				"north": {"uv": [11.75, 6, 12, 9], "texture": "#1"},
				"east": {"uv": [4, 3, 5.5, 6], "texture": "#1"},
				"south": {"uv": [11.75, 9, 12, 12], "texture": "#1"},
				"west": {"uv": [5.5, 3, 7, 6], "texture": "#1"},
				"up": {"uv": [13.75, 5, 13.5, 3.5], "texture": "#1"},
				"down": {"uv": [13.75, 5, 13.5, 6.5], "texture": "#1"}
			}
		},
		{
			"from": [10, 0, 1],
			"to": [11, 5, 9],
			"faces": {
				"north": {"uv": [3.75, 13.75, 4, 15], "texture": "#1"},
				"east": {"uv": [0, 8, 2, 9.25], "texture": "#1"},
				"south": {"uv": [13.75, 4.75, 14, 6], "texture": "#1"},
				"west": {"uv": [8, 0, 10, 1.25], "texture": "#1"},
				"up": {"uv": [13, 14.5, 12.75, 12.5], "texture": "#1"},
				"down": {"uv": [13.25, 0, 13, 2], "texture": "#1"}
			}
		},
		{
			"from": [11, 3, 1],
			"to": [13, 5, 9],
			"faces": {
				"north": {"uv": [7.75, 14.25, 8.25, 14.75], "texture": "#1"},
				"east": {"uv": [9.25, 7.5, 11.25, 8], "texture": "#1"},
				"south": {"uv": [14.25, 8, 14.75, 8.5], "texture": "#1"},
				"west": {"uv": [9.25, 8, 11.25, 8.5], "texture": "#1"},
				"up": {"uv": [9.75, 10.5, 9.25, 8.5], "texture": "#1"},
				"down": {"uv": [4.5, 9.75, 4, 11.75], "texture": "#1"}
			}
		},
		{
			"from": [13, 0, 1],
			"to": [14, 5, 9],
			"faces": {
				"north": {"uv": [13.75, 8, 14, 9.25], "texture": "#1"},
				"east": {"uv": [8, 1.25, 10, 2.5], "texture": "#1"},
				"south": {"uv": [13.75, 9.25, 14, 10.5], "texture": "#1"},
				"west": {"uv": [2, 8, 4, 9.25], "texture": "#1"},
				"up": {"uv": [13.25, 8, 13, 6], "texture": "#1"},
				"down": {"uv": [13.25, 12.5, 13, 14.5], "texture": "#1"}
			}
		},
		{
			"from": [2, 0, 12],
			"to": [8, 2, 13],
			"faces": {
				"north": {"uv": [11.5, 3.5, 13, 4], "texture": "#1"},
				"east": {"uv": [10.5, 14.75, 10.75, 15.25], "texture": "#1"},
				"south": {"uv": [11.5, 4, 13, 4.5], "texture": "#1"},
				"west": {"uv": [10.75, 14.75, 11, 15.25], "texture": "#1"},
				"up": {"uv": [14.75, 8, 13.25, 7.75], "texture": "#1"},
				"down": {"uv": [14.75, 11.25, 13.25, 11.5], "texture": "#1"}
			}
		},
		{
			"from": [2, 2, 12],
			"to": [4, 14, 13],
			"faces": {
				"north": {"uv": [7.75, 9, 8.25, 12], "texture": "#1"},
				"east": {"uv": [12, 0, 12.25, 3], "texture": "#1"},
				"south": {"uv": [8.25, 9, 8.75, 12], "texture": "#1"},
				"west": {"uv": [12, 6, 12.25, 9], "texture": "#1"},
				"up": {"uv": [15.25, 10, 14.75, 9.75], "texture": "#1"},
				"down": {"uv": [15.25, 11.25, 14.75, 11.5], "texture": "#1"}
			}
		},
		{
			"from": [6, 2, 12],
			"to": [8, 14, 13],
			"faces": {
				"north": {"uv": [0, 9.25, 0.5, 12.25], "texture": "#1"},
				"east": {"uv": [6.75, 12, 7, 15], "texture": "#1"},
				"south": {"uv": [0.5, 9.25, 1, 12.25], "texture": "#1"},
				"west": {"uv": [7, 12, 7.25, 15], "texture": "#1"},
				"up": {"uv": [15.25, 11.75, 14.75, 11.5], "texture": "#1"},
				"down": {"uv": [15.25, 11.75, 14.75, 12], "texture": "#1"}
			}
		},
		{
			"from": [4, 4, 12],
			"to": [6, 9, 13],
			"faces": {
				"north": {"uv": [12.25, 6, 12.75, 7.25], "texture": "#1"},
				"east": {"uv": [12, 13.75, 12.25, 15], "texture": "#1"},
				"south": {"uv": [12.25, 7.25, 12.75, 8.5], "texture": "#1"},
				"west": {"uv": [13.75, 12, 14, 13.25], "texture": "#1"},
				"up": {"uv": [12.75, 15, 12.25, 14.75], "texture": "#1"},
				"down": {"uv": [15.25, 13, 14.75, 13.25], "texture": "#1"}
			}
		},
		{
			"from": [4, 12, 12],
			"to": [6, 14, 13],
			"faces": {
				"north": {"uv": [14.25, 8.5, 14.75, 9], "texture": "#1"},
				"east": {"uv": [14, 14.75, 14.25, 15.25], "texture": "#1"},
				"south": {"uv": [14.25, 9, 14.75, 9.5], "texture": "#1"},
				"west": {"uv": [14.25, 14.75, 14.5, 15.25], "texture": "#1"},
				"up": {"uv": [15.25, 13.5, 14.75, 13.25], "texture": "#1"},
				"down": {"uv": [15, 14.75, 14.5, 15], "texture": "#1"}
			}
		},
		{
			"name": "windows",
			"from": [11, 0, 1],
			"to": [13, 3, 2],
			"faces": {
				"north": {"uv": [12.75, 9.5, 13.25, 10.25], "texture": "#1"},
				"east": {"uv": [14.5, 5.25, 14.75, 6], "texture": "#1"},
				"south": {"uv": [7.25, 13.5, 7.75, 14.25], "texture": "#1"},
				"west": {"uv": [14.5, 6, 14.75, 6.75], "texture": "#1"},
				"up": {"uv": [15.25, 14.75, 14.75, 14.5], "texture": "#1"},
				"down": {"uv": [15.5, 0.5, 15, 0.75], "texture": "#1"}
			}
		},
		{
			"name": "windows",
			"from": [4, 9, 12],
			"to": [6, 12, 13],
			"faces": {
				"north": {"uv": [7.75, 13.5, 8.25, 14.25], "texture": "#1"},
				"east": {"uv": [8.75, 14.5, 9, 15.25], "texture": "#1"},
				"south": {"uv": [9.25, 13.5, 9.75, 14.25], "texture": "#1"},
				"west": {"uv": [9, 14.5, 9.25, 15.25], "texture": "#1"},
				"up": {"uv": [1.25, 15.25, 0.75, 15], "texture": "#1"},
				"down": {"uv": [1.75, 15, 1.25, 15.25], "texture": "#1"}
			}
		},
		{
			"name": "windows",
			"from": [4, 2, 12],
			"to": [6, 4, 13],
			"faces": {
				"north": {"uv": [9.25, 14.25, 9.75, 14.75], "texture": "#1"},
				"east": {"uv": [15, 1.5, 15.25, 2], "texture": "#1"},
				"south": {"uv": [14.25, 9.5, 14.75, 10], "texture": "#1"},
				"west": {"uv": [3, 15, 3.25, 15.5], "texture": "#1"},
				"up": {"uv": [15.5, 2.25, 15, 2], "texture": "#1"},
				"down": {"uv": [15.5, 3, 15, 3.25], "texture": "#1"}
			}
		},
		{
			"name": "windows",
			"from": [10, 4, 14],
			"to": [13, 5, 15],
			"faces": {
				"north": {"uv": [14.5, 6.75, 15.25, 7], "texture": "#1"},
				"east": {"uv": [2.75, 15.25, 3, 15.5], "texture": "#1"},
				"south": {"uv": [10.25, 14.5, 11, 14.75], "texture": "#1"},
				"west": {"uv": [15.25, 2.75, 15.5, 3], "texture": "#1"},
				"up": {"uv": [15.25, 11.25, 14.5, 11], "texture": "#1"},
				"down": {"uv": [15.25, 13.5, 14.5, 13.75], "texture": "#1"}
			}
		},
		{
			"name": "windows",
			"from": [10, 9, 14],
			"to": [13, 12, 15],
			"faces": {
				"north": {"uv": [11.25, 12.5, 12, 13.25], "texture": "#1"},
				"east": {"uv": [11, 14.5, 11.25, 15.25], "texture": "#1"},
				"south": {"uv": [12, 12.5, 12.75, 13.25], "texture": "#1"},
				"west": {"uv": [12.75, 14.5, 13, 15.25], "texture": "#1"},
				"up": {"uv": [15.25, 14, 14.5, 13.75], "texture": "#1"},
				"down": {"uv": [14.75, 14.5, 14, 14.75], "texture": "#1"}
			}
		},
		{
			"name": "windows",
			"from": [11, 6, 9],
			"to": [14, 12, 10],
			"faces": {
				"north": {"uv": [7.25, 12, 7.75, 13.5], "texture": "#1"},
				"east": {"uv": [13.5, 9.5, 13.75, 11], "texture": "#1"},
				"south": {"uv": [7.75, 12, 8.25, 13.5], "texture": "#1"},
				"west": {"uv": [13.5, 12, 13.75, 13.5], "texture": "#1"},
				"up": {"uv": [3.75, 15.25, 3.25, 15], "texture": "#1"},
				"down": {"uv": [15.5, 3.25, 15, 3.5], "texture": "#1"}
			}
		},
		{
			"name": "windows",
			"from": [7, 0, 3],
			"to": [9, 12, 4],
			"faces": {
				"north": {"uv": [1, 9.25, 1.5, 12.25], "texture": "#1"},
				"east": {"uv": [8.25, 12, 8.5, 15], "texture": "#1"},
				"south": {"uv": [1.5, 9.25, 2, 12.25], "texture": "#1"},
				"west": {"uv": [8.5, 12, 8.75, 15], "texture": "#1"},
				"up": {"uv": [15.5, 3.75, 15, 3.5], "texture": "#1"},
				"down": {"uv": [15.5, 3.75, 15, 4], "texture": "#1"}
			}
		},
		{
			"name": "windows",
			"from": [14, 11, 13],
			"to": [15, 13, 14],
			"faces": {
				"north": {"uv": [3.75, 15, 4, 15.5], "texture": "#1"},
				"east": {"uv": [4.5, 15, 4.75, 15.5], "texture": "#1"},
				"south": {"uv": [4.75, 15, 5, 15.5], "texture": "#1"},
				"west": {"uv": [15, 4.75, 15.25, 5.25], "texture": "#1"},
				"up": {"uv": [3.5, 15.5, 3.25, 15.25], "texture": "#1"},
				"down": {"uv": [3.75, 15.25, 3.5, 15.5], "texture": "#1"}
			}
		},
		{
			"name": "windows",
			"from": [14, 10, 10],
			"to": [15, 13, 12],
			"faces": {
				"north": {"uv": [13, 14.5, 13.25, 15.25], "texture": "#1"},
				"east": {"uv": [13.5, 13.5, 14, 14.25], "texture": "#1"},
				"south": {"uv": [0, 14.75, 0.25, 15.5], "texture": "#1"},
				"west": {"uv": [13.75, 0, 14.25, 0.75], "texture": "#1"},
				"up": {"uv": [5.25, 15.5, 5, 15], "texture": "#1"},
				"down": {"uv": [15.25, 5.25, 15, 5.75], "texture": "#1"}
			}
		},
		{
			"name": "windows",
			"from": [14, 4, 10],
			"to": [15, 5, 13],
			"faces": {
				"north": {"uv": [4, 15.25, 4.25, 15.5], "texture": "#1"},
				"east": {"uv": [14.5, 14, 15.25, 14.25], "texture": "#1"},
				"south": {"uv": [15.25, 4, 15.5, 4.25], "texture": "#1"},
				"west": {"uv": [14.75, 0, 15.5, 0.25], "texture": "#1"},
				"up": {"uv": [0.5, 15.5, 0.25, 14.75], "texture": "#1"},
				"down": {"uv": [0.75, 14.75, 0.5, 15.5], "texture": "#1"}
			}
		},
		{
			"name": "windows",
			"from": [1, 2, 4],
			"to": [2, 4, 11],
			"faces": {
				"north": {"uv": [15, 5.75, 15.25, 6.25], "texture": "#1"},
				"east": {"uv": [10, 0.5, 11.75, 1], "texture": "#1"},
				"south": {"uv": [6.25, 15, 6.5, 15.5], "texture": "#1"},
				"west": {"uv": [10, 1, 11.75, 1.5], "texture": "#1"},
				"up": {"uv": [10.25, 15, 10, 13.25], "texture": "#1"},
				"down": {"uv": [11.5, 13.25, 11.25, 15], "texture": "#1"}
			}
		},
		{
			"name": "windows",
			"from": [1, 6, 4],
			"to": [2, 12, 11],
			"faces": {
				"north": {"uv": [2, 13.75, 2.25, 15.25], "texture": "#1"},
				"east": {"uv": [5.25, 7.5, 7, 9], "texture": "#1"},
				"south": {"uv": [2.25, 13.75, 2.5, 15.25], "texture": "#1"},
				"west": {"uv": [7, 7.5, 8.75, 9], "texture": "#1"},
				"up": {"uv": [11.75, 15, 11.5, 13.25], "texture": "#1"},
				"down": {"uv": [12, 13.25, 11.75, 15], "texture": "#1"}
			}
		},
		{
			"name": "windows",
			"from": [2, 6, 3],
			"to": [4, 12, 4],
			"faces": {
				"north": {"uv": [12, 9, 12.5, 10.5], "texture": "#1"},
				"east": {"uv": [2.5, 13.75, 2.75, 15.25], "texture": "#1"},
				"south": {"uv": [9.25, 12, 9.75, 13.5], "texture": "#1"},
				"west": {"uv": [2.75, 13.75, 3, 15.25], "texture": "#1"},
				"up": {"uv": [7, 15.25, 6.5, 15], "texture": "#1"},
				"down": {"uv": [15.5, 7.25, 15, 7.5], "texture": "#1"}
			}
		},
		{
			"name": "windows",
			"from": [2, 2, 3],
			"to": [4, 4, 4],
			"faces": {
				"north": {"uv": [14.25, 10.25, 14.75, 10.75], "texture": "#1"},
				"east": {"uv": [7, 15, 7.25, 15.5], "texture": "#1"},
				"south": {"uv": [14.25, 11.5, 14.75, 12], "texture": "#1"},
				"west": {"uv": [15, 7.5, 15.25, 8], "texture": "#1"},
				"up": {"uv": [15.5, 8.25, 15, 8], "texture": "#1"},
				"down": {"uv": [8.75, 15, 8.25, 15.25], "texture": "#1"}
			}
		}
	],
	"display": {
		"thirdperson_righthand": {
			"rotation": [60, 0, 0],
			"translation": [0, 2.25, 0.5],
			"scale": [0.4, 0.4, 0.4]
		},
		"thirdperson_lefthand": {
			"rotation": [60, 0, 0],
			"translation": [0, 2.25, 0.5],
			"scale": [0.4, 0.4, 0.4]
		},
		"firstperson_righthand": {
			"rotation": [0, 122, 0],
			"translation": [0.75, 4.75, 1],
			"scale": [0.4, 0.4, 0.4]
		},
		"firstperson_lefthand": {
			"rotation": [0, 122, 0],
			"translation": [0.75, 4.75, 1],
			"scale": [0.4, 0.4, 0.4]
		},
		"ground": {
			"translation": [0, 3, 0],
			"scale": [0.4, 0.4, 0.4]
		},
		"gui": {
			"rotation": [0, 153, 0],
			"scale": [0.7, 0.7, 0.7]
		},
		"head": {
			"scale": [1.3, 1.3, 1.3]
		},
		"fixed": {
			"rotation": [-90, 0, 0],
			"translation": [0, 2.5, -16],
			"scale": [2, 2, 2]
		}
	},
	"groups": [
		{
			"name": "group",
			"origin": [8, 8, 8],
			"color": 0,
			"children": [0, 1, 2, 3, 4, 5, 6, 7, 8, 9, 10, 11, 12, 13, 14, 15, 16, 17, 18, 19, 20, 21, 22, 23, 24, 25, 26, 27, 28, 29, 30, 31, 32, 33, 34, 35, 36, 37, 38, 39, 40, 41, 42, 43, 44, 45, 46, 47, 48, 49, 50, 51, 52, 53, 54, 55, 56, 57, 58, 59, 60, 61, 62, 63, 64, 65, 66, 67]
		}
	]
}