{
	"credit": "Made with Blockbench",
	"textures": {
		"0": "blocks/mutant_snow_golem/mutant_snow_golem",
		"1": "blocks/mutant_snow_golem/pumpkin",
		"2": "blocks/mutant_snow_golem/glow",
		"3": "blocks/mutant_snow_golem/head",
		"particle": "blocks/mutant_snow_golem/pumpkin"
	},
	"elements": [
		{
			"from": [4.073, 12.72507, 2.98942],
			"to": [11.927, 20.57907, 10.84342],
			"rotation": {"angle": 45, "axis": "x", "origin": [8, 12.63859, 6.87075]},
			"faces": {
				"north": {"uv": [4, 8, 8, 16], "texture": "#3"},
				"east": {"uv": [0, 8, 4, 16], "texture": "#3"},
				"south": {"uv": [12, 8, 16, 16], "texture": "#3"},
				"west": {"uv": [8, 8, 12, 16], "texture": "#3"},
				"up": {"uv": [4, 0, 8, 8], "texture": "#3"},
				"down": {"uv": [8, 0, 12, 8], "texture": "#3"}
			}
		},
		{
			"from": [3.9608, 12.55116, 2.93893],
			"to": [12.0392, 20.62956, 11.01733],
			"rotation": {"angle": 45, "axis": "x", "origin": [8, 12.63859, 6.87075]},
			"faces": {
				"north": {"uv": [2, 4, 4, 8], "texture": "#2"},
				"east": {"uv": [0, 4, 2, 8], "texture": "#2"},
				"south": {"uv": [6, 4, 8, 8], "texture": "#2"},
				"west": {"uv": [4, 4, 6, 8], "texture": "#2"},
				"up": {"uv": [2, 0, 4, 4], "texture": "#2"},
				"down": {"uv": [4, 0, 6, 4], "texture": "#2"}
			}
		},
		{
			"from": [3.512, 12.44457, 2.42842],
			"to": [12.488, 21.42057, 11.40442],
			"rotation": {"angle": 45, "axis": "x", "origin": [8, 12.63859, 6.87075]},
			"faces": {
				"north": {"uv": [2, 4, 4, 8], "texture": "#1"},
				"east": {"uv": [0, 4, 2, 8], "texture": "#1"},
				"south": {"uv": [6, 4, 8, 8], "texture": "#1"},
				"west": {"uv": [4, 4, 6, 8], "texture": "#1"},
				"up": {"uv": [2, 0, 4, 4], "texture": "#1"},
				"down": {"uv": [4, 0, 6, 4], "texture": "#1"}
			}
		},
		{
			"name": "chest",
			"from": [0, 1.18726, 3.30299],
			"to": [16, 13.18726, 15.30299],
			"rotation": {"angle": 0, "axis": "x", "origin": [8, 1.25941, 9.37286]},
			"faces": {
				"north": {"uv": [4.5, 12, 6.5, 15], "texture": "#0"},
				"east": {"uv": [3, 12, 4.5, 15], "texture": "#0"},
				"south": {"uv": [8, 12, 10, 15], "texture": "#0"},
				"west": {"uv": [6.5, 12, 8, 15], "texture": "#0"},
				"up": {"uv": [6.5, 12, 4.5, 9], "texture": "#0"},
				"down": {"uv": [8.5, 9, 6.5, 12], "texture": "#0"}
			}
		},
		{
			"name": "abdomen",
			"from": [3, -5.75, 4],
			"to": [13, 2.25, 12],
			"rotation": {"angle": 0, "axis": "y", "origin": [8, -1.75, 8]},
			"faces": {
				"north": {"uv": [1, 10, 2.25, 12], "texture": "#0"},
				"east": {"uv": [0, 10, 1, 12], "texture": "#0"},
				"south": {"uv": [3.25, 10, 4.5, 12], "texture": "#0"},
				"west": {"uv": [2.25, 10, 3.25, 12], "texture": "#0"},
				"up": {"uv": [2.25, 10, 1, 8], "texture": "#0"},
				"down": {"uv": [3.5, 8, 2.25, 10], "texture": "#0"}
			}
		},
		{
			"from": [-4.76817, 15.12055, -0.28155],
			"to": [1.23183, 27.12055, 5.71845],
			"rotation": {"angle": 0, "axis": "x", "origin": [8.5, 9.61806, 9.11066]},
			"faces": {
				"north": {"uv": [14.25, 1.5, 15, 4.5], "rotation": 180, "texture": "#0"},
				"east": {"uv": [12, 1.5, 12.75, 4.5], "rotation": 180, "texture": "#0"},
				"south": {"uv": [12.75, 1.5, 13.5, 4.5], "rotation": 180, "texture": "#0"},
				"west": {"uv": [13.5, 1.5, 14.25, 4.5], "rotation": 180, "texture": "#0"},
				"up": {"uv": [13.5, 0, 14.25, 1.5], "texture": "#0"},
				"down": {"uv": [12.75, 0, 13.5, 1.5], "texture": "#0"}
			}
		},
		{
			"from": [-5.51202, 6.64319, 0.05055],
			"to": [0.48798, 12.64319, 12.05055],
			"rotation": {"angle": 45, "axis": "x", "origin": [8.5, 9.61806, 9.11066]},
			"faces": {
				"north": {"uv": [13.5, 0, 14.25, 1.5], "rotation": 180, "texture": "#0"},
				"east": {"uv": [12, 1.5, 12.75, 4.5], "rotation": 270, "texture": "#0"},
				"south": {"uv": [12.75, 0, 13.5, 1.5], "texture": "#0"},
				"west": {"uv": [13.5, 1.5, 14.25, 4.5], "rotation": 90, "texture": "#0"},
				"up": {"uv": [12.75, 1.5, 13.5, 4.5], "rotation": 180, "texture": "#0"},
				"down": {"uv": [14.25, 1.5, 15, 4.5], "texture": "#0"}
			}
		},
		{
			"from": [14.76817, 15.12055, -0.28155],
			"to": [20.76817, 27.12055, 5.71845],
			"rotation": {"angle": 0, "axis": "x", "origin": [7.5, 9.61806, 9.11066]},
			"faces": {
				"north": {"uv": [15, 1.5, 14.25, 4.5], "rotation": 180, "texture": "#0"},
				"east": {"uv": [14.25, 1.5, 13.5, 4.5], "rotation": 180, "texture": "#0"},
				"south": {"uv": [13.5, 1.5, 12.75, 4.5], "rotation": 180, "texture": "#0"},
				"west": {"uv": [12.75, 1.5, 12, 4.5], "rotation": 180, "texture": "#0"},
				"up": {"uv": [14.25, 0, 13.5, 1.5], "texture": "#0"},
				"down": {"uv": [13.5, 0, 12.75, 1.5], "texture": "#0"}
			}
		},
		{
			"from": [15.51202, 6.64319, 0.05055],
			"to": [21.51202, 12.64319, 12.05055],
			"rotation": {"angle": 45, "axis": "x", "origin": [7.5, 9.61806, 9.11066]},
			"faces": {
				"north": {"uv": [14.25, 0, 13.5, 1.5], "rotation": 180, "texture": "#0"},
				"east": {"uv": [14.25, 1.5, 13.5, 4.5], "rotation": 270, "texture": "#0"},
				"south": {"uv": [13.5, 0, 12.75, 1.5], "texture": "#0"},
				"west": {"uv": [12.75, 1.5, 12, 4.5], "rotation": 90, "texture": "#0"},
				"up": {"uv": [13.5, 1.5, 12.75, 4.5], "rotation": 180, "texture": "#0"},
				"down": {"uv": [15, 1.5, 14.25, 4.5], "texture": "#0"}
			}
		}
	],
	"display": {
		"head": {
			"translation": [0, -4.1, 3.5],
			"scale": [1.7, 1.7, 1.7]
		}
	},
	"groups": [
		{
			"name": "group",
			"origin": [0, 0, 0],
			"color": 0,
			"children": [
				{
					"name": "group",
					"origin": [7.9375, 30.125, 2.75],
					"color": 0,
					"children": [0, 1, 2]
				},
				{
					"name": "group",
					"origin": [8, 14, 8],
					"color": 0,
					"children": [3, 4]
				},
				{
					"name": "group",
					"origin": [8, 8, 8],
					"color": 0,
					"children": [
						{
							"name": "group",
							"origin": [0, 0, 0],
							"color": 0,
							"children": [5, 6]
						},
						{
							"name": "group",
							"origin": [0, 0, 0],
							"color": 0,
							"children": [7, 8]
						}
					]
				}
			]
		}
	]
}