{
	"credit": "Made with Blockbench",
	"textures": {
		"0": "blocks/mutant_snow_golem/mutant_snow_golem",
		"1": "blocks/mutant_snow_golem/pumpkin",
		"2": "blocks/mutant_snow_golem/glow",
		"3": "blocks/mutant_snow_golem/head",
		"particle": "blocks/mutant_snow_golem/pumpkin"
	},
	"elements": [
		{
			"from": [4.073, 10.87276, 3.77586],
			"to": [11.927, 18.72676, 11.62986],
			"rotation": {"angle": -22.5, "axis": "x", "origin": [8, 1.59225, 14.3263]},
			"faces": {
				"north": {"uv": [4, 8, 8, 16], "texture": "#3"},
				"east": {"uv": [0, 8, 4, 16], "texture": "#3"},
				"south": {"uv": [12, 8, 16, 16], "texture": "#3"},
				"west": {"uv": [8, 8, 12, 16], "texture": "#3"},
				"up": {"uv": [4, 0, 8, 8], "texture": "#3"},
				"down": {"uv": [8, 0, 12, 8], "texture": "#3"}
			}
		},
		{
			"from": [3.9608, 10.69885, 3.72537],
			"to": [12.0392, 18.77725, 11.80377],
			"rotation": {"angle": -22.5, "axis": "x", "origin": [8, 1.59225, 14.3263]},
			"faces": {
				"north": {"uv": [2, 4, 4, 8], "texture": "#2"},
				"east": {"uv": [0, 4, 2, 8], "texture": "#2"},
				"south": {"uv": [6, 4, 8, 8], "texture": "#2"},
				"west": {"uv": [4, 4, 6, 8], "texture": "#2"},
				"up": {"uv": [2, 0, 4, 4], "texture": "#2"},
				"down": {"uv": [4, 0, 6, 4], "texture": "#2"}
			}
		},
		{
			"from": [3.512, 10.59226, 3.21486],
			"to": [12.488, 19.56826, 12.19086],
			"rotation": {"angle": -22.5, "axis": "x", "origin": [8, 1.59225, 14.3263]},
			"faces": {
				"north": {"uv": [2, 4, 4, 8], "texture": "#1"},
				"east": {"uv": [0, 4, 2, 8], "texture": "#1"},
				"south": {"uv": [6, 4, 8, 8], "texture": "#1"},
				"west": {"uv": [4, 4, 6, 8], "texture": "#1"},
				"up": {"uv": [2, 0, 4, 4], "texture": "#1"},
				"down": {"uv": [4, 0, 6, 4], "texture": "#1"}
			}
		},
		{
			"name": "chest",
			"from": [0, 1.18726, 8.11549],
			"to": [16, 13.18726, 20.11549],
			"rotation": {"angle": -45, "axis": "x", "origin": [8, 1.59225, 14.3263]},
			"faces": {
				"north": {"uv": [4.5, 12, 6.5, 15], "texture": "#0"},
				"east": {"uv": [3, 12, 4.5, 15], "texture": "#0"},
				"south": {"uv": [8, 12, 10, 15], "texture": "#0"},
				"west": {"uv": [6.5, 12, 8, 15], "texture": "#0"},
				"up": {"uv": [6.5, 12, 4.5, 9], "texture": "#0"},
				"down": {"uv": [8.5, 9, 6.5, 12], "texture": "#0"}
			}
		},
		{
			"name": "abdomen",
			"from": [3, -5.75, 10.04688],
			"to": [13, 2.25, 18.04688],
			"rotation": {"angle": -22.5, "axis": "x", "origin": [8, -1.75, 14.375]},
			"faces": {
				"north": {"uv": [1, 10, 2.25, 12], "texture": "#0"},
				"east": {"uv": [0, 10, 1, 12], "texture": "#0"},
				"south": {"uv": [3.25, 10, 4.5, 12], "texture": "#0"},
				"west": {"uv": [2.25, 10, 3.25, 12], "texture": "#0"},
				"up": {"uv": [2.25, 10, 1, 8], "texture": "#0"},
				"down": {"uv": [3.5, 8, 2.25, 10], "texture": "#0"}
			}
		},
		{
			"from": [-5.01817, 0.64349, -11.60144],
			"to": [0.98183, 6.64349, 0.39856],
			"rotation": {"angle": 0, "axis": "x", "origin": [8, 1.59225, 14.3263]},
			"faces": {
				"north": {"uv": [13.5, 0, 14.25, 1.5], "rotation": 180, "texture": "#0"},
				"east": {"uv": [12, 1.5, 12.75, 4.5], "rotation": 270, "texture": "#0"},
				"south": {"uv": [12.75, 0, 13.5, 1.5], "texture": "#0"},
				"west": {"uv": [13.5, 1.5, 14.25, 4.5], "rotation": 90, "texture": "#0"},
				"up": {"uv": [12.75, 1.5, 13.5, 4.5], "rotation": 180, "texture": "#0"},
				"down": {"uv": [14.25, 1.5, 15, 4.5], "texture": "#0"}
			}
		},
		{
			"from": [-5.51202, 5.8723, 1.81802],
			"to": [0.48798, 11.8723, 13.81802],
			"rotation": {"angle": -22.5, "axis": "x", "origin": [8, 1.59225, 14.3263]},
			"faces": {
				"north": {"uv": [13.5, 0, 14.25, 1.5], "rotation": 180, "texture": "#0"},
				"east": {"uv": [12, 1.5, 12.75, 4.5], "rotation": 270, "texture": "#0"},
				"south": {"uv": [12.75, 0, 13.5, 1.5], "texture": "#0"},
				"west": {"uv": [13.5, 1.5, 14.25, 4.5], "rotation": 90, "texture": "#0"},
				"up": {"uv": [12.75, 1.5, 13.5, 4.5], "rotation": 180, "texture": "#0"},
				"down": {"uv": [14.25, 1.5, 15, 4.5], "texture": "#0"}
			}
		},
		{
			"from": [15.01817, 0.64349, -11.60144],
			"to": [21.01817, 6.64349, 0.39856],
			"rotation": {"angle": 0, "axis": "x", "origin": [8, 1.59225, 14.3263]},
			"faces": {
				"north": {"uv": [14.25, 0, 13.5, 1.5], "rotation": 180, "texture": "#0"},
				"east": {"uv": [14.25, 1.5, 13.5, 4.5], "rotation": 270, "texture": "#0"},
				"south": {"uv": [13.5, 0, 12.75, 1.5], "texture": "#0"},
				"west": {"uv": [12.75, 1.5, 12, 4.5], "rotation": 90, "texture": "#0"},
				"up": {"uv": [13.5, 1.5, 12.75, 4.5], "rotation": 180, "texture": "#0"},
				"down": {"uv": [15, 1.5, 14.25, 4.5], "texture": "#0"}
			}
		},
		{
			"from": [15.51202, 5.8723, 1.81802],
			"to": [21.51202, 11.8723, 13.81802],
			"rotation": {"angle": -22.5, "axis": "x", "origin": [8, 1.59225, 14.3263]},
			"faces": {
				"north": {"uv": [14.25, 0, 13.5, 1.5], "rotation": 180, "texture": "#0"},
				"east": {"uv": [14.25, 1.5, 13.5, 4.5], "rotation": 270, "texture": "#0"},
				"south": {"uv": [13.5, 0, 12.75, 1.5], "texture": "#0"},
				"west": {"uv": [12.75, 1.5, 12, 4.5], "rotation": 90, "texture": "#0"},
				"up": {"uv": [13.5, 1.5, 12.75, 4.5], "rotation": 180, "texture": "#0"},
				"down": {"uv": [15, 1.5, 14.25, 4.5], "texture": "#0"}
			}
		}
	],
	"display": {
		"head": {
			"translation": [0, -3.35, -8.1],
			"scale": [1.7, 1.7, 1.7]
		}
	},
	"groups": [
		{
			"name": "group",
			"origin": [0, 0, 0],
			"color": 0,
			"children": [
				{
					"name": "group",
					"origin": [7.9375, 30.125, 2.75],
					"color": 0,
					"children": [0, 1, 2]
				},
				{
					"name": "group",
					"origin": [8, 14, 8],
					"color": 0,
					"children": [3, 4]
				},
				{
					"name": "group",
					"origin": [8, 8, 8],
					"color": 0,
					"children": [
						{
							"name": "group",
							"origin": [0, 0, 0],
							"color": 0,
							"children": [5, 6]
						},
						{
							"name": "group",
							"origin": [0, 0, 0],
							"color": 0,
							"children": [7, 8]
						}
					]
				}
			]
		}
	]
}