{
	"credit": "Made with Blockbench",
	"texture_size": [256, 256],
	"textures": {
		"0": "item/astral_meteor",
		"particle": "item/astral_meteor"
	},
	"elements": [
		{
			"from": [-8, -16, -8],
			"to": [24, -10, 24],
			"faces": {
				"north": {"uv": [7, 3.625, 9, 4], "texture": "#0"},
				"east": {"uv": [7, 4, 9, 4.375], "texture": "#0"},
				"south": {"uv": [7.25, 6.625, 9.25, 7], "texture": "#0"},
				"west": {"uv": [7.25, 7, 9.25, 7.375], "texture": "#0"},
				"up": {"uv": [2, 2, 0, 0], "texture": "#0"},
				"down": {"uv": [2, 2, 0, 4], "texture": "#0"}
			}
		},
		{
			"from": [-1, -16, 0],
			"to": [17, 32, 17],
			"rotation": {"angle": 0, "axis": "y", "origin": [8, 0, 8]},
			"faces": {
				"north": {"uv": [2, 0, 3.125, 3], "texture": "#0"},
				"east": {"uv": [3.125, 0, 4.1875, 3], "texture": "#0"},
				"south": {"uv": [2, 3, 3.125, 6], "texture": "#0"},
				"west": {"uv": [3.125, 3, 4.1875, 6], "texture": "#0"},
				"up": {"uv": [7.5, 5.5625, 6.375, 4.5], "texture": "#0"},
				"down": {"uv": [7.5, 5.5625, 6.375, 6.625], "texture": "#0"}
			}
		},
		{
			"from": [-5, -16, 1],
			"to": [8, 27, 13],
			"rotation": {"angle": 22.5, "axis": "z", "origin": [1.5, -16, 7]},
			"faces": {
				"north": {"uv": [0, 4, 0.8125, 6.6875], "texture": "#0"},
				"east": {"uv": [5, 0, 5.75, 2.6875], "texture": "#0"},
				"south": {"uv": [0.8125, 4, 1.625, 6.6875], "texture": "#0"},
				"west": {"uv": [5, 2.6875, 5.75, 5.375], "texture": "#0"},
				"up": {"uv": [8.25, 3.25, 7.4375, 2.5], "texture": "#0"},
				"down": {"uv": [8.3125, 5.625, 7.5, 6.375], "texture": "#0"}
			}
		},
		{
			"from": [2.5, -16, -2.5],
			"to": [12.5, 20, 7.5],
			"rotation": {"angle": -22.5, "axis": "x", "origin": [7.5, -16, 1]},
			"faces": {
				"north": {"uv": [5.75, 2.25, 6.375, 4.5], "texture": "#0"},
				"east": {"uv": [1.625, 6, 2.25, 8.25], "texture": "#0"},
				"south": {"uv": [2.25, 6, 2.875, 8.25], "texture": "#0"},
				"west": {"uv": [2.875, 6, 3.5, 8.25], "texture": "#0"},
				"up": {"uv": [8.375, 8.75, 7.75, 8.125], "texture": "#0"},
				"down": {"uv": [1.9375, 8.25, 1.3125, 8.875], "texture": "#0"}
			}
		},
		{
			"from": [8, -16, 1],
			"to": [21, 27, 13],
			"rotation": {"angle": -22.5, "axis": "z", "origin": [14.5, -16, 7]},
			"faces": {
				"north": {"uv": [4.1875, 0, 5, 2.6875], "texture": "#0"},
				"east": {"uv": [4.1875, 5.375, 4.9375, 8.0625], "texture": "#0"},
				"south": {"uv": [4.1875, 2.6875, 5, 5.375], "texture": "#0"},
				"west": {"uv": [4.9375, 5.375, 5.6875, 8.0625], "texture": "#0"},
				"up": {"uv": [8.5625, 8.125, 7.75, 7.375], "texture": "#0"},
				"down": {"uv": [8.625, 0, 7.8125, 0.75], "texture": "#0"}
			}
		},
		{
			"from": [2.5, -16, 7.5],
			"to": [12.5, 20, 18.5],
			"rotation": {"angle": 22.5, "axis": "x", "origin": [7.5, -16, 14]},
			"faces": {
				"north": {"uv": [3.5, 6, 4.125, 8.25], "texture": "#0"},
				"east": {"uv": [5.6875, 5.375, 6.375, 7.625], "texture": "#0"},
				"south": {"uv": [6.375, 2.25, 7, 4.5], "texture": "#0"},
				"west": {"uv": [5.75, 0, 6.4375, 2.25], "texture": "#0"},
				"up": {"uv": [6.375, 5.1875, 5.75, 4.5], "texture": "#0"},
				"down": {"uv": [5.1875, 8.0625, 4.5625, 8.75], "texture": "#0"}
			}
		},
		{
			"from": [-3.5, -16, 9.5],
			"to": [3.5, 13, 16.5],
			"rotation": {"angle": 45, "axis": "x", "origin": [7.5, -16, 14]},
			"faces": {
				"north": {"uv": [6.4375, 0, 6.875, 1.8125], "texture": "#0"},
				"east": {"uv": [6.375, 6.625, 6.8125, 8.4375], "texture": "#0"},
				"south": {"uv": [0, 6.6875, 0.4375, 8.5], "texture": "#0"},
				"west": {"uv": [0.4375, 6.6875, 0.875, 8.5], "texture": "#0"},
				"up": {"uv": [6.875, 2.25, 6.4375, 1.8125], "texture": "#0"},
				"down": {"uv": [8.6875, 2.5, 8.25, 2.9375], "texture": "#0"}
			}
		},
		{
			"from": [12.5, -16, -0.5],
			"to": [19.5, 13, 6.5],
			"rotation": {"angle": -45, "axis": "x", "origin": [8.5, -16, 2]},
			"faces": {
				"north": {"uv": [0.875, 6.6875, 1.3125, 8.5], "texture": "#0"},
				"east": {"uv": [6.8125, 6.625, 7.25, 8.4375], "texture": "#0"},
				"south": {"uv": [6.875, 0, 7.3125, 1.8125], "texture": "#0"},
				"west": {"uv": [7, 1.8125, 7.4375, 3.625], "texture": "#0"},
				"up": {"uv": [3.25, 8.6875, 2.8125, 8.25], "texture": "#0"},
				"down": {"uv": [8.6875, 2.9375, 8.25, 3.375], "texture": "#0"}
			}
		},
		{
			"from": [11.5, -16, 12.5],
			"to": [18.5, 4, 20.5],
			"rotation": {"angle": -22.5, "axis": "z", "origin": [15, -6, 15.5]},
			"faces": {
				"north": {"uv": [5.6875, 7.625, 6.125, 8.875], "texture": "#0"},
				"east": {"uv": [7.3125, 0, 7.8125, 1.25], "texture": "#0"},
				"south": {"uv": [7.9375, 0.75, 8.375, 2], "texture": "#0"},
				"west": {"uv": [7.25, 7.375, 7.75, 8.625], "texture": "#0"},
				"up": {"uv": [8.375, 2.5, 7.9375, 2], "texture": "#0"},
				"down": {"uv": [5.625, 8.0625, 5.1875, 8.5625], "texture": "#0"}
			}
		},
		{
			"from": [-2.5, -16, -6.5],
			"to": [4.5, 4, 1.5],
			"rotation": {"angle": 22.5, "axis": "z", "origin": [1, -6, 0.5]},
			"faces": {
				"north": {"uv": [8, 4.375, 8.4375, 5.625], "texture": "#0"},
				"east": {"uv": [7.4375, 1.25, 7.9375, 2.5], "texture": "#0"},
				"south": {"uv": [4.125, 8.0625, 4.5625, 9.3125], "texture": "#0"},
				"west": {"uv": [7.5, 4.375, 8, 5.625], "texture": "#0"},
				"up": {"uv": [2.375, 8.75, 1.9375, 8.25], "texture": "#0"},
				"down": {"uv": [2.8125, 8.25, 2.375, 8.75], "texture": "#0"}
			}
		}
	],
	"display": {
		"thirdperson_righthand": {
			"translation": [0, 4, 1.75],
			"scale": [0.2, 0.2, 0.2]
		},
		"thirdperson_lefthand": {
			"rotation": [-1, 0, 0],
			"translation": [0, 4, 1.75],
			"scale": [0.2, 0.2, 0.2]
		},
		"firstperson_righthand": {
			"scale": [0.2, 0.2, 0.2]
		},
		"firstperson_lefthand": {
			"scale": [0.2, 0.2, 0.2]
		},
		"ground": {
			"translation": [0, 3.5, 0],
			"scale": [0.3, 0.3, 0.3]
		},
		"gui": {
			"rotation": [40, 45, 0],
			"translation": [0, 0.75, 0],
			"scale": [0.26, 0.26, 0.26]
		},
		"head": {
			"translation": [0, -7, 0],
			"scale": [1.6, 1.6, 1.6]
		},
		"fixed": {
			"rotation": [-90, 0, 0],
			"translation": [0, 0, -37.5],
			"scale": [1.6, 1.6, 1.6]
		}
	},
	"groups": [
		{
			"name": "group",
			"origin": [12.5, 6, 13.5],
			"color": 0,
			"children": [0, 1, 2, 3, 4, 5, 6, 7, 8, 9]
		}
	]
}