{
	"credit": "Made with Blockbench",
	"textures": {
		"0": "item/mobs/astrum_deus_segment2",
		"particle": "item/mobs/astrum_deus_segment2"
	},
	"elements": [
		{
			"from": [4, 4, -4],
			"to": [12, 12, 12],
			"faces": {
				"north": {"uv": [0, 6, 2, 8], "texture": "#0"},
				"east": {"uv": [8, 4, 12, 6], "texture": "#0"},
				"south": {"uv": [2, 6, 4, 8], "texture": "#0"},
				"west": {"uv": [4, 4, 8, 6], "texture": "#0"},
				"up": {"uv": [0, 4, 3.75, 6], "rotation": 90, "texture": "#0"},
				"down": {"uv": [11.75, 4, 16, 6], "rotation": 90, "texture": "#0"}
			}
		},
		{
			"from": [0, 0, 12],
			"to": [16, 16, 20],
			"faces": {
				"north": {"uv": [0, 0, 4, 4], "texture": "#0"},
				"east": {"uv": [6, 0, 8, 4], "rotation": 180, "texture": "#0"},
				"south": {"uv": [12, 0, 16, 4], "texture": "#0"},
				"west": {"uv": [10, 0, 12, 4], "texture": "#0"},
				"up": {"uv": [10, 0, 12, 4], "rotation": 90, "texture": "#0"},
				"down": {"uv": [4, 0, 6, 4], "rotation": 270, "texture": "#0"}
			}
		},
		{
			"from": [-8, -8, 3],
			"to": [-8, 24, 11],
			"rotation": {"angle": 0, "axis": "y", "origin": [-1, -1, 0]},
			"faces": {
				"north": {"uv": [15.5, 15.5, 16, 16], "texture": "#0"},
				"east": {"uv": [8, 9, 16, 11], "rotation": 90, "texture": "#0"},
				"south": {"uv": [15.5, 15.5, 16, 16], "texture": "#0"},
				"west": {"uv": [8, 9, 16, 11], "rotation": 90, "texture": "#0"},
				"up": {"uv": [0, 9, 7.75, 11], "texture": "#0"},
				"down": {"uv": [0, 9, 8, 11], "texture": "#0"}
			}
		},
		{
			"from": [-8, 24, 3],
			"to": [24, 24, 11],
			"rotation": {"angle": 0, "axis": "y", "origin": [-1, -1, 0]},
			"faces": {
				"north": {"uv": [15.5, 15.5, 16, 16], "texture": "#0"},
				"east": {"uv": [8, 9, 16, 11], "rotation": 90, "texture": "#0"},
				"south": {"uv": [15.5, 15.5, 16, 16], "texture": "#0"},
				"west": {"uv": [8, 9, 16, 11], "rotation": 90, "texture": "#0"},
				"up": {"uv": [0, 9, 7.75, 11], "texture": "#0"},
				"down": {"uv": [0, 9, 8, 11], "texture": "#0"}
			}
		},
		{
			"from": [24, -8, 3],
			"to": [24, 24, 11],
			"rotation": {"angle": 0, "axis": "y", "origin": [-1, -1, 0]},
			"faces": {
				"north": {"uv": [15.5, 15.5, 16, 16], "texture": "#0"},
				"east": {"uv": [8, 9, 16, 11], "rotation": 90, "texture": "#0"},
				"south": {"uv": [15.5, 15.5, 16, 16], "texture": "#0"},
				"west": {"uv": [8, 9, 16, 11], "rotation": 90, "texture": "#0"},
				"up": {"uv": [0, 9, 7.75, 11], "texture": "#0"},
				"down": {"uv": [0, 9, 8, 11], "texture": "#0"}
			}
		},
		{
			"from": [-8, -8, 3],
			"to": [24, -8, 11],
			"rotation": {"angle": 0, "axis": "y", "origin": [-1, -1, 0]},
			"faces": {
				"north": {"uv": [15.5, 15.5, 16, 16], "texture": "#0"},
				"east": {"uv": [8, 9, 16, 11], "rotation": 90, "texture": "#0"},
				"south": {"uv": [15.5, 15.5, 16, 16], "texture": "#0"},
				"west": {"uv": [8, 9, 16, 11], "rotation": 90, "texture": "#0"},
				"up": {"uv": [0, 9, 7.75, 11], "texture": "#0"},
				"down": {"uv": [0, 9, 8, 11], "texture": "#0"}
			}
		},
		{
			"from": [-12.1, 6, -3],
			"to": [-8.1, 10, 17],
			"rotation": {"angle": 0, "axis": "y", "origin": [-1, -1, 0]},
			"faces": {
				"north": {"uv": [9, 6, 10, 7], "texture": "#0"},
				"east": {"uv": [10.25, 6, 16, 7], "texture": "#0"},
				"south": {"uv": [9, 6, 10, 7], "rotation": 180, "texture": "#0"},
				"west": {"uv": [10.25, 6, 16, 7], "texture": "#0"},
				"up": {"uv": [10.25, 6, 16, 7], "rotation": 90, "texture": "#0"},
				"down": {"uv": [10.25, 6, 16, 7], "rotation": 90, "texture": "#0"}
			}
		},
		{
			"from": [24.1, 6, -3],
			"to": [28.1, 10, 17],
			"rotation": {"angle": 0, "axis": "y", "origin": [15, -1, 0]},
			"faces": {
				"north": {"uv": [10, 6, 9, 7], "texture": "#0"},
				"east": {"uv": [16, 6, 10.25, 7], "texture": "#0"},
				"south": {"uv": [10, 6, 9, 7], "rotation": 180, "texture": "#0"},
				"west": {"uv": [16, 6, 10.25, 7], "texture": "#0"},
				"up": {"uv": [10.25, 7, 16, 6], "rotation": 90, "texture": "#0"},
				"down": {"uv": [10.25, 7, 16, 6], "rotation": 90, "texture": "#0"}
			}
		},
		{
			"from": [-1, 24, 3],
			"to": [-1, 31, 11],
			"rotation": {"angle": 22.5, "axis": "z", "origin": [-1, 24, 3]},
			"faces": {
				"north": {"uv": [0, 0, 1, 1], "texture": "#0"},
				"east": {"uv": [5.75, 6.5, 4, 8], "texture": "#0"},
				"south": {"uv": [0, 0, 1, 1], "texture": "#0"},
				"west": {"uv": [4, 6.5, 5.75, 8], "texture": "#0"},
				"up": {"uv": [4, 6, 5.75, 8], "texture": "#0"},
				"down": {"uv": [0, 0, 1, 1], "texture": "#0"}
			}
		},
		{
			"from": [-1, -15, 3],
			"to": [-1, -8, 11],
			"rotation": {"angle": -22.5, "axis": "z", "origin": [-1, -8, 3]},
			"faces": {
				"north": {"uv": [0, 1, 1, 0], "texture": "#0"},
				"east": {"uv": [5.75, 8, 4, 6.5], "texture": "#0"},
				"south": {"uv": [0, 1, 1, 0], "texture": "#0"},
				"west": {"uv": [4, 8, 5.75, 6.5], "texture": "#0"},
				"up": {"uv": [0, 1, 1, 0], "texture": "#0"},
				"down": {"uv": [4, 8, 5.75, 6], "texture": "#0"}
			}
		},
		{
			"from": [18, 24, 3],
			"to": [18, 31, 11],
			"rotation": {"angle": -22.5, "axis": "z", "origin": [18, 24, 3]},
			"faces": {
				"north": {"uv": [0, 0, 1, 1], "texture": "#0"},
				"east": {"uv": [5.75, 6.5, 4, 8], "texture": "#0"},
				"south": {"uv": [0, 0, 1, 1], "texture": "#0"},
				"west": {"uv": [4, 6.5, 5.75, 8], "texture": "#0"},
				"up": {"uv": [4, 6, 5.75, 8], "texture": "#0"},
				"down": {"uv": [0, 0, 1, 1], "texture": "#0"}
			}
		},
		{
			"from": [18, -15, 3],
			"to": [18, -8, 11],
			"rotation": {"angle": 22.5, "axis": "z", "origin": [18, -8, 3]},
			"faces": {
				"north": {"uv": [0, 1, 1, 0], "texture": "#0"},
				"east": {"uv": [5.75, 8, 4, 6.5], "texture": "#0"},
				"south": {"uv": [0, 1, 1, 0], "texture": "#0"},
				"west": {"uv": [4, 8, 5.75, 6.5], "texture": "#0"},
				"up": {"uv": [0, 1, 1, 0], "texture": "#0"},
				"down": {"uv": [4, 8, 5.75, 6], "texture": "#0"}
			}
		},
		{
			"from": [5, 24, 0],
			"to": [11, 26, 12],
			"rotation": {"angle": 0, "axis": "y", "origin": [1, 0, 0]},
			"faces": {
				"north": {"uv": [15.5, 15.5, 16, 16], "texture": "#0"},
				"east": {"uv": [2, 11, 2.5, 15], "rotation": 90, "texture": "#0"},
				"south": {"uv": [0, 15, 2, 15.5], "texture": "#0"},
				"west": {"uv": [2, 11, 2.5, 14.75], "rotation": 270, "texture": "#0"},
				"up": {"uv": [0, 11, 2, 15], "texture": "#0"},
				"down": {"uv": [2.5, 11, 4.5, 15], "texture": "#0"}
			}
		},
		{
			"from": [5, -10, 0],
			"to": [11, -8, 12],
			"rotation": {"angle": 0, "axis": "y", "origin": [1, 16, 0]},
			"faces": {
				"north": {"uv": [15.5, 16, 16, 15.5], "texture": "#0"},
				"east": {"uv": [2.5, 11, 2, 15], "rotation": 90, "texture": "#0"},
				"south": {"uv": [0, 15.5, 2, 15], "texture": "#0"},
				"west": {"uv": [2.5, 11, 2, 14.75], "rotation": 270, "texture": "#0"},
				"up": {"uv": [2.5, 15, 4.5, 11], "texture": "#0"},
				"down": {"uv": [0, 15, 2, 11], "texture": "#0"}
			}
		},
		{
			"from": [7, 24, 3],
			"to": [9, 26, 5],
			"faces": {
				"north": {"uv": [6, 6.5, 6.5, 7], "texture": "#0"},
				"east": {"uv": [6.5, 7, 7, 7.5], "texture": "#0"},
				"south": {"uv": [7, 6.5, 7.5, 7], "texture": "#0"},
				"west": {"uv": [6.5, 6, 7, 6.5], "rotation": 90, "texture": "#0"},
				"up": {"uv": [6.5, 6.5, 7, 7], "texture": "#0"},
				"down": {"uv": [7.5, 6.5, 8, 7], "texture": "#0"}
			}
		},
		{
			"from": [7, -10, 3],
			"to": [9, -8, 5],
			"rotation": {"angle": 0, "axis": "y", "origin": [0, 16, 0]},
			"faces": {
				"north": {"uv": [6, 7, 6.5, 6.5], "texture": "#0"},
				"east": {"uv": [6.5, 7.5, 7, 7], "texture": "#0"},
				"south": {"uv": [7, 7, 7.5, 6.5], "texture": "#0"},
				"west": {"uv": [7, 6, 6.5, 6.5], "rotation": 90, "texture": "#0"},
				"up": {"uv": [7.5, 7, 8, 6.5], "texture": "#0"},
				"down": {"uv": [6.5, 7, 7, 6.5], "texture": "#0"}
			}
		}
	],
	"display": {
		"head": {
			"scale": [2, 2, 2]
		}
	},
	"groups": [0, 1,
		{
			"name": "group",
			"origin": [0, 0, 0],
			"children": [2, 3, 4, 5, 6, 7, 8, 9, 10, 11, 12, 13, 14, 15]
		}
	]
}