{
	"credit": "Made with Blockbench",
	"texture_size": [64, 64],
	"textures": {
		"0": "item/mobs/astrum_deus_tail",
		"particle": "item/mobs/astrum_deus_tail"
	},
	"elements": [
		{
			"from": [3, 4, -4],
			"to": [13, 12, 9],
			"faces": {
				"north": {"uv": [8, 3, 10.5, 5], "texture": "#0"},
				"east": {"uv": [2.5, 6.25, 5.75, 8.25], "texture": "#0"},
				"south": {"uv": [4.5, 8.25, 7, 10.25], "texture": "#0"},
				"west": {"uv": [5.75, 6.25, 9, 8.25], "texture": "#0"},
				"up": {"uv": [8, 6.25, 5.5, 3], "texture": "#0"},
				"down": {"uv": [2.5, 6, 0, 9.25], "texture": "#0"}
			}
		},
		{
			"from": [12, 8, -2],
			"to": [22, 8, 4],
			"rotation": {"angle": -22.5, "axis": "y", "origin": [18, 8, -1]},
			"faces": {
				"north": {"uv": [0, 0, 2.5, 0], "texture": "#0"},
				"east": {"uv": [0, 0, 1.5, 0], "texture": "#0"},
				"south": {"uv": [0, 0, 2.5, 0], "texture": "#0"},
				"west": {"uv": [0, 0, 1.5, 0], "texture": "#0"},
				"up": {"uv": [11, 9.75, 8.5, 8.25], "texture": "#0"}
			}
		},
		{
			"from": [6, 5, 9],
			"to": [10, 11, 31],
			"faces": {
				"north": {"uv": [0.75, 9.25, 1.75, 10.75], "texture": "#0"},
				"east": {"uv": [5.5, 0, 11, 1.5], "texture": "#0"},
				"south": {"uv": [9.75, 5, 10.75, 6.5], "texture": "#0"},
				"west": {"uv": [5.5, 1.5, 11, 3], "texture": "#0"},
				"up": {"uv": [3.5, 13.75, 2.5, 8.25], "texture": "#0"},
				"down": {"uv": [4.5, 8.25, 3.5, 13.75], "texture": "#0"}
			}
		},
		{
			"from": [14, 2, 0],
			"to": [17, 14, 22],
			"rotation": {"angle": -22.5, "axis": "y", "origin": [15.5, 8, 11]},
			"faces": {
				"north": {"uv": [9, 5, 9.75, 8], "texture": "#0"},
				"east": {"uv": [0, 0, 5.5, 3], "texture": "#0"},
				"south": {"uv": [0, 9.25, 0.75, 12.25], "texture": "#0"},
				"west": {"uv": [0, 3, 5.5, 6], "texture": "#0"},
				"up": {"uv": [7.75, 13.75, 7, 8.25], "texture": "#0"},
				"down": {"uv": [8.5, 8.25, 7.75, 13.75], "texture": "#0"}
			}
		},
		{
			"from": [-1, 2, 0],
			"to": [2, 14, 22],
			"rotation": {"angle": 22.5, "axis": "y", "origin": [0.5, 8, 11]},
			"faces": {
				"north": {"uv": [9.75, 5, 9, 8], "texture": "#0"},
				"east": {"uv": [5.5, 3, 0, 6], "texture": "#0"},
				"south": {"uv": [0.75, 9.25, 0, 12.25], "texture": "#0"},
				"west": {"uv": [5.5, 0, 0, 3], "texture": "#0"},
				"up": {"uv": [7, 13.75, 7.75, 8.25], "texture": "#0"},
				"down": {"uv": [7.75, 8.25, 8.5, 13.75], "texture": "#0"}
			}
		},
		{
			"from": [-6, 8, -2],
			"to": [4, 8, 4],
			"rotation": {"angle": 22.5, "axis": "y", "origin": [-2, 8, -1]},
			"faces": {
				"north": {"uv": [2.5, 0, 0, 0], "texture": "#0"},
				"east": {"uv": [1.5, 0, 0, 0], "texture": "#0"},
				"south": {"uv": [2.5, 0, 0, 0], "texture": "#0"},
				"west": {"uv": [1.5, 0, 0, 0], "texture": "#0"},
				"up": {"uv": [8.5, 9.75, 11, 8.25], "texture": "#0"}
			}
		}
	],
	"display": {
		"head": {
			"scale": [2, 2, 2]
		}
	}
}
