{
	"credit": "Made with Blockbench",
	"texture_size": [64, 64],
	"textures": {
		"0": "item/mobs/astralachnea",
		"1": "item/mobs/flames/astralachnea_flame",
		"main": "item/mobs/astralachnea_walk"
	},
	"elements": [
		{
			"from": [3.32843, -9, -9.15685],
			"to": [3.32843, -7, 1.84315],
			"rotation": {"angle": 22.5, "axis": "y", "origin": [4.32843, -9, -4.65685]},
			"faces": {
				"east": {"uv": [1.75, 0, 4.5, 0.5], "texture": "#main"},
				"west": {"uv": [1.75, 0, 4.5, 0.5], "texture": "#main"}
			}
		},
		{
			"from": [0, -14, -10],
			"to": [2, -5, -8],
			"rotation": {"angle": 22.5, "axis": "x", "origin": [1, -9.5, -9]},
			"faces": {
				"north": {"uv": [1.75, 0.5, 2.25, 2.75], "texture": "#main"},
				"east": {"uv": [2.25, 0.5, 2.75, 2.75], "texture": "#main"},
				"south": {"uv": [1.75, 0.5, 2.25, 2.75], "texture": "#main"},
				"west": {"uv": [2.75, 0.5, 3.25, 2.75], "texture": "#main"},
				"up": {"uv": [2.25, 2.75, 2.75, 3.25], "texture": "#main"},
				"down": {"uv": [2.25, 2.75, 2.75, 3.25], "texture": "#main"}
			}
		},
		{
			"from": [12.67157, -5, -13.15685],
			"to": [12.67157, -3, -2.15685],
			"rotation": {"angle": -22.5, "axis": "y", "origin": [11.67157, -5, -8.65685]},
			"faces": {
				"east": {"uv": [4.5, 0, 1.75, 0.5], "texture": "#main"},
				"west": {"uv": [4.5, 0, 1.75, 0.5], "texture": "#main"}
			}
		},
		{
			"from": [14, -10, -14],
			"to": [16, -1, -12],
			"rotation": {"angle": 22.5, "axis": "x", "origin": [15, -5.5, -13]},
			"faces": {
				"north": {"uv": [2.25, 0.5, 1.75, 2.75], "texture": "#main"},
				"east": {"uv": [3.25, 0.5, 2.75, 2.75], "texture": "#main"},
				"south": {"uv": [2.25, 0.5, 1.75, 2.75], "texture": "#main"},
				"west": {"uv": [2.75, 0.5, 2.25, 2.75], "texture": "#main"},
				"up": {"uv": [2.75, 2.75, 2.25, 3.25], "texture": "#main"},
				"down": {"uv": [2.75, 2.75, 2.25, 3.25], "texture": "#main"}
			}
		},
		{
			"from": [-4, -5, -4],
			"to": [7, -3, -4],
			"rotation": {"angle": -22.5, "axis": "y", "origin": [1.5, -3, -3]},
			"faces": {
				"north": {"uv": [1.75, 0, 4.5, 0.5], "texture": "#main"},
				"south": {"uv": [1.75, 0, 4.5, 0.5], "texture": "#main"}
			}
		},
		{
			"from": [-5, -10, -7],
			"to": [-3, -1, -5],
			"rotation": {"angle": -22.5, "axis": "z", "origin": [-4, -5.5, -6]},
			"faces": {
				"north": {"uv": [1.75, 0.5, 2.25, 2.75], "texture": "#main"},
				"east": {"uv": [2.25, 0.5, 2.75, 2.75], "texture": "#main"},
				"south": {"uv": [1.75, 0.5, 2.25, 2.75], "texture": "#main"},
				"west": {"uv": [2.75, 0.5, 3.25, 2.75], "texture": "#main"},
				"up": {"uv": [2.25, 2.75, 2.75, 3.25], "texture": "#main"},
				"down": {"uv": [2.25, 2.75, 2.75, 3.25], "texture": "#main"}
			}
		},
		{
			"from": [19, -14, -3],
			"to": [21, -5, -1],
			"rotation": {"angle": 22.5, "axis": "z", "origin": [20, -9.5, -2]},
			"faces": {
				"north": {"uv": [2.25, 0.5, 1.75, 2.75], "texture": "#main"},
				"east": {"uv": [3.25, 0.5, 2.75, 2.75], "texture": "#main"},
				"south": {"uv": [2.25, 0.5, 1.75, 2.75], "texture": "#main"},
				"west": {"uv": [2.75, 0.5, 2.25, 2.75], "texture": "#main"},
				"up": {"uv": [2.75, 2.75, 2.25, 3.25], "texture": "#main"},
				"down": {"uv": [2.75, 2.75, 2.25, 3.25], "texture": "#main"}
			}
		},
		{
			"from": [9, -9, 0],
			"to": [20, -7, 0],
			"rotation": {"angle": 22.5, "axis": "y", "origin": [14.5, -7, 1]},
			"faces": {
				"north": {"uv": [4.5, 0, 1.75, 0.5], "texture": "#main"},
				"south": {"uv": [4.5, 0, 1.75, 0.5], "texture": "#main"}
			}
		},
		{
			"from": [-4, -8, 5],
			"to": [7, -6, 5],
			"rotation": {"angle": 0, "axis": "y", "origin": [1.5, -7, 1]},
			"faces": {
				"north": {"uv": [1.75, 0, 4.5, 0.5], "texture": "#main"},
				"south": {"uv": [1.75, 0, 4.5, 0.5], "texture": "#main"}
			}
		},
		{
			"from": [-7, -14, 4],
			"to": [-5, -5, 6],
			"rotation": {"angle": -22.5, "axis": "z", "origin": [-4, -9.5, -2]},
			"faces": {
				"north": {"uv": [1.75, 0.5, 2.25, 2.75], "texture": "#main"},
				"east": {"uv": [2.25, 0.5, 2.75, 2.75], "texture": "#main"},
				"south": {"uv": [1.75, 0.5, 2.25, 2.75], "texture": "#main"},
				"west": {"uv": [2.75, 0.5, 3.25, 2.75], "texture": "#main"},
				"up": {"uv": [2.25, 2.75, 2.75, 3.25], "texture": "#main"},
				"down": {"uv": [2.25, 2.75, 2.75, 3.25], "texture": "#main"}
			}
		},
		{
			"from": [9, -4, 1],
			"to": [20, -2, 1],
			"rotation": {"angle": 0, "axis": "y", "origin": [14.5, -3, -3]},
			"faces": {
				"north": {"uv": [4.5, 0, 1.75, 0.5], "texture": "#main"},
				"south": {"uv": [4.5, 0, 1.75, 0.5], "texture": "#main"}
			}
		},
		{
			"from": [21, -10, 0],
			"to": [23, -1, 2],
			"rotation": {"angle": 22.5, "axis": "z", "origin": [20, -5.5, -6]},
			"faces": {
				"north": {"uv": [2.25, 0.5, 1.75, 2.75], "texture": "#main"},
				"east": {"uv": [3.25, 0.5, 2.75, 2.75], "texture": "#main"},
				"south": {"uv": [2.25, 0.5, 1.75, 2.75], "texture": "#main"},
				"west": {"uv": [2.75, 0.5, 2.25, 2.75], "texture": "#main"},
				"up": {"uv": [2.75, 2.75, 2.25, 3.25], "texture": "#main"},
				"down": {"uv": [2.75, 2.75, 2.25, 3.25], "texture": "#main"}
			}
		},
		{
			"from": [-4, -11.76537, 7.15224],
			"to": [-2, 4.23463, 12.15224],
			"rotation": {"angle": 22.5, "axis": "x", "origin": [-3, -2.76537, 10.65224]},
			"faces": {
				"north": {"uv": [1.25, 0, 1.75, 4], "texture": "#main"},
				"east": {"uv": [0, 0, 1.25, 4], "texture": "#main"},
				"south": {"uv": [1.25, 0, 1.75, 4], "texture": "#main"},
				"west": {"uv": [0, 0, 1.25, 4], "texture": "#main"},
				"up": {"uv": [1.75, 2.75, 2.25, 4], "texture": "#main"},
				"down": {"uv": [1.75, 2.75, 2.25, 4], "texture": "#main"}
			}
		},
		{
			"from": [1.5, -3, 1.5],
			"to": [1.5, -1, 12.5],
			"rotation": {"angle": -45, "axis": "y", "origin": [1.5, -3, 5]},
			"faces": {
				"east": {"uv": [1.75, 0, 4.5, 0.5], "texture": "#main"},
				"west": {"uv": [1.75, 0, 4.5, 0.5], "texture": "#main"}
			}
		},
		{
			"from": [18, -14, 12],
			"to": [20, 2, 17],
			"rotation": {"angle": -22.5, "axis": "x", "origin": [17, -6, 16.5]},
			"faces": {
				"north": {"uv": [1.75, 0, 1.25, 4], "texture": "#main"},
				"east": {"uv": [1.25, 0, 0, 4], "texture": "#main"},
				"south": {"uv": [1.75, 0, 1.25, 4], "texture": "#main"},
				"west": {"uv": [1.25, 0, 0, 4], "texture": "#main"},
				"up": {"uv": [2.25, 2.75, 1.75, 4], "texture": "#main"},
				"down": {"uv": [2.25, 2.75, 1.75, 4], "texture": "#main"}
			}
		},
		{
			"from": [14.5, -7, 5.5],
			"to": [14.5, -5, 16.5],
			"rotation": {"angle": 45, "axis": "y", "origin": [14.5, -7, 9]},
			"faces": {
				"east": {"uv": [4.5, 0, 1.75, 0.5], "texture": "#main"},
				"west": {"uv": [4.5, 0, 1.75, 0.5], "texture": "#main"}
			}
		},
		{
			"from": [3.32843, -5, -11.15685],
			"to": [3.32843, -3, -0.15685],
			"rotation": {"angle": 22.5, "axis": "y", "origin": [4.32843, -5, -6.65685]},
			"faces": {
				"east": {"uv": [9.75, 0, 12.5, 0.5], "texture": "#main"},
				"west": {"uv": [9.75, 0, 12.5, 0.5], "texture": "#main"}
			}
		},
		{
			"from": [0, -12, -10],
			"to": [2, -3, -8],
			"rotation": {"angle": -22.5, "axis": "x", "origin": [1, -5.5, -11]},
			"faces": {
				"north": {"uv": [9.75, 0.5, 10.25, 2.75], "texture": "#main"},
				"east": {"uv": [10.25, 0.5, 10.75, 2.75], "texture": "#main"},
				"south": {"uv": [9.75, 0.5, 10.25, 2.75], "texture": "#main"},
				"west": {"uv": [10.75, 0.5, 11.25, 2.75], "texture": "#main"},
				"up": {"uv": [10.25, 2.75, 10.75, 3.25], "texture": "#main"},
				"down": {"uv": [10.25, 2.75, 10.75, 3.25], "texture": "#main"}
			}
		},
		{
			"from": [12.67157, -9, -15.15685],
			"to": [12.67157, -7, -4.15685],
			"rotation": {"angle": -22.5, "axis": "y", "origin": [11.67157, -9, -10.65685]},
			"faces": {
				"east": {"uv": [12.5, 0, 9.75, 0.5], "texture": "#main"},
				"west": {"uv": [12.5, 0, 9.75, 0.5], "texture": "#main"}
			}
		},
		{
			"from": [14, -14, -16],
			"to": [16, -5, -14],
			"rotation": {"angle": 22.5, "axis": "x", "origin": [15, -9.5, -15]},
			"faces": {
				"north": {"uv": [10.25, 0.5, 9.75, 2.75], "texture": "#main"},
				"east": {"uv": [11.25, 0.5, 10.75, 2.75], "texture": "#main"},
				"south": {"uv": [10.25, 0.5, 9.75, 2.75], "texture": "#main"},
				"west": {"uv": [10.75, 0.5, 10.25, 2.75], "texture": "#main"},
				"up": {"uv": [10.75, 2.75, 10.25, 3.25], "texture": "#main"},
				"down": {"uv": [10.75, 2.75, 10.25, 3.25], "texture": "#main"}
			}
		},
		{
			"from": [-4, -9, -6],
			"to": [7, -7, -6],
			"rotation": {"angle": -22.5, "axis": "y", "origin": [1.5, -7, -5]},
			"faces": {
				"north": {"uv": [9.75, 0, 12.5, 0.5], "texture": "#main"},
				"south": {"uv": [9.75, 0, 12.5, 0.5], "texture": "#main"}
			}
		},
		{
			"from": [-5, -14, -9],
			"to": [-3, -5, -7],
			"rotation": {"angle": -22.5, "axis": "z", "origin": [-4, -9.5, -8]},
			"faces": {
				"north": {"uv": [9.75, 0.5, 10.25, 2.75], "texture": "#main"},
				"east": {"uv": [10.25, 0.5, 10.75, 2.75], "texture": "#main"},
				"south": {"uv": [9.75, 0.5, 10.25, 2.75], "texture": "#main"},
				"west": {"uv": [10.75, 0.5, 11.25, 2.75], "texture": "#main"},
				"up": {"uv": [10.25, 2.75, 10.75, 3.25], "texture": "#main"},
				"down": {"uv": [10.25, 2.75, 10.75, 3.25], "texture": "#main"}
			}
		},
		{
			"from": [19, -10, -5],
			"to": [21, -1, -3],
			"rotation": {"angle": 22.5, "axis": "z", "origin": [20, -5.5, -4]},
			"faces": {
				"north": {"uv": [10.25, 0.5, 9.75, 2.75], "texture": "#main"},
				"east": {"uv": [11.25, 0.5, 10.75, 2.75], "texture": "#main"},
				"south": {"uv": [10.25, 0.5, 9.75, 2.75], "texture": "#main"},
				"west": {"uv": [10.75, 0.5, 10.25, 2.75], "texture": "#main"},
				"up": {"uv": [10.75, 2.75, 10.25, 3.25], "texture": "#main"},
				"down": {"uv": [10.75, 2.75, 10.25, 3.25], "texture": "#main"}
			}
		},
		{
			"from": [9, -5, -2],
			"to": [20, -3, -2],
			"rotation": {"angle": 22.5, "axis": "y", "origin": [14.5, -3, -1]},
			"faces": {
				"north": {"uv": [12.5, 0, 9.75, 0.5], "texture": "#main"},
				"south": {"uv": [12.5, 0, 9.75, 0.5], "texture": "#main"}
			}
		},
		{
			"from": [-4, -4, 3],
			"to": [7, -2, 3],
			"rotation": {"angle": 0, "axis": "y", "origin": [1.5, -3, -1]},
			"faces": {
				"north": {"uv": [9.75, 0, 12.5, 0.5], "texture": "#main"},
				"south": {"uv": [9.75, 0, 12.5, 0.5], "texture": "#main"}
			}
		},
		{
			"from": [-7, -10, 2],
			"to": [-5, -1, 4],
			"rotation": {"angle": -22.5, "axis": "z", "origin": [-4, -5.5, -4]},
			"faces": {
				"north": {"uv": [9.75, 0.5, 10.25, 2.75], "texture": "#main"},
				"east": {"uv": [10.25, 0.5, 10.75, 2.75], "texture": "#main"},
				"south": {"uv": [9.75, 0.5, 10.25, 2.75], "texture": "#main"},
				"west": {"uv": [10.75, 0.5, 11.25, 2.75], "texture": "#main"},
				"up": {"uv": [10.25, 2.75, 10.75, 3.25], "texture": "#main"},
				"down": {"uv": [10.25, 2.75, 10.75, 3.25], "texture": "#main"}
			}
		},
		{
			"from": [9, -8, -1],
			"to": [20, -6, -1],
			"rotation": {"angle": 0, "axis": "y", "origin": [14.5, -7, -5]},
			"faces": {
				"north": {"uv": [12.5, 0, 9.75, 0.5], "texture": "#main"},
				"south": {"uv": [12.5, 0, 9.75, 0.5], "texture": "#main"}
			}
		},
		{
			"from": [21, -14, -2],
			"to": [23, -5, 0],
			"rotation": {"angle": 22.5, "axis": "z", "origin": [20, -9.5, -8]},
			"faces": {
				"north": {"uv": [10.25, 0.5, 9.75, 2.75], "texture": "#main"},
				"east": {"uv": [11.25, 0.5, 10.75, 2.75], "texture": "#main"},
				"south": {"uv": [10.25, 0.5, 9.75, 2.75], "texture": "#main"},
				"west": {"uv": [10.75, 0.5, 10.25, 2.75], "texture": "#main"},
				"up": {"uv": [10.75, 2.75, 10.25, 3.25], "texture": "#main"},
				"down": {"uv": [10.75, 2.75, 10.25, 3.25], "texture": "#main"}
			}
		},
		{
			"from": [-4, -15.76537, 4.15224],
			"to": [-2, 0.23463, 9.15224],
			"rotation": {"angle": 22.5, "axis": "x", "origin": [-3, -6.76537, 8.65224]},
			"faces": {
				"north": {"uv": [9.25, 0, 9.75, 4], "texture": "#main"},
				"east": {"uv": [8, 0, 9.25, 4], "texture": "#main"},
				"south": {"uv": [9.25, 0, 9.75, 4], "texture": "#main"},
				"west": {"uv": [8, 0, 9.25, 4], "texture": "#main"},
				"up": {"uv": [9.75, 2.75, 10.25, 4], "texture": "#main"},
				"down": {"uv": [9.75, 2.75, 10.25, 4], "texture": "#main"}
			}
		},
		{
			"from": [1.5, -7, -0.5],
			"to": [1.5, -5, 10.5],
			"rotation": {"angle": -45, "axis": "y", "origin": [1.5, -7, 3]},
			"faces": {
				"east": {"uv": [9.75, 0, 12.5, 0.5], "texture": "#main"},
				"west": {"uv": [9.75, 0, 12.5, 0.5], "texture": "#main"}
			}
		},
		{
			"from": [18, -10, 10],
			"to": [20, 6, 15],
			"rotation": {"angle": -22.5, "axis": "x", "origin": [17, -2, 14.5]},
			"faces": {
				"north": {"uv": [9.75, 0, 9.25, 4], "texture": "#main"},
				"east": {"uv": [9.25, 0, 8, 4], "texture": "#main"},
				"south": {"uv": [9.75, 0, 9.25, 4], "texture": "#main"},
				"west": {"uv": [9.25, 0, 8, 4], "texture": "#main"},
				"up": {"uv": [10.25, 2.75, 9.75, 4], "texture": "#main"},
				"down": {"uv": [10.25, 2.75, 9.75, 4], "texture": "#main"}
			}
		},
		{
			"from": [14.5, -3, 3.5],
			"to": [14.5, -1, 14.5],
			"rotation": {"angle": 45, "axis": "y", "origin": [14.5, -3, 7]},
			"faces": {
				"east": {"uv": [12.5, 0, 9.75, 0.5], "texture": "#main"},
				"west": {"uv": [12.5, 0, 9.75, 0.5], "texture": "#main"}
			}
		},
		{
			"from": [12.67157, -9, -9.15685],
			"to": [12.67157, -7, 1.84315],
			"rotation": {"angle": -22.5, "axis": "y", "origin": [11.67157, -9, -4.65685]},
			"faces": {
				"east": {"uv": [4.5, 8, 1.75, 8.5], "texture": "#main"},
				"west": {"uv": [4.5, 8, 1.75, 8.5], "texture": "#main"}
			}
		},
		{
			"from": [14, -14, -10],
			"to": [16, -5, -8],
			"rotation": {"angle": 22.5, "axis": "x", "origin": [15, -9.5, -9]},
			"faces": {
				"north": {"uv": [2.25, 8.5, 1.75, 10.75], "texture": "#main"},
				"east": {"uv": [3.25, 8.5, 2.75, 10.75], "texture": "#main"},
				"south": {"uv": [2.25, 8.5, 1.75, 10.75], "texture": "#main"},
				"west": {"uv": [2.75, 8.5, 2.25, 10.75], "texture": "#main"},
				"up": {"uv": [2.75, 10.75, 2.25, 11.25], "texture": "#main"},
				"down": {"uv": [2.75, 10.75, 2.25, 11.25], "texture": "#main"}
			}
		},
		{
			"from": [3.32843, -5, -13.15685],
			"to": [3.32843, -3, -2.15685],
			"rotation": {"angle": 22.5, "axis": "y", "origin": [4.32843, -5, -8.65685]},
			"faces": {
				"east": {"uv": [1.75, 8, 4.5, 8.5], "texture": "#main"},
				"west": {"uv": [1.75, 8, 4.5, 8.5], "texture": "#main"}
			}
		},
		{
			"from": [0, -10, -14],
			"to": [2, -1, -12],
			"rotation": {"angle": 22.5, "axis": "x", "origin": [1, -5.5, -13]},
			"faces": {
				"north": {"uv": [1.75, 8.5, 2.25, 10.75], "texture": "#main"},
				"east": {"uv": [2.25, 8.5, 2.75, 10.75], "texture": "#main"},
				"south": {"uv": [1.75, 8.5, 2.25, 10.75], "texture": "#main"},
				"west": {"uv": [2.75, 8.5, 3.25, 10.75], "texture": "#main"},
				"up": {"uv": [2.25, 10.75, 2.75, 11.25], "texture": "#main"},
				"down": {"uv": [2.25, 10.75, 2.75, 11.25], "texture": "#main"}
			}
		},
		{
			"from": [9, -5, -4],
			"to": [20, -3, -4],
			"rotation": {"angle": 22.5, "axis": "y", "origin": [14.5, -3, -3]},
			"faces": {
				"north": {"uv": [4.5, 8, 1.75, 8.5], "texture": "#main"},
				"south": {"uv": [4.5, 8, 1.75, 8.5], "texture": "#main"}
			}
		},
		{
			"from": [19, -10, -7],
			"to": [21, -1, -5],
			"rotation": {"angle": 22.5, "axis": "z", "origin": [20, -5.5, -6]},
			"faces": {
				"north": {"uv": [2.25, 8.5, 1.75, 10.75], "texture": "#main"},
				"east": {"uv": [3.25, 8.5, 2.75, 10.75], "texture": "#main"},
				"south": {"uv": [2.25, 8.5, 1.75, 10.75], "texture": "#main"},
				"west": {"uv": [2.75, 8.5, 2.25, 10.75], "texture": "#main"},
				"up": {"uv": [2.75, 10.75, 2.25, 11.25], "texture": "#main"},
				"down": {"uv": [2.75, 10.75, 2.25, 11.25], "texture": "#main"}
			}
		},
		{
			"from": [-5, -14, -3],
			"to": [-3, -5, -1],
			"rotation": {"angle": -22.5, "axis": "z", "origin": [-4, -9.5, -2]},
			"faces": {
				"north": {"uv": [1.75, 8.5, 2.25, 10.75], "texture": "#main"},
				"east": {"uv": [2.25, 8.5, 2.75, 10.75], "texture": "#main"},
				"south": {"uv": [1.75, 8.5, 2.25, 10.75], "texture": "#main"},
				"west": {"uv": [2.75, 8.5, 3.25, 10.75], "texture": "#main"},
				"up": {"uv": [2.25, 10.75, 2.75, 11.25], "texture": "#main"},
				"down": {"uv": [2.25, 10.75, 2.75, 11.25], "texture": "#main"}
			}
		},
		{
			"from": [-4, -9, 0],
			"to": [7, -7, 0],
			"rotation": {"angle": -22.5, "axis": "y", "origin": [1.5, -7, 1]},
			"faces": {
				"north": {"uv": [1.75, 8, 4.5, 8.5], "texture": "#main"},
				"south": {"uv": [1.75, 8, 4.5, 8.5], "texture": "#main"}
			}
		},
		{
			"from": [9, -8, 5],
			"to": [20, -6, 5],
			"rotation": {"angle": 0, "axis": "y", "origin": [14.5, -7, 1]},
			"faces": {
				"north": {"uv": [4.5, 8, 1.75, 8.5], "texture": "#main"},
				"south": {"uv": [4.5, 8, 1.75, 8.5], "texture": "#main"}
			}
		},
		{
			"from": [21, -14, 4],
			"to": [23, -5, 6],
			"rotation": {"angle": 22.5, "axis": "z", "origin": [20, -9.5, -2]},
			"faces": {
				"north": {"uv": [2.25, 8.5, 1.75, 10.75], "texture": "#main"},
				"east": {"uv": [3.25, 8.5, 2.75, 10.75], "texture": "#main"},
				"south": {"uv": [2.25, 8.5, 1.75, 10.75], "texture": "#main"},
				"west": {"uv": [2.75, 8.5, 2.25, 10.75], "texture": "#main"},
				"up": {"uv": [2.75, 10.75, 2.25, 11.25], "texture": "#main"},
				"down": {"uv": [2.75, 10.75, 2.25, 11.25], "texture": "#main"}
			}
		},
		{
			"from": [-4, -4, 1],
			"to": [7, -2, 1],
			"rotation": {"angle": 0, "axis": "y", "origin": [1.5, -3, -3]},
			"faces": {
				"north": {"uv": [1.75, 8, 4.5, 8.5], "texture": "#main"},
				"south": {"uv": [1.75, 8, 4.5, 8.5], "texture": "#main"}
			}
		},
		{
			"from": [-7, -10, 0],
			"to": [-5, -1, 2],
			"rotation": {"angle": -22.5, "axis": "z", "origin": [-4, -5.5, -6]},
			"faces": {
				"north": {"uv": [1.75, 8.5, 2.25, 10.75], "texture": "#main"},
				"east": {"uv": [2.25, 8.5, 2.75, 10.75], "texture": "#main"},
				"south": {"uv": [1.75, 8.5, 2.25, 10.75], "texture": "#main"},
				"west": {"uv": [2.75, 8.5, 3.25, 10.75], "texture": "#main"},
				"up": {"uv": [2.25, 10.75, 2.75, 11.25], "texture": "#main"},
				"down": {"uv": [2.25, 10.75, 2.75, 11.25], "texture": "#main"}
			}
		},
		{
			"from": [18, -11.76537, 7.15224],
			"to": [20, 4.23463, 12.15224],
			"rotation": {"angle": 22.5, "axis": "x", "origin": [19, -2.76537, 10.65224]},
			"faces": {
				"north": {"uv": [1.75, 8, 1.25, 12], "texture": "#main"},
				"east": {"uv": [1.25, 8, 0, 12], "texture": "#main"},
				"south": {"uv": [1.75, 8, 1.25, 12], "texture": "#main"},
				"west": {"uv": [1.25, 8, 0, 12], "texture": "#main"},
				"up": {"uv": [2.25, 10.75, 1.75, 12], "texture": "#main"},
				"down": {"uv": [2.25, 10.75, 1.75, 12], "texture": "#main"}
			}
		},
		{
			"from": [14.5, -3, 1.5],
			"to": [14.5, -1, 12.5],
			"rotation": {"angle": 45, "axis": "y", "origin": [14.5, -3, 5]},
			"faces": {
				"east": {"uv": [4.5, 8, 1.75, 8.5], "texture": "#main"},
				"west": {"uv": [4.5, 8, 1.75, 8.5], "texture": "#main"}
			}
		},
		{
			"from": [-4, -14, 12],
			"to": [-2, 2, 17],
			"rotation": {"angle": -22.5, "axis": "x", "origin": [-1, -6, 16.5]},
			"faces": {
				"north": {"uv": [1.25, 8, 1.75, 12], "texture": "#main"},
				"east": {"uv": [0, 8, 1.25, 12], "texture": "#main"},
				"south": {"uv": [1.25, 8, 1.75, 12], "texture": "#main"},
				"west": {"uv": [0, 8, 1.25, 12], "texture": "#main"},
				"up": {"uv": [1.75, 10.75, 2.25, 12], "texture": "#main"},
				"down": {"uv": [1.75, 10.75, 2.25, 12], "texture": "#main"}
			}
		},
		{
			"from": [1.5, -7, 5.5],
			"to": [1.5, -5, 16.5],
			"rotation": {"angle": -45, "axis": "y", "origin": [1.5, -7, 9]},
			"faces": {
				"east": {"uv": [1.75, 8, 4.5, 8.5], "texture": "#main"},
				"west": {"uv": [1.75, 8, 4.5, 8.5], "texture": "#main"}
			}
		},
		{
			"from": [12.67157, -5, -11.15685],
			"to": [12.67157, -3, -0.15685],
			"rotation": {"angle": -22.5, "axis": "y", "origin": [11.67157, -5, -6.65685]},
			"faces": {
				"east": {"uv": [12.5, 8, 9.75, 8.5], "texture": "#main"},
				"west": {"uv": [12.5, 8, 9.75, 8.5], "texture": "#main"}
			}
		},
		{
			"from": [14, -12, -10],
			"to": [16, -3, -8],
			"rotation": {"angle": -22.5, "axis": "x", "origin": [15, -5.5, -11]},
			"faces": {
				"north": {"uv": [10.25, 8.5, 9.75, 10.75], "texture": "#main"},
				"east": {"uv": [11.25, 8.5, 10.75, 10.75], "texture": "#main"},
				"south": {"uv": [10.25, 8.5, 9.75, 10.75], "texture": "#main"},
				"west": {"uv": [10.75, 8.5, 10.25, 10.75], "texture": "#main"},
				"up": {"uv": [10.75, 10.75, 10.25, 11.25], "texture": "#main"},
				"down": {"uv": [10.75, 10.75, 10.25, 11.25], "texture": "#main"}
			}
		},
		{
			"from": [3.32843, -9, -15.15685],
			"to": [3.32843, -7, -4.15685],
			"rotation": {"angle": 22.5, "axis": "y", "origin": [4.32843, -9, -10.65685]},
			"faces": {
				"east": {"uv": [9.75, 8, 12.5, 8.5], "texture": "#main"},
				"west": {"uv": [9.75, 8, 12.5, 8.5], "texture": "#main"}
			}
		},
		{
			"from": [0, -14, -16],
			"to": [2, -5, -14],
			"rotation": {"angle": 22.5, "axis": "x", "origin": [1, -9.5, -15]},
			"faces": {
				"north": {"uv": [9.75, 8.5, 10.25, 10.75], "texture": "#main"},
				"east": {"uv": [10.25, 8.5, 10.75, 10.75], "texture": "#main"},
				"south": {"uv": [9.75, 8.5, 10.25, 10.75], "texture": "#main"},
				"west": {"uv": [10.75, 8.5, 11.25, 10.75], "texture": "#main"},
				"up": {"uv": [10.25, 10.75, 10.75, 11.25], "texture": "#main"},
				"down": {"uv": [10.25, 10.75, 10.75, 11.25], "texture": "#main"}
			}
		},
		{
			"from": [9, -9, -6],
			"to": [20, -7, -6],
			"rotation": {"angle": 22.5, "axis": "y", "origin": [14.5, -7, -5]},
			"faces": {
				"north": {"uv": [12.5, 8, 9.75, 8.5], "texture": "#main"},
				"south": {"uv": [12.5, 8, 9.75, 8.5], "texture": "#main"}
			}
		},
		{
			"from": [19, -14, -9],
			"to": [21, -5, -7],
			"rotation": {"angle": 22.5, "axis": "z", "origin": [20, -9.5, -8]},
			"faces": {
				"north": {"uv": [10.25, 8.5, 9.75, 10.75], "texture": "#main"},
				"east": {"uv": [11.25, 8.5, 10.75, 10.75], "texture": "#main"},
				"south": {"uv": [10.25, 8.5, 9.75, 10.75], "texture": "#main"},
				"west": {"uv": [10.75, 8.5, 10.25, 10.75], "texture": "#main"},
				"up": {"uv": [10.75, 10.75, 10.25, 11.25], "texture": "#main"},
				"down": {"uv": [10.75, 10.75, 10.25, 11.25], "texture": "#main"}
			}
		},
		{
			"from": [-5, -10, -5],
			"to": [-3, -1, -3],
			"rotation": {"angle": -22.5, "axis": "z", "origin": [-4, -5.5, -4]},
			"faces": {
				"north": {"uv": [9.75, 8.5, 10.25, 10.75], "texture": "#main"},
				"east": {"uv": [10.25, 8.5, 10.75, 10.75], "texture": "#main"},
				"south": {"uv": [9.75, 8.5, 10.25, 10.75], "texture": "#main"},
				"west": {"uv": [10.75, 8.5, 11.25, 10.75], "texture": "#main"},
				"up": {"uv": [10.25, 10.75, 10.75, 11.25], "texture": "#main"},
				"down": {"uv": [10.25, 10.75, 10.75, 11.25], "texture": "#main"}
			}
		},
		{
			"from": [-4, -5, -2],
			"to": [7, -3, -2],
			"rotation": {"angle": -22.5, "axis": "y", "origin": [1.5, -3, -1]},
			"faces": {
				"north": {"uv": [9.75, 8, 12.5, 8.5], "texture": "#main"},
				"south": {"uv": [9.75, 8, 12.5, 8.5], "texture": "#main"}
			}
		},
		{
			"from": [9, -4, 3],
			"to": [20, -2, 3],
			"rotation": {"angle": 0, "axis": "y", "origin": [14.5, -3, -1]},
			"faces": {
				"north": {"uv": [12.5, 8, 9.75, 8.5], "texture": "#main"},
				"south": {"uv": [12.5, 8, 9.75, 8.5], "texture": "#main"}
			}
		},
		{
			"from": [21, -10, 2],
			"to": [23, -1, 4],
			"rotation": {"angle": 22.5, "axis": "z", "origin": [20, -5.5, -4]},
			"faces": {
				"north": {"uv": [10.25, 8.5, 9.75, 10.75], "texture": "#main"},
				"east": {"uv": [11.25, 8.5, 10.75, 10.75], "texture": "#main"},
				"south": {"uv": [10.25, 8.5, 9.75, 10.75], "texture": "#main"},
				"west": {"uv": [10.75, 8.5, 10.25, 10.75], "texture": "#main"},
				"up": {"uv": [10.75, 10.75, 10.25, 11.25], "texture": "#main"},
				"down": {"uv": [10.75, 10.75, 10.25, 11.25], "texture": "#main"}
			}
		},
		{
			"from": [-4, -8, -1],
			"to": [7, -6, -1],
			"rotation": {"angle": 0, "axis": "y", "origin": [1.5, -7, -5]},
			"faces": {
				"north": {"uv": [9.75, 8, 12.5, 8.5], "texture": "#main"},
				"south": {"uv": [9.75, 8, 12.5, 8.5], "texture": "#main"}
			}
		},
		{
			"from": [-7, -14, -2],
			"to": [-5, -5, 0],
			"rotation": {"angle": -22.5, "axis": "z", "origin": [-4, -9.5, -8]},
			"faces": {
				"north": {"uv": [9.75, 8.5, 10.25, 10.75], "texture": "#main"},
				"east": {"uv": [10.25, 8.5, 10.75, 10.75], "texture": "#main"},
				"south": {"uv": [9.75, 8.5, 10.25, 10.75], "texture": "#main"},
				"west": {"uv": [10.75, 8.5, 11.25, 10.75], "texture": "#main"},
				"up": {"uv": [10.25, 10.75, 10.75, 11.25], "texture": "#main"},
				"down": {"uv": [10.25, 10.75, 10.75, 11.25], "texture": "#main"}
			}
		},
		{
			"from": [18, -15.76537, 4.15224],
			"to": [20, 0.23463, 9.15224],
			"rotation": {"angle": 22.5, "axis": "x", "origin": [19, -6.76537, 8.65224]},
			"faces": {
				"north": {"uv": [9.75, 8, 9.25, 12], "texture": "#main"},
				"east": {"uv": [9.25, 8, 8, 12], "texture": "#main"},
				"south": {"uv": [9.75, 8, 9.25, 12], "texture": "#main"},
				"west": {"uv": [9.25, 8, 8, 12], "texture": "#main"},
				"up": {"uv": [10.25, 10.75, 9.75, 12], "texture": "#main"},
				"down": {"uv": [10.25, 10.75, 9.75, 12], "texture": "#main"}
			}
		},
		{
			"from": [14.5, -7, -0.5],
			"to": [14.5, -5, 10.5],
			"rotation": {"angle": 45, "axis": "y", "origin": [14.5, -7, 3]},
			"faces": {
				"east": {"uv": [12.5, 8, 9.75, 8.5], "texture": "#main"},
				"west": {"uv": [12.5, 8, 9.75, 8.5], "texture": "#main"}
			}
		},
		{
			"from": [-4, -10, 10],
			"to": [-2, 6, 15],
			"rotation": {"angle": -22.5, "axis": "x", "origin": [-1, -2, 14.5]},
			"faces": {
				"north": {"uv": [9.25, 8, 9.75, 12], "texture": "#main"},
				"east": {"uv": [8, 8, 9.25, 12], "texture": "#main"},
				"south": {"uv": [9.25, 8, 9.75, 12], "texture": "#main"},
				"west": {"uv": [8, 8, 9.25, 12], "texture": "#main"},
				"up": {"uv": [9.75, 10.75, 10.25, 12], "texture": "#main"},
				"down": {"uv": [9.75, 10.75, 10.25, 12], "texture": "#main"}
			}
		},
		{
			"from": [1.5, -3, 3.5],
			"to": [1.5, -1, 14.5],
			"rotation": {"angle": -45, "axis": "y", "origin": [1.5, -3, 7]},
			"faces": {
				"east": {"uv": [9.75, 8, 12.5, 8.5], "texture": "#main"},
				"west": {"uv": [9.75, 8, 12.5, 8.5], "texture": "#main"}
			}
		},
		{
			"from": [26.45584, -8, -2],
			"to": [26.45584, 24, 30],
			"rotation": {"angle": 22.5, "axis": "y", "origin": [28.45584, 17, 32.05635]},
			"faces": {
				"north": {"uv": [0, 0, 16, 16], "texture": "#1"},
				"east": {"uv": [16, 0, 0, 16], "texture": "#1"},
				"south": {"uv": [0, 0, 16, 16], "texture": "#1"},
				"west": {"uv": [0, 0, 16, 16], "texture": "#1"},
				"up": {"uv": [0, 0, 16, 16], "texture": "#1"},
				"down": {"uv": [0, 0, 16, 16], "texture": "#1"}
			}
		},
		{
			"from": [-10.45584, -8, -2],
			"to": [-10.45584, 24, 30],
			"rotation": {"angle": -22.5, "axis": "y", "origin": [-12.45584, 17, 32.05635]},
			"faces": {
				"north": {"uv": [16, 0, 0, 16], "texture": "#1"},
				"east": {"uv": [16, 0, 0, 16], "texture": "#1"},
				"south": {"uv": [16, 0, 0, 16], "texture": "#1"},
				"west": {"uv": [0, 0, 16, 16], "texture": "#1"},
				"up": {"uv": [16, 0, 0, 16], "texture": "#1"},
				"down": {"uv": [16, 0, 0, 16], "texture": "#1"}
			}
		},
		{
			"from": [5, -9, -13],
			"to": [11, -2, -8],
			"rotation": {"angle": 0, "axis": "y", "origin": [0, -14, -8]},
			"faces": {
				"north": {"uv": [0, 5.25, 1.5, 7], "texture": "#0"},
				"east": {"uv": [5.75, 5.25, 4.5, 7], "texture": "#0"},
				"south": {"uv": [1.5, 5.25, 3, 7], "texture": "#0"},
				"west": {"uv": [4.5, 5.25, 5.75, 7], "texture": "#0"},
				"up": {"uv": [7.75, 1.25, 6.25, 0], "texture": "#0"},
				"down": {"uv": [7.75, 1.25, 6.25, 2.5], "texture": "#0"}
			}
		},
		{
			"from": [6, -10, -8],
			"to": [10, -6, -1],
			"rotation": {"angle": 0, "axis": "x", "origin": [8, -8, -4.5]},
			"faces": {
				"north": {"uv": [1.5, 7, 2.5, 8], "texture": "#0"},
				"east": {"uv": [8, 5.25, 6.25, 6.25], "texture": "#0"},
				"south": {"uv": [1.5, 7, 2.5, 8], "texture": "#0"},
				"west": {"uv": [6.25, 5.25, 8, 6.25], "texture": "#0"},
				"up": {"uv": [7.25, 8, 6.25, 6.25], "texture": "#0"},
				"down": {"uv": [4.25, 2.5, 3.25, 0.75], "texture": "#0"}
			}
		},
		{
			"from": [3.26956, -7.07612, -4.5],
			"to": [6.26956, -5.07612, -2.5],
			"rotation": {"angle": -45, "axis": "z", "origin": [6.07612, -5.61732, -3.5]},
			"faces": {
				"north": {"uv": [4.5, 7, 5.25, 7.5], "rotation": 180, "texture": "#0"},
				"east": {"uv": [4.5, 7, 5, 7.5], "rotation": 180, "texture": "#0"},
				"south": {"uv": [4.5, 7, 5.25, 7.5], "rotation": 180, "texture": "#0"},
				"west": {"uv": [4.75, 7, 5.25, 7.5], "rotation": 180, "texture": "#0"},
				"up": {"uv": [4.5, 7, 5.25, 7.5], "texture": "#0"},
				"down": {"uv": [4.5, 7, 5.25, 7.5], "texture": "#0"}
			}
		},
		{
			"from": [4.65224, -6, -6.5],
			"to": [7.65224, -5, -5.5],
			"rotation": {"angle": -45, "axis": "z", "origin": [6.07612, -4.61732, -3.5]},
			"faces": {
				"north": {"uv": [4.5, 7.25, 5.25, 7.5], "texture": "#0"},
				"east": {"uv": [5, 7.25, 5.25, 7.5], "texture": "#0"},
				"south": {"uv": [4.5, 7, 5.25, 7.25], "texture": "#0"},
				"west": {"uv": [4.5, 7, 4.75, 7.25], "texture": "#0"},
				"up": {"uv": [4.5, 7, 5.25, 7.25], "texture": "#0"},
				"down": {"uv": [4.5, 7.25, 5.25, 7.5], "texture": "#0"}
			}
		},
		{
			"from": [9.73044, -7.07612, -4.5],
			"to": [12.73044, -5.07612, -2.5],
			"rotation": {"angle": 45, "axis": "z", "origin": [9.92388, -5.61732, -3.5]},
			"faces": {
				"north": {"uv": [5.25, 7, 4.5, 7.5], "rotation": 180, "texture": "#0"},
				"east": {"uv": [5.25, 7, 4.75, 7.5], "rotation": 180, "texture": "#0"},
				"south": {"uv": [5.25, 7, 4.5, 7.5], "rotation": 180, "texture": "#0"},
				"west": {"uv": [5, 7, 4.5, 7.5], "rotation": 180, "texture": "#0"},
				"up": {"uv": [5.25, 7, 4.5, 7.5], "texture": "#0"},
				"down": {"uv": [5.25, 7, 4.5, 7.5], "texture": "#0"}
			}
		},
		{
			"from": [5, -11, -13],
			"to": [11, -9, -8],
			"rotation": {"angle": 0, "axis": "y", "origin": [0, -13, -8]},
			"faces": {
				"north": {"uv": [7, 3, 8.5, 3.5], "texture": "#0"},
				"west": {"uv": [7, 3.5, 8.25, 4], "texture": "#0"}
			}
		},
		{
			"from": [8.34776, -7, -6.5],
			"to": [11.34776, -6, -5.5],
			"rotation": {"angle": 45, "axis": "z", "origin": [9.92388, -5.61732, -3.5]},
			"faces": {
				"north": {"uv": [5.25, 7.25, 4.5, 7.5], "texture": "#0"},
				"east": {"uv": [4.75, 7, 4.5, 7.25], "texture": "#0"},
				"south": {"uv": [5.25, 7, 4.5, 7.25], "texture": "#0"},
				"west": {"uv": [5.25, 7.25, 5, 7.5], "texture": "#0"},
				"up": {"uv": [5.25, 7, 4.5, 7.25], "texture": "#0"},
				"down": {"uv": [5.25, 7.25, 4.5, 7.5], "texture": "#0"}
			}
		},
		{
			"from": [-1.5, -4, 1],
			"to": [3.5, 6, 2],
			"rotation": {"angle": 45, "axis": "z", "origin": [7.5, 0, -1.5]},
			"faces": {
				"north": {"uv": [6.25, 0, 5, 2.5], "texture": "#0"},
				"east": {"uv": [5.25, 0, 5, 2.5], "texture": "#0"},
				"south": {"uv": [6.25, 0, 5, 2.5], "texture": "#0"},
				"west": {"uv": [6.25, 0, 6, 2.5], "texture": "#0"},
				"up": {"uv": [6.25, 0, 5, 0.25], "texture": "#0"},
				"down": {"uv": [6.25, 2.25, 5, 2.5], "texture": "#0"}
			}
		},
		{
			"from": [5.5, -5, 1],
			"to": [10.5, 5, 2],
			"rotation": {"angle": 22.5, "axis": "x", "origin": [8.5, 0, -0.5]},
			"faces": {
				"north": {"uv": [5, 0, 6.25, 2.5], "texture": "#0"},
				"east": {"uv": [6, 0, 6.25, 2.5], "texture": "#0"},
				"south": {"uv": [5, 0, 6.25, 2.5], "texture": "#0"},
				"west": {"uv": [5, 0, 5.25, 2.5], "texture": "#0"},
				"up": {"uv": [5, 0, 6.25, 0.25], "texture": "#0"},
				"down": {"uv": [5, 2.25, 6.25, 2.5], "texture": "#0"}
			}
		},
		{
			"from": [5.5, -7, 4],
			"to": [10.5, 3, 5],
			"rotation": {"angle": 22.5, "axis": "x", "origin": [8.5, 0, -0.5]},
			"faces": {
				"north": {"uv": [5, 0, 6.25, 2.5], "texture": "#0"},
				"east": {"uv": [6, 0, 6.25, 2.5], "texture": "#0"},
				"south": {"uv": [5, 0, 6.25, 2.5], "texture": "#0"},
				"west": {"uv": [5, 0, 5.25, 2.5], "texture": "#0"},
				"up": {"uv": [5, 0, 6.25, 0.25], "texture": "#0"},
				"down": {"uv": [5, 2.25, 6.25, 2.5], "texture": "#0"}
			}
		},
		{
			"from": [5.5, -7, 7],
			"to": [10.5, 3, 8],
			"rotation": {"angle": 22.5, "axis": "x", "origin": [8.5, 0, -0.5]},
			"faces": {
				"north": {"uv": [5, 0, 6.25, 2.5], "texture": "#0"},
				"east": {"uv": [6, 0, 6.25, 2.5], "texture": "#0"},
				"south": {"uv": [5, 0, 6.25, 2.5], "texture": "#0"},
				"west": {"uv": [5, 0, 5.25, 2.5], "texture": "#0"},
				"up": {"uv": [5, 0, 6.25, 0.25], "texture": "#0"},
				"down": {"uv": [5, 2.25, 6.25, 2.5], "texture": "#0"}
			}
		},
		{
			"from": [12.5, -4, 1],
			"to": [17.5, 6, 2],
			"rotation": {"angle": -45, "axis": "z", "origin": [8.5, 0, -1.5]},
			"faces": {
				"north": {"uv": [5, 0, 6.25, 2.5], "texture": "#0"},
				"east": {"uv": [6, 0, 6.25, 2.5], "texture": "#0"},
				"south": {"uv": [5, 0, 6.25, 2.5], "texture": "#0"},
				"west": {"uv": [5, 0, 5.25, 2.5], "texture": "#0"},
				"up": {"uv": [5, 0, 6.25, 0.25], "texture": "#0"},
				"down": {"uv": [5, 2.25, 6.25, 2.5], "texture": "#0"}
			}
		},
		{
			"from": [3, -13, -1],
			"to": [13, -5, 12],
			"rotation": {"angle": -22.5, "axis": "x", "origin": [8, -8, -0.5]},
			"faces": {
				"north": {"uv": [4.5, 3.25, 7, 5.25], "texture": "#0"},
				"east": {"uv": [3.25, 3.25, 0, 5.25], "texture": "#0"},
				"south": {"uv": [4.5, 3.25, 7, 5.25], "texture": "#0"},
				"west": {"uv": [0, 3.25, 3.25, 5.25], "texture": "#0"},
				"up": {"uv": [2.5, 3.25, 0, 0], "texture": "#0"},
				"down": {"uv": [5, 0, 2.5, 3.25], "texture": "#0"}
			}
		},
		{
			"from": [8, -9, 12],
			"to": [8, -7, 15],
			"rotation": {"angle": -22.5, "axis": "x", "origin": [8, -8, -0.5]},
			"faces": {
				"east": {"uv": [4.5, 7, 5.25, 7.5], "texture": "#0"},
				"west": {"uv": [4.5, 7, 5.25, 7.5], "texture": "#0"}
			}
		}
	],
	"display": {
		"head": {
			"translation": [0, -2, 16],
			"scale": [2, 2, 2]
		}
	},
	"groups": [0, 1, 2, 3, 4, 5, 6, 7, 8, 9, 10, 11, 12, 13, 14, 15, 16, 17, 18, 19, 20, 21, 22, 23, 24, 25, 26, 27, 28, 29, 30, 31, 32, 33, 34, 35, 36, 37, 38, 39, 40, 41, 42, 43, 44, 45, 46, 47, 48, 49, 50, 51, 52, 53, 54, 55, 56, 57, 58, 59, 60, 61, 62, 63,
		{
			"name": "2cyclel1",
			"origin": [1, 4.5, -4],
			"color": 0,
			"children": [64, 65]
		},
		{
			"name": "1cycler1",
			"origin": [15, 4.5, -4],
			"color": 0,
			"children": [66, 67]
		},
		{
			"name": "1cyclel2",
			"origin": [-4, 4.5, 3],
			"color": 0,
			"children": [68, 69]
		},
		{
			"name": "2cycler2",
			"origin": [14.5, 7, 6],
			"color": 0,
			"children": [70, 71]
		},
		{
			"name": "2cyclel3",
			"origin": [-4, 4.5, 3],
			"color": 0,
			"children": [72, 73]
		},
		{
			"name": "1cycler3",
			"origin": [20, 4.5, 3],
			"color": 0,
			"children": [74, 75]
		},
		{
			"name": "1cyclel4",
			"origin": [1.5, 7, 14],
			"color": 0,
			"children": [76, 77]
		},
		{
			"name": "2cycler4",
			"origin": [14.5, 7, 14],
			"color": 0,
			"children": [78, 79]
		}
	]
}