{
	"credit": "Made with Blockbench",
	"texture_size": [64, 64],
	"textures": {
		"3": "item/mobs/flames/sightseer_flame",
		"6": "item/mobs/atlas_body"
	},
	"elements": [
		{
			"name": "upper_body",
			"from": [0, 5, 10],
			"to": [16, 21, 23],
			"rotation": {"angle": -22.5, "axis": "x", "origin": [8.5, 13, 16]},
			"faces": {
				"north": {"uv": [0, 4.25, 4, 8.25], "texture": "#6"},
				"east": {"uv": [7.75, 0, 4.5, 4], "texture": "#6"},
				"south": {"uv": [4, 4.25, 8, 8.25], "texture": "#6"},
				"west": {"uv": [4.5, 0, 7.75, 4], "texture": "#6"},
				"down": {"uv": [11.75, 0, 7.75, 3.25], "texture": "#6"}
			}
		},
		{
			"name": "lower_body",
			"from": [3, -5, 14],
			"to": [13, 9, 24],
			"rotation": {"angle": 0, "axis": "y", "origin": [16.5, -2, 7.5]},
			"faces": {
				"north": {"uv": [8, 3.25, 10.5, 6.75], "texture": "#6"},
				"east": {"uv": [8, 6.75, 10.5, 10.25], "texture": "#6"},
				"south": {"uv": [0, 8.25, 2.5, 11.75], "texture": "#6"},
				"west": {"uv": [2.5, 8.25, 5, 11.75], "texture": "#6"},
				"down": {"uv": [13, 5, 10.5, 7.5], "texture": "#6"}
			}
		},
		{
			"name": "leg_left",
			"from": [-1, -16, 15],
			"to": [5, 0, 21],
			"rotation": {"angle": 0, "axis": "y", "origin": [16.5, 0, 7.5]},
			"faces": {
				"north": {"uv": [0, 11.75, 1.5, 15.75], "texture": "#6"},
				"east": {"uv": [1.5, 11.75, 3, 15.75], "texture": "#6"},
				"south": {"uv": [3, 11.75, 4.5, 15.75], "texture": "#6"},
				"west": {"uv": [1.5, 11.75, 3, 15.75], "texture": "#6"},
				"up": {"uv": [15.5, 10.5, 14, 9], "texture": "#6"},
				"down": {"uv": [11.5, 14, 10, 15.5], "texture": "#6"}
			}
		},
		{
			"name": "leg_right",
			"from": [11, -16, 15],
			"to": [17, 0, 21],
			"rotation": {"angle": 0, "axis": "y", "origin": [-0.5, 0, 7.5]},
			"faces": {
				"north": {"uv": [1.5, 11.75, 0, 15.75], "texture": "#6"},
				"east": {"uv": [3, 11.75, 1.5, 15.75], "texture": "#6"},
				"south": {"uv": [4.5, 11.75, 3, 15.75], "texture": "#6"},
				"west": {"uv": [3, 11.75, 1.5, 15.75], "texture": "#6"},
				"up": {"uv": [14, 10.5, 15.5, 9], "texture": "#6"},
				"down": {"uv": [10, 14, 11.5, 15.5], "texture": "#6"}
			}
		},
		{
			"name": "arm",
			"from": [-6, 0, 11],
			"to": [-1, 13, 17],
			"rotation": {"angle": 0, "axis": "y", "origin": [16.5, 0, 7.5]},
			"faces": {
				"north": {"uv": [7.5, 12, 8.75, 15.25], "texture": "#6"},
				"east": {"uv": [11.75, 0, 13.25, 3.25], "texture": "#6"},
				"south": {"uv": [8.75, 12, 10, 15.25], "texture": "#6"},
				"west": {"uv": [6, 12, 7.5, 15.25], "texture": "#6"},
				"down": {"uv": [15.25, 10.5, 14, 12], "texture": "#6"}
			}
		},
		{
			"name": "sholder",
			"from": [-8, 12, 10],
			"to": [0, 20, 18],
			"rotation": {"angle": 0, "axis": "y", "origin": [16.5, 0, 7.5]},
			"faces": {
				"north": {"uv": [5, 8.25, 7, 10.25], "texture": "#6"},
				"east": {"uv": [10, 12, 12, 14], "texture": "#6"},
				"south": {"uv": [12, 12, 14, 14], "texture": "#6"},
				"west": {"uv": [13, 5, 15, 7], "texture": "#6"},
				"up": {"uv": [15.25, 2, 13.25, 0], "texture": "#6"},
				"down": {"uv": [15.75, 7, 13.75, 9], "texture": "#6"}
			}
		},
		{
			"name": "collar",
			"from": [-1, 15, 4],
			"to": [17, 22, 21],
			"rotation": {"angle": -45, "axis": "x", "origin": [8.5, 18.5, 12]},
			"faces": {
				"north": {"uv": [5, 10.25, 9.5, 12], "texture": "#6"},
				"east": {"uv": [14.75, 3.25, 10.5, 5], "texture": "#6"},
				"south": {"uv": [9.5, 10.25, 14, 12], "texture": "#6"},
				"west": {"uv": [10.5, 3.25, 14.75, 5], "texture": "#6"},
				"up": {"uv": [4.5, 4.25, 0, 0], "texture": "#6"},
				"down": {"uv": [4.5, 4.25, 0, 0], "texture": "#6"}
			}
		},
		{
			"from": [3, 14, 4],
			"to": [13, 24, 14],
			"rotation": {"angle": 22.5, "axis": "x", "origin": [8.5, 18.5, 12]},
			"faces": {
				"north": {"uv": [0, 9.25, 2.5, 11.75], "texture": "#6"},
				"east": {"uv": [0, 9.25, 2.5, 11.75], "texture": "#6"},
				"south": {"uv": [0, 9.25, 2.5, 11.75], "texture": "#6"},
				"west": {"uv": [0, 9.25, 2.5, 11.75], "texture": "#6"},
				"up": {"uv": [0, 9.25, 2.5, 11.75], "texture": "#6"},
				"down": {"uv": [0, 9.25, 2.5, 11.75], "texture": "#6"}
			}
		},
		{
			"name": "collar",
			"from": [-1, 22.07107, 18.0711],
			"to": [-1, 29.07107, 31.0711],
			"rotation": {"angle": -45, "axis": "x", "origin": [-1.5, 25.57107, 19.07107]},
			"faces": {
				"north": {"uv": [0, 0, 0, 1.75], "texture": "#6"},
				"east": {"uv": [13.75, 7.5, 10.5, 9.25], "texture": "#6"},
				"south": {"uv": [0, 0, 0, 1.75], "texture": "#6"},
				"west": {"uv": [10.5, 7.5, 13.75, 9.25], "texture": "#6"},
				"up": {"uv": [0, 3.25, 0, 0], "texture": "#6"},
				"down": {"uv": [0, 0, 0, 3.25], "texture": "#6"}
			}
		},
		{
			"name": "collar",
			"from": [1, 22, 19],
			"to": [1, 29, 32],
			"rotation": {"angle": -22.5, "axis": "x", "origin": [-1, 22.5, 25.5]},
			"faces": {
				"north": {"uv": [0, 0, 0, 1.75], "texture": "#missing"},
				"east": {"uv": [15, 0, 0, 8], "texture": "#3"},
				"south": {"uv": [0, 0, 0, 1.75], "texture": "#missing"},
				"west": {"uv": [0, 0, 15, 8], "texture": "#3"},
				"up": {"uv": [0, 0, 3.25, 0], "rotation": 90, "texture": "#missing"},
				"down": {"uv": [0, 0, 3.25, 0], "rotation": 270, "texture": "#missing"}
			}
		},
		{
			"name": "collar",
			"from": [15, 22, 19],
			"to": [15, 29, 32],
			"rotation": {"angle": -22.5, "axis": "x", "origin": [17, 22.5, 25.5]},
			"faces": {
				"north": {"uv": [0, 0, 0, 1.75], "texture": "#missing"},
				"east": {"uv": [15, 0, 0, 8], "texture": "#3"},
				"south": {"uv": [0, 0, 0, 1.75], "texture": "#missing"},
				"west": {"uv": [0, 0, 15, 8], "texture": "#3"},
				"up": {"uv": [0, 0, 3.25, 0], "rotation": 90, "texture": "#missing"},
				"down": {"uv": [0, 0, 3.25, 0], "rotation": 270, "texture": "#missing"}
			}
		},
		{
			"name": "collar",
			"from": [17, 22.07107, 18.0711],
			"to": [17, 29.07107, 31.0711],
			"rotation": {"angle": -45, "axis": "x", "origin": [17.5, 25.57107, 19.07107]},
			"faces": {
				"north": {"uv": [0, 0, 0, 1.75], "texture": "#6"},
				"east": {"uv": [13.75, 7.5, 10.5, 9.25], "texture": "#6"},
				"south": {"uv": [0, 0, 0, 1.75], "texture": "#6"},
				"west": {"uv": [10.5, 7.5, 13.75, 9.25], "texture": "#6"},
				"up": {"uv": [0, 3.25, 0, 0], "texture": "#6"},
				"down": {"uv": [0, 0, 0, 3.25], "texture": "#6"}
			}
		}
	],
	"display": {
		"head": {
			"translation": [0, -6.8, 0],
			"scale": [1.6, 1.6, 1.6]
		}
	},
	"groups": [0, 1, 2, 3, 4, 5, 6, 7, 8, 9, 10, 11,
		{
			"name": "cross_floor",
			"origin": [0, 0, 0],
			"color": 0,
			"children": []
		}
	]
}
