{
	"credit": "Made with Blockbench",
	"texture_size": [64, 64],
	"textures": {
		"1": "item/mobs/flames/sightseer_flame",
		"2": "item/mobs/atlas_body",
		"particle": "item/mobs/flames/sightseer_flame",
		"main": "item/mobs/atlas_body_walk"
	},
	"elements": [
		{
			"name": "upper_body",
			"from": [0, 5, 10],
			"to": [16, 21, 23],
			"rotation": {"angle": -22.5, "axis": "x", "origin": [8.5, 13, 16]},
			"faces": {
				"north": {"uv": [0, 4.25, 4, 8.25], "texture": "#2"},
				"east": {"uv": [7.75, 0, 4.5, 4], "texture": "#2"},
				"south": {"uv": [4, 4.25, 8, 8.25], "texture": "#2"},
				"west": {"uv": [4.5, 0, 7.75, 4], "texture": "#2"},
				"up": {"uv": [0, 0, 0, 0], "texture": "#2"},
				"down": {"uv": [11.75, 0, 7.75, 3.25], "texture": "#2"}
			}
		},
		{
			"name": "collar",
			"from": [-1, 15, 4],
			"to": [17, 22, 21],
			"rotation": {"angle": -45, "axis": "x", "origin": [8.5, 18.5, 12]},
			"faces": {
				"north": {"uv": [5, 10.25, 9.5, 12], "texture": "#2"},
				"east": {"uv": [14.75, 3.25, 10.5, 5], "texture": "#2"},
				"south": {"uv": [9.5, 10.25, 14, 12], "texture": "#2"},
				"west": {"uv": [10.5, 3.25, 14.75, 5], "texture": "#2"},
				"up": {"uv": [4.5, 4.25, 0, 0], "texture": "#2"},
				"down": {"uv": [4.5, 4.25, 0, 0], "texture": "#2"}
			}
		},
		{
			"from": [3, 14, 4],
			"to": [13, 24, 14],
			"rotation": {"angle": 22.5, "axis": "x", "origin": [8.5, 18.5, 12]},
			"faces": {
				"north": {"uv": [0, 8.25, 2.5, 10.75], "texture": "#2"},
				"east": {"uv": [0, 8.25, 2.5, 10.75], "texture": "#2"},
				"south": {"uv": [0, 8.25, 2.5, 10.75], "texture": "#2"},
				"west": {"uv": [0, 8.25, 2.5, 10.75], "texture": "#2"},
				"up": {"uv": [0, 8.25, 2.5, 10.75], "texture": "#2"},
				"down": {"uv": [0, 8.25, 2.5, 10.75], "texture": "#2"}
			}
		},
		{
			"name": "collar",
			"from": [-1, 22.07107, 18.0711],
			"to": [-1, 29.07107, 31.0711],
			"rotation": {"angle": -45, "axis": "x", "origin": [-1.5, 25.57107, 19.07107]},
			"faces": {
				"north": {"uv": [10.5, 7.5, 13.75, 9.25], "texture": "#2"},
				"east": {"uv": [13.75, 7.5, 10.5, 9.25], "texture": "#2"},
				"south": {"uv": [10.5, 7.5, 13.75, 9.25], "texture": "#2"},
				"west": {"uv": [10.5, 7.5, 13.75, 9.25], "texture": "#2"},
				"up": {"uv": [10.5, 7.5, 13.75, 9.25], "texture": "#2"},
				"down": {"uv": [10.5, 7.5, 13.75, 9.25], "texture": "#2"}
			}
		},
		{
			"name": "collar",
			"from": [1, 22, 19],
			"to": [1, 29, 32],
			"rotation": {"angle": -22.5, "axis": "x", "origin": [-1, 22.5, 25.5]},
			"faces": {
				"north": {"uv": [0, 0, 15, 8], "texture": "#1"},
				"east": {"uv": [15, 0, 0, 8], "texture": "#1"},
				"south": {"uv": [0, 0, 15, 8], "texture": "#1"},
				"west": {"uv": [0, 0, 15, 8], "texture": "#1"},
				"up": {"uv": [0, 0, 15, 8], "texture": "#1"},
				"down": {"uv": [0, 0, 15, 8], "texture": "#1"}
			}
		},
		{
			"name": "collar",
			"from": [15, 22, 19],
			"to": [15, 29, 32],
			"rotation": {"angle": -22.5, "axis": "x", "origin": [17, 22.5, 25.5]},
			"faces": {
				"north": {"uv": [15, 0, 0, 9], "texture": "#1"},
				"east": {"uv": [15, 0, 0, 9], "texture": "#1"},
				"south": {"uv": [15, 0, 0, 9], "texture": "#1"},
				"west": {"uv": [0, 0, 15, 9], "texture": "#1"},
				"up": {"uv": [15, 0, 0, 9], "texture": "#1"},
				"down": {"uv": [15, 0, 0, 9], "texture": "#1"}
			}
		},
		{
			"name": "collar",
			"from": [17, 22.07107, 18.0711],
			"to": [17, 29.07107, 31.0711],
			"rotation": {"angle": -45, "axis": "x", "origin": [17.5, 25.57107, 19.07107]},
			"faces": {
				"north": {"uv": [10.5, 7.5, 13.75, 9.25], "texture": "#2"},
				"east": {"uv": [13.75, 7.5, 10.5, 9.25], "texture": "#2"},
				"south": {"uv": [10.5, 7.5, 13.75, 9.25], "texture": "#2"},
				"west": {"uv": [10.5, 7.5, 13.75, 9.25], "texture": "#2"},
				"up": {"uv": [10.5, 7.5, 13.75, 9.25], "texture": "#2"},
				"down": {"uv": [10.5, 7.5, 13.75, 9.25], "texture": "#2"}
			}
		},
		{
			"name": "lower_body",
			"from": [3, -5, 14],
			"to": [13, 9, 24],
			"rotation": {"angle": 22.5, "axis": "y", "origin": [8, 2, 19]},
			"faces": {
				"north": {"uv": [4, 1.625, 5.25, 3.375], "texture": "#main"},
				"east": {"uv": [4, 3.375, 5.25, 5.125], "texture": "#main"},
				"south": {"uv": [0, 4.125, 1.25, 5.875], "texture": "#main"},
				"west": {"uv": [1.25, 4.125, 2.5, 5.875], "texture": "#main"},
				"down": {"uv": [6.5, 2.5, 5.25, 3.75], "texture": "#main"}
			}
		},
		{
			"name": "leg_left",
			"from": [-1, -16, 19],
			"to": [5, 0, 25],
			"rotation": {"angle": 0, "axis": "y", "origin": [16.5, 0, 7.5]},
			"faces": {
				"north": {"uv": [0, 5.875, 0.75, 7.875], "texture": "#main"},
				"east": {"uv": [0.75, 5.875, 1.5, 7.875], "texture": "#main"},
				"south": {"uv": [1.5, 5.875, 2.25, 7.875], "texture": "#main"},
				"west": {"uv": [0.75, 5.875, 1.5, 7.875], "texture": "#main"},
				"up": {"uv": [7.75, 5.25, 7, 4.5], "texture": "#main"},
				"down": {"uv": [5.75, 7, 5, 7.75], "texture": "#main"}
			}
		},
		{
			"name": "leg_right",
			"from": [11, -14, 9],
			"to": [17, 2, 15],
			"rotation": {"angle": 22.5, "axis": "x", "origin": [14, -6, 14]},
			"faces": {
				"north": {"uv": [0.75, 5.875, 0, 7.875], "texture": "#main"},
				"east": {"uv": [1.5, 5.875, 0.75, 7.875], "texture": "#main"},
				"south": {"uv": [2.25, 5.875, 1.5, 7.875], "texture": "#main"},
				"west": {"uv": [1.5, 5.875, 0.75, 7.875], "texture": "#main"},
				"up": {"uv": [7, 5.25, 7.75, 4.5], "texture": "#main"},
				"down": {"uv": [5, 7, 5.75, 7.75], "texture": "#main"}
			}
		},
		{
			"name": "arm",
			"from": [-6, 2, 9],
			"to": [-1, 15, 15],
			"rotation": {"angle": 22.5, "axis": "x", "origin": [-3.75, 13.25, 12]},
			"faces": {
				"north": {"uv": [3.75, 6, 4.375, 7.625], "texture": "#main"},
				"east": {"uv": [5.875, 0, 6.625, 1.625], "texture": "#main"},
				"south": {"uv": [4.375, 6, 5, 7.625], "texture": "#main"},
				"west": {"uv": [3, 6, 3.75, 7.625], "texture": "#main"},
				"down": {"uv": [7.625, 5.25, 7, 6], "texture": "#main"}
			}
		},
		{
			"name": "sholder",
			"from": [-8, 14, 8],
			"to": [0, 22, 16],
			"rotation": {"angle": 22.5, "axis": "x", "origin": [-3.75, 13.25, 12]},
			"faces": {
				"north": {"uv": [2.5, 4.125, 3.5, 5.125], "texture": "#main"},
				"east": {"uv": [5, 6, 6, 7], "texture": "#main"},
				"south": {"uv": [6, 6, 7, 7], "texture": "#main"},
				"west": {"uv": [6.5, 2.5, 7.5, 3.5], "texture": "#main"},
				"up": {"uv": [7.625, 1, 6.625, 0], "texture": "#main"},
				"down": {"uv": [7.875, 3.5, 6.875, 4.5], "texture": "#main"}
			}
		},
		{
			"name": "lower_body",
			"from": [3, -5, 14],
			"to": [13, 9, 24],
			"rotation": {"angle": 22.5, "axis": "y", "origin": [8, 2, 19]},
			"faces": {
				"north": {"uv": [12, 1.625, 13.25, 3.375], "texture": "#main"},
				"east": {"uv": [12, 3.375, 13.25, 5.125], "texture": "#main"},
				"south": {"uv": [8, 4.125, 9.25, 5.875], "texture": "#main"},
				"west": {"uv": [9.25, 4.125, 10.5, 5.875], "texture": "#main"},
				"down": {"uv": [14.5, 2.5, 13.25, 3.75], "texture": "#main"}
			}
		},
		{
			"name": "leg_left",
			"from": [-1, -15, 23],
			"to": [5, 1, 29],
			"rotation": {"angle": -22.5, "axis": "x", "origin": [2, -8, 27]},
			"faces": {
				"north": {"uv": [8, 5.875, 8.75, 7.875], "texture": "#main"},
				"east": {"uv": [8.75, 5.875, 9.5, 7.875], "texture": "#main"},
				"south": {"uv": [9.5, 5.875, 10.25, 7.875], "texture": "#main"},
				"west": {"uv": [8.75, 5.875, 9.5, 7.875], "texture": "#main"},
				"up": {"uv": [15.75, 5.25, 15, 4.5], "texture": "#main"},
				"down": {"uv": [13.75, 7, 13, 7.75], "texture": "#main"}
			}
		},
		{
			"name": "leg_right",
			"from": [11, -16, 13],
			"to": [17, 0, 19],
			"rotation": {"angle": 0, "axis": "y", "origin": [-0.5, 0, 7.5]},
			"faces": {
				"north": {"uv": [8.75, 5.875, 8, 7.875], "texture": "#main"},
				"east": {"uv": [9.5, 5.875, 8.75, 7.875], "texture": "#main"},
				"south": {"uv": [10.25, 5.875, 9.5, 7.875], "texture": "#main"},
				"west": {"uv": [9.5, 5.875, 8.75, 7.875], "texture": "#main"},
				"up": {"uv": [15, 5.25, 15.75, 4.5], "texture": "#main"},
				"down": {"uv": [13, 7, 13.75, 7.75], "texture": "#main"}
			}
		},
		{
			"name": "arm",
			"from": [-6, 1, 8],
			"to": [-1, 14, 14],
			"rotation": {"angle": 22.5, "axis": "x", "origin": [-3.5, 7.5, 11]},
			"faces": {
				"north": {"uv": [11.75, 6, 12.375, 7.625], "texture": "#main"},
				"east": {"uv": [13.875, 0, 14.625, 1.625], "texture": "#main"},
				"south": {"uv": [12.375, 6, 13, 7.625], "texture": "#main"},
				"west": {"uv": [11, 6, 11.75, 7.625], "texture": "#main"},
				"down": {"uv": [15.625, 5.25, 15, 6], "texture": "#main"}
			}
		},
		{
			"name": "sholder",
			"from": [-8, 12, 10],
			"to": [0, 20, 18],
			"rotation": {"angle": 0, "axis": "y", "origin": [16.5, 0, 7.5]},
			"faces": {
				"north": {"uv": [10.5, 4.125, 11.5, 5.125], "texture": "#main"},
				"east": {"uv": [13, 6, 14, 7], "texture": "#main"},
				"south": {"uv": [14, 6, 15, 7], "texture": "#main"},
				"west": {"uv": [14.5, 2.5, 15.5, 3.5], "texture": "#main"},
				"up": {"uv": [15.625, 1, 14.625, 0], "texture": "#main"},
				"down": {"uv": [15.875, 3.5, 14.875, 4.5], "texture": "#main"}
			}
		},
		{
			"name": "lower_body",
			"from": [3, -5, 14],
			"to": [13, 9, 24],
			"rotation": {"angle": -22.5, "axis": "y", "origin": [8, 2, 19]},
			"faces": {
				"north": {"uv": [4, 9.625, 5.25, 11.375], "texture": "#main"},
				"east": {"uv": [4, 11.375, 5.25, 13.125], "texture": "#main"},
				"south": {"uv": [0, 12.125, 1.25, 13.875], "texture": "#main"},
				"west": {"uv": [1.25, 12.125, 2.5, 13.875], "texture": "#main"},
				"down": {"uv": [6.5, 10.5, 5.25, 11.75], "texture": "#main"}
			}
		},
		{
			"name": "leg_left",
			"from": [-1, -13, 12],
			"to": [5, 3, 18],
			"rotation": {"angle": 22.5, "axis": "x", "origin": [2, -7, 15]},
			"faces": {
				"north": {"uv": [0, 13.875, 0.75, 15.875], "texture": "#main"},
				"east": {"uv": [0.75, 13.875, 1.5, 15.875], "texture": "#main"},
				"south": {"uv": [1.5, 13.875, 2.25, 15.875], "texture": "#main"},
				"west": {"uv": [0.75, 13.875, 1.5, 15.875], "texture": "#main"},
				"up": {"uv": [7.75, 13.25, 7, 12.5], "texture": "#main"},
				"down": {"uv": [5.75, 15, 5, 15.75], "texture": "#main"}
			}
		},
		{
			"name": "leg_right",
			"from": [11, -16, 19],
			"to": [17, 0, 25],
			"rotation": {"angle": 0, "axis": "y", "origin": [-0.5, 0, 7.5]},
			"faces": {
				"north": {"uv": [0.75, 13.875, 0, 15.875], "texture": "#main"},
				"east": {"uv": [1.5, 13.875, 0.75, 15.875], "texture": "#main"},
				"south": {"uv": [2.25, 13.875, 1.5, 15.875], "texture": "#main"},
				"west": {"uv": [1.5, 13.875, 0.75, 15.875], "texture": "#main"},
				"up": {"uv": [7, 13.25, 7.75, 12.5], "texture": "#main"},
				"down": {"uv": [5, 15, 5.75, 15.75], "texture": "#main"}
			}
		},
		{
			"name": "arm",
			"from": [-6, 0, 14],
			"to": [-1, 13, 20],
			"rotation": {"angle": 0, "axis": "y", "origin": [16.5, 0, 7.5]},
			"faces": {
				"north": {"uv": [3.75, 14, 4.375, 15.625], "texture": "#main"},
				"east": {"uv": [5.875, 8, 6.625, 9.625], "texture": "#main"},
				"south": {"uv": [4.375, 14, 5, 15.625], "texture": "#main"},
				"west": {"uv": [3, 14, 3.75, 15.625], "texture": "#main"},
				"down": {"uv": [7.625, 13.25, 7, 14], "texture": "#main"}
			}
		},
		{
			"name": "sholder",
			"from": [-8, 12, 11],
			"to": [0, 20, 19],
			"rotation": {"angle": 0, "axis": "y", "origin": [16.5, 0, 7.5]},
			"faces": {
				"north": {"uv": [2.5, 12.125, 3.5, 13.125], "texture": "#main"},
				"east": {"uv": [5, 14, 6, 15], "texture": "#main"},
				"south": {"uv": [6, 14, 7, 15], "texture": "#main"},
				"west": {"uv": [6.5, 10.5, 7.5, 11.5], "texture": "#main"},
				"up": {"uv": [7.625, 9, 6.625, 8], "texture": "#main"},
				"down": {"uv": [7.875, 11.5, 6.875, 12.5], "texture": "#main"}
			}
		},
		{
			"name": "lower_body",
			"from": [3, -5, 14],
			"to": [13, 9, 24],
			"rotation": {"angle": -22.5, "axis": "y", "origin": [8, 2, 20]},
			"faces": {
				"north": {"uv": [12, 9.625, 13.25, 11.375], "texture": "#main"},
				"east": {"uv": [12, 11.375, 13.25, 13.125], "texture": "#main"},
				"south": {"uv": [8, 12.125, 9.25, 13.875], "texture": "#main"},
				"west": {"uv": [9.25, 12.125, 10.5, 13.875], "texture": "#main"},
				"up": {"uv": [8, 8, 8, 8], "texture": "#main"},
				"down": {"uv": [14.5, 10.5, 13.25, 11.75], "texture": "#main"}
			}
		},
		{
			"name": "leg_left",
			"from": [-1, -16, 14],
			"to": [5, 0, 20],
			"rotation": {"angle": 0, "axis": "y", "origin": [16.5, 0, 7.5]},
			"faces": {
				"north": {"uv": [8, 13.875, 8.75, 15.875], "texture": "#main"},
				"east": {"uv": [8.75, 13.875, 9.5, 15.875], "texture": "#main"},
				"south": {"uv": [9.5, 13.875, 10.25, 15.875], "texture": "#main"},
				"west": {"uv": [8.75, 13.875, 9.5, 15.875], "texture": "#main"},
				"up": {"uv": [15.75, 13.25, 15, 12.5], "texture": "#main"},
				"down": {"uv": [13.75, 15, 13, 15.75], "texture": "#main"}
			}
		},
		{
			"name": "leg_right",
			"from": [11, -13, 22],
			"to": [17, 3, 28],
			"rotation": {"angle": -22.5, "axis": "x", "origin": [14, -8, 25]},
			"faces": {
				"north": {"uv": [8.75, 13.875, 8, 15.875], "texture": "#main"},
				"east": {"uv": [9.5, 13.875, 8.75, 15.875], "texture": "#main"},
				"south": {"uv": [10.25, 13.875, 9.5, 15.875], "texture": "#main"},
				"west": {"uv": [9.5, 13.875, 8.75, 15.875], "texture": "#main"},
				"up": {"uv": [15, 13.25, 15.75, 12.5], "texture": "#main"},
				"down": {"uv": [13, 15, 13.75, 15.75], "texture": "#main"}
			}
		},
		{
			"name": "arm",
			"from": [-6, 0, 11],
			"to": [-1, 13, 17],
			"rotation": {"angle": 0, "axis": "y", "origin": [16.5, 0, 7.5]},
			"faces": {
				"north": {"uv": [11.75, 14, 12.375, 15.625], "texture": "#main"},
				"east": {"uv": [13.875, 8, 14.625, 9.625], "texture": "#main"},
				"south": {"uv": [12.375, 14, 13, 15.625], "texture": "#main"},
				"west": {"uv": [11, 14, 11.75, 15.625], "texture": "#main"},
				"up": {"uv": [8, 8, 8, 8], "texture": "#main"},
				"down": {"uv": [15.625, 13.25, 15, 14], "texture": "#main"}
			}
		},
		{
			"name": "sholder",
			"from": [-8, 12, 10],
			"to": [0, 20, 18],
			"rotation": {"angle": 0, "axis": "y", "origin": [16.5, 0, 7.5]},
			"faces": {
				"north": {"uv": [10.5, 12.125, 11.5, 13.125], "texture": "#main"},
				"east": {"uv": [13, 14, 14, 15], "texture": "#main"},
				"south": {"uv": [14, 14, 15, 15], "texture": "#main"},
				"west": {"uv": [14.5, 10.5, 15.5, 11.5], "texture": "#main"},
				"up": {"uv": [15.625, 9, 14.625, 8], "texture": "#main"},
				"down": {"uv": [15.875, 11.5, 14.875, 12.5], "texture": "#main"}
			}
		}
	],
	"display": {
		"head": {
			"translation": [0, -6.8, 0],
			"scale": [1.6, 1.6, 1.6]
		}
	},
	"groups": [0, 1, 2, 3, 4, 5, 6,
		{
			"name": "frame1",
			"origin": [14, -6, 14],
			"color": 0,
			"children": [7, 8, 9, 10, 11]
		},
		{
			"name": "frame2",
			"origin": [16.5, 0, 7.5],
			"color": 0,
			"children": [12, 13, 14, 15, 16]
		},
		{
			"name": "frame3",
			"origin": [16.5, 0, 7.5],
			"color": 0,
			"children": [17, 18, 19, 20, 21]
		},
		{
			"name": "frame4",
			"origin": [16.5, 0, 7.5],
			"color": 0,
			"children": [22, 23, 24, 25, 26]
		}
	]
}
