{
	"credit": "Made with Blockbench",
	"texture_size": [64, 64],
	"textures": {
		"0": "item/mobs/cetus/cetus_body",
		"1": "item/mobs/cetus/cetus_flame",
		"2": "item/mobs/flames/sightseer_flame",
		"particle": "item/mobs/cetus/cetus_body"
	},
	"elements": [
		{
			"from": [-7, -16, -8],
			"to": [23, 15, 24],
			"faces": {
				"north": {"uv": [0, 0, 16, 16], "texture": "#1"},
				"east": {"uv": [8, 0, 0, 7.75], "texture": "#0"},
				"south": {"uv": [8, 0, 15.5, 7.75], "texture": "#0"},
				"west": {"uv": [0, 0, 8, 7.75], "texture": "#0"},
				"up": {"uv": [7.5, 15.75, 0, 7.75], "texture": "#0"},
				"down": {"uv": [15, 7.75, 7.5, 15.75], "texture": "#0"}
			}
		},
		{
			"from": [-7, -6, -8],
			"to": [23, -16, 24],
			"rotation": {"angle": 0, "axis": "y", "origin": [0, 16, 0]},
			"faces": {
				"north": {"uv": [8, 7.75, 15.5, 5.25], "texture": "#0"},
				"east": {"uv": [8, 7.75, 0, 5.25], "texture": "#0"},
				"south": {"uv": [8, 7.75, 15.5, 5.25], "texture": "#0"},
				"west": {"uv": [0, 7.75, 8, 5.25], "texture": "#0"},
				"up": {"uv": [15, 15.75, 7.5, 7.75], "texture": "#0"},
				"down": {"uv": [16, 0, 0, 16], "texture": "#1"}
			}
		},
		{
			"from": [5, 15, -1],
			"to": [13, 31, -1],
			"rotation": {"angle": 0, "axis": "y", "origin": [8, 19, 0]},
			"faces": {
				"north": {"uv": [0, 0, 16, 8], "rotation": 270, "texture": "#2"},
				"east": {"uv": [0, 0, 16, 8], "rotation": 180, "texture": "#2"},
				"south": {"uv": [16, 0, 0, 8], "rotation": 90, "texture": "#2"},
				"west": {"uv": [0, 0, 16, 8], "texture": "#2"},
				"up": {"uv": [0, 0, 16, 8], "rotation": 90, "texture": "#2"},
				"down": {"uv": [0, 0, 16, 8], "rotation": 90, "texture": "#2"}
			}
		},
		{
			"from": [8, 15, -5],
			"to": [8, 31, 3],
			"rotation": {"angle": 0, "axis": "y", "origin": [8, 19, 0]},
			"faces": {
				"north": {"uv": [0, 0, 16, 8], "rotation": 180, "texture": "#2"},
				"east": {"uv": [16, 0, 0, 8], "rotation": 90, "texture": "#2"},
				"south": {"uv": [0, 0, 16, 8], "texture": "#2"},
				"west": {"uv": [0, 0, 16, 8], "rotation": 270, "texture": "#2"},
				"up": {"uv": [0, 0, 16, 8], "texture": "#2"},
				"down": {"uv": [0, 0, 16, 8], "rotation": 180, "texture": "#2"}
			}
		},
		{
			"from": [8, 8, 7],
			"to": [8, 24, 15],
			"rotation": {"angle": 0, "axis": "y", "origin": [8, 19, 0]},
			"faces": {
				"north": {"uv": [0, 0, 16, 8], "rotation": 180, "texture": "#2"},
				"east": {"uv": [16, 0, 0, 8], "rotation": 90, "texture": "#2"},
				"south": {"uv": [0, 0, 16, 8], "texture": "#2"},
				"west": {"uv": [0, 0, 16, 8], "rotation": 270, "texture": "#2"},
				"up": {"uv": [0, 0, 16, 8], "texture": "#2"},
				"down": {"uv": [0, 0, 16, 8], "rotation": 180, "texture": "#2"}
			}
		},
		{
			"from": [5, 8, 11],
			"to": [13, 24, 11],
			"rotation": {"angle": 0, "axis": "y", "origin": [8, 19, 0]},
			"faces": {
				"north": {"uv": [0, 0, 16, 8], "rotation": 270, "texture": "#2"},
				"east": {"uv": [0, 0, 16, 8], "rotation": 180, "texture": "#2"},
				"south": {"uv": [16, 0, 0, 8], "rotation": 90, "texture": "#2"},
				"west": {"uv": [0, 0, 16, 8], "texture": "#2"},
				"up": {"uv": [0, 0, 16, 8], "rotation": 90, "texture": "#2"},
				"down": {"uv": [0, 0, 16, 8], "rotation": 90, "texture": "#2"}
			}
		}
	],
	"display": {
		"thirdperson_righthand": {
			"rotation": [0, 0, -1]
		},
		"head": {
			"translation": [0, 20, 0],
			"scale": [3.2, 3.2, 3.2]
		}
	}
}
