{
	"credit": "Made with Blockbench",
	"texture_size": [128, 128],
	"textures": {
		"2": "item/mobs/cetus/cetus_tail",
		"particle": "item/mobs/cetus/cetus_tail"
	},
	"elements": [
		{
			"from": [-3, 4, -16],
			"to": [19, 28, 8],
			"faces": {
				"north": {"uv": [0, 3, 2.75, 6], "texture": "#2"},
				"east": {"uv": [3, 0, 0, 3], "texture": "#2"},
				"south": {"uv": [0, 3, 2.75, 6], "texture": "#2"},
				"west": {"uv": [0, 0, 3, 3], "texture": "#2"},
				"up": {"uv": [5.75, 3, 3, 0], "texture": "#2"},
				"down": {"uv": [5.5, 3, 2.75, 6], "texture": "#2"}
			}
		},
		{
			"from": [2, 10, 8],
			"to": [14, 22, 32],
			"faces": {
				"east": {"uv": [5.5, 3, 8.5, 4.5], "texture": "#2"},
				"south": {"uv": [1.5, 6, 3, 7.5], "texture": "#2"},
				"west": {"uv": [5.5, 4.5, 8.5, 6], "texture": "#2"},
				"up": {"uv": [7.25, 3, 5.75, 0], "texture": "#2"},
				"down": {"uv": [1.5, 6, 0, 9], "texture": "#2"}
			}
		},
		{
			"from": [-16, 14.5, 29],
			"to": [2, 17.5, 32],
			"faces": {
				"north": {"uv": [3, 6, 5.25, 6.375], "texture": "#2"},
				"east": {"uv": [5.25, 6, 5.625, 6.375], "texture": "#2"},
				"south": {"uv": [3, 6, 5.25, 6.375], "texture": "#2"},
				"west": {"uv": [5.25, 6, 5.625, 6.375], "texture": "#2"},
				"up": {"uv": [3, 6, 5.25, 6.375], "texture": "#2"},
				"down": {"uv": [3, 6, 5.25, 6.375], "texture": "#2"}
			}
		},
		{
			"from": [-12, 14.5, 22],
			"to": [6, 17.5, 25],
			"faces": {
				"north": {"uv": [3, 6, 5.25, 6.375], "texture": "#2"},
				"east": {"uv": [5.25, 6, 5.625, 6.375], "texture": "#2"},
				"south": {"uv": [3, 6, 5.25, 6.375], "texture": "#2"},
				"west": {"uv": [5.25, 6, 5.625, 6.375], "texture": "#2"},
				"up": {"uv": [3, 6, 5.25, 6.375], "texture": "#2"},
				"down": {"uv": [3, 6, 5.25, 6.375], "texture": "#2"}
			}
		},
		{
			"from": [-8, 14.5, 16],
			"to": [10, 17.5, 19],
			"faces": {
				"north": {"uv": [3, 6, 5.25, 6.375], "texture": "#2"},
				"east": {"uv": [5.25, 6, 5.625, 6.375], "texture": "#2"},
				"south": {"uv": [3, 6, 5.25, 6.375], "texture": "#2"},
				"west": {"uv": [5.25, 6, 5.625, 6.375], "texture": "#2"},
				"up": {"uv": [3, 6, 5.25, 6.375], "texture": "#2"},
				"down": {"uv": [3, 6, 5.25, 6.375], "texture": "#2"}
			}
		},
		{
			"from": [6, 14.5, 16],
			"to": [24, 17.5, 19],
			"rotation": {"angle": 0, "axis": "y", "origin": [16, 0, 0]},
			"faces": {
				"north": {"uv": [5.25, 6, 3, 6.375], "texture": "#2"},
				"east": {"uv": [5.625, 6, 5.25, 6.375], "texture": "#2"},
				"south": {"uv": [5.25, 6, 3, 6.375], "texture": "#2"},
				"west": {"uv": [5.625, 6, 5.25, 6.375], "texture": "#2"},
				"up": {"uv": [5.25, 6, 3, 6.375], "texture": "#2"},
				"down": {"uv": [5.25, 6, 3, 6.375], "texture": "#2"}
			}
		},
		{
			"from": [14, 14.5, 29],
			"to": [32, 17.5, 32],
			"rotation": {"angle": 0, "axis": "y", "origin": [16, 0, 0]},
			"faces": {
				"north": {"uv": [5.25, 6, 3, 6.375], "texture": "#2"},
				"east": {"uv": [5.625, 6, 5.25, 6.375], "texture": "#2"},
				"south": {"uv": [5.25, 6, 3, 6.375], "texture": "#2"},
				"west": {"uv": [5.625, 6, 5.25, 6.375], "texture": "#2"},
				"up": {"uv": [5.25, 6, 3, 6.375], "texture": "#2"},
				"down": {"uv": [5.25, 6, 3, 6.375], "texture": "#2"}
			}
		},
		{
			"from": [10, 14.5, 22],
			"to": [28, 17.5, 25],
			"rotation": {"angle": 0, "axis": "y", "origin": [16, 0, 0]},
			"faces": {
				"north": {"uv": [5.25, 6, 3, 6.375], "texture": "#2"},
				"east": {"uv": [5.625, 6, 5.25, 6.375], "texture": "#2"},
				"south": {"uv": [5.25, 6, 3, 6.375], "texture": "#2"},
				"west": {"uv": [5.625, 6, 5.25, 6.375], "texture": "#2"},
				"up": {"uv": [5.25, 6, 3, 6.375], "texture": "#2"},
				"down": {"uv": [5.25, 6, 3, 6.375], "texture": "#2"}
			}
		}
	],
	"display": {
		"head": {
			"translation": [0, -32, 80],
			"scale": [3.2, 3.2, 3.2]
		}
	}
}