{
	"credit": "Made with Blockbench",
	"texture_size": [64, 64],
	"textures": {
		"4": "item/mobs/flames/long_astral_flame",
		"5": "item/mobs/fusion_feeder"
	},
	"elements": [
		{
			"from": [8, -1, 19],
			"to": [8, 17, 32],
			"rotation": {"angle": 0, "axis": "y", "origin": [0, 0, -4]},
			"faces": {
				"north": {"uv": [0, 0, 0, 4.5], "texture": "#5"},
				"east": {"uv": [3.25, 0, 0, 4.5], "texture": "#5"},
				"south": {"uv": [0, 0, 0, 4.5], "texture": "#5"},
				"west": {"uv": [0, 0, 3.25, 4.5], "texture": "#5"},
				"up": {"uv": [0, 3.25, 0, 0], "texture": "#5"},
				"down": {"uv": [0, 0, 0, 3.25], "texture": "#5"}
			}
		},
		{
			"from": [-1, 7.5, -12.5],
			"to": [1, 9.5, -1.5],
			"rotation": {"angle": -45, "axis": "x", "origin": [1, 7.5, -6]},
			"faces": {
				"north": {"uv": [2.5, 6.75, 3, 7.25], "texture": "#5"},
				"east": {"uv": [7.75, 13.25, 7.25, 10.5], "rotation": 90, "texture": "#5"},
				"south": {"uv": [2.5, 6.75, 3, 7.25], "texture": "#5"},
				"west": {"uv": [7.75, 13.25, 7.25, 10.5], "rotation": 90, "texture": "#5"},
				"up": {"uv": [7.75, 13.25, 7.25, 10.5], "texture": "#5"},
				"down": {"uv": [7.75, 13.25, 7.25, 10.5], "texture": "#5"}
			}
		},
		{
			"from": [-1, 8.5, -9.5],
			"to": [5, 8.5, -6.5],
			"rotation": {"angle": -45, "axis": "x", "origin": [1, 7.5, -6]},
			"faces": {
				"north": {"uv": [0, 0, 1.5, 0], "texture": "#5"},
				"east": {"uv": [0, 0, 0.75, 0], "texture": "#5"},
				"south": {"uv": [0, 0, 1.5, 0], "texture": "#5"},
				"west": {"uv": [0, 0, 0.75, 0], "texture": "#5"},
				"up": {"uv": [11.75, 8.25, 10.25, 7.5], "texture": "#5"},
				"down": {"uv": [9.25, 10.5, 7.75, 11.25], "texture": "#5"}
			}
		},
		{
			"from": [-9, -0.5, -5.5],
			"to": [2, -0.5, 7.5],
			"rotation": {"angle": 22.5, "axis": "z", "origin": [-1, 0.5, -1]},
			"faces": {
				"north": {"uv": [0, 0, 2.75, 0], "texture": "#5"},
				"east": {"uv": [0, 0, 3.25, 0], "texture": "#5"},
				"south": {"uv": [0, 0, 2.75, 0], "texture": "#5"},
				"west": {"uv": [0, 0, 3.25, 0], "texture": "#5"},
				"up": {"uv": [6, 3.25, 3.25, 0], "texture": "#5"},
				"down": {"uv": [6, 0, 3.25, 3.25], "texture": "#5"}
			}
		},
		{
			"from": [11, 8.5, -9.5],
			"to": [17, 8.5, -6.5],
			"rotation": {"angle": -45, "axis": "x", "origin": [15, 7.5, -6]},
			"faces": {
				"north": {"uv": [1.5, 0, 0, 0], "texture": "#5"},
				"east": {"uv": [0.75, 0, 0, 0], "texture": "#5"},
				"south": {"uv": [1.5, 0, 0, 0], "texture": "#5"},
				"west": {"uv": [0.75, 0, 0, 0], "texture": "#5"},
				"up": {"uv": [10.25, 8.25, 11.75, 7.5], "texture": "#5"},
				"down": {"uv": [7.75, 10.5, 9.25, 11.25], "texture": "#5"}
			}
		},
		{
			"from": [15, 7.5, -12.5],
			"to": [17, 9.5, -1.5],
			"rotation": {"angle": -45, "axis": "x", "origin": [15, 7.5, -6]},
			"faces": {
				"north": {"uv": [3, 6.75, 2.5, 7.25], "texture": "#5"},
				"east": {"uv": [7.75, 10.5, 7.25, 13.25], "rotation": 90, "texture": "#5"},
				"south": {"uv": [2.5, 6.75, 3, 7.25], "texture": "#5"},
				"west": {"uv": [7.75, 10.5, 7.25, 13.25], "rotation": 90, "texture": "#5"},
				"up": {"uv": [7.25, 13.25, 7.75, 10.5], "texture": "#5"},
				"down": {"uv": [7.25, 13.25, 7.75, 10.5], "texture": "#5"}
			}
		},
		{
			"from": [14, -0.5, -5.5],
			"to": [25, -0.5, 7.5],
			"rotation": {"angle": -22.5, "axis": "z", "origin": [17, 0.5, -1]},
			"faces": {
				"north": {"uv": [2.75, 0, 0, 0], "texture": "#5"},
				"east": {"uv": [3.25, 0, 0, 0], "texture": "#5"},
				"south": {"uv": [2.75, 0, 0, 0], "texture": "#5"},
				"west": {"uv": [3.25, 0, 0, 0], "texture": "#5"},
				"up": {"uv": [3.25, 3.25, 6, 0], "texture": "#5"},
				"down": {"uv": [3.25, 0, 6, 3.25], "texture": "#5"}
			}
		},
		{
			"from": [2, 0, -6],
			"to": [14, 8, 3],
			"rotation": {"angle": 0, "axis": "y", "origin": [0, 0, -4]},
			"faces": {
				"north": {"uv": [6, 0, 9, 2], "texture": "#5"},
				"east": {"uv": [10.25, 6.25, 8, 8.25], "texture": "#5"},
				"south": {"uv": [6.25, 2, 9.25, 4], "texture": "#5"},
				"west": {"uv": [8, 6.25, 10.25, 8.25], "texture": "#5"},
				"up": {"uv": [6.25, 5.5, 3.25, 3.25], "texture": "#5"},
				"down": {"uv": [3, 4.5, 0, 6.75], "texture": "#5"}
			}
		},
		{
			"from": [3, 0, 3],
			"to": [13, 7, 12],
			"rotation": {"angle": 0, "axis": "y", "origin": [0, 0, -4]},
			"faces": {
				"east": {"uv": [11.5, 1.75, 9.25, 3.5], "texture": "#5"},
				"south": {"uv": [9, 0, 11.5, 1.75], "texture": "#5"},
				"west": {"uv": [9.25, 1.75, 11.5, 3.5], "texture": "#5"},
				"up": {"uv": [2.5, 9, 0, 6.75], "texture": "#5"},
				"down": {"uv": [5, 8, 2.5, 10.25], "texture": "#5"}
			}
		},
		{
			"from": [6, 1, 12],
			"to": [10, 6, 21],
			"rotation": {"angle": 0, "axis": "y", "origin": [0, 0, -4]},
			"faces": {
				"east": {"uv": [6.25, 10.25, 4, 11.5], "texture": "#5"},
				"south": {"uv": [10.25, 6.25, 11.25, 7.5], "texture": "#5"},
				"west": {"uv": [4, 10.25, 6.25, 11.5], "texture": "#5"},
				"up": {"uv": [7.25, 12.5, 6.25, 10.25], "texture": "#5"},
				"down": {"uv": [11.5, 3.5, 10.5, 5.75], "texture": "#5"}
			}
		},
		{
			"from": [4, 0, -15],
			"to": [12, 7, -6],
			"rotation": {"angle": 0, "axis": "y", "origin": [0, 0, -4]},
			"faces": {
				"north": {"uv": [9.5, 10, 11.5, 11.75], "texture": "#5"},
				"east": {"uv": [11.75, 8.25, 9.5, 10], "texture": "#5"},
				"south": {"uv": [2, 10.25, 4, 12], "texture": "#5"},
				"west": {"uv": [9.5, 8.25, 11.75, 10], "texture": "#5"},
				"up": {"uv": [9.5, 10.5, 7.5, 8.25], "texture": "#5"},
				"down": {"uv": [2, 9, 0, 11.25], "texture": "#5"}
			}
		},
		{
			"from": [3, -1, -16],
			"to": [13, 8, -6],
			"rotation": {"angle": 0, "axis": "y", "origin": [0, 0, -4]},
			"faces": {
				"north": {"uv": [8, 4, 10.5, 6.25], "texture": "#5"},
				"east": {"uv": [7.5, 8, 5, 10.25], "texture": "#5"},
				"west": {"uv": [5, 8, 7.5, 10.25], "texture": "#5"},
				"up": {"uv": [5.5, 8, 3, 5.5], "texture": "#5"},
				"down": {"uv": [8, 5.5, 5.5, 8], "texture": "#5"}
			}
		},
		{
			"from": [13, 8, -5],
			"to": [3, -1, -15],
			"rotation": {"angle": 0, "axis": "x", "origin": [-2, -5.5, -2]},
			"faces": {
				"east": {"uv": [7.5, 8, 5, 10.25], "rotation": 180, "texture": "#5"},
				"south": {"uv": [8, 4, 10.5, 6.25], "rotation": 180, "texture": "#5"},
				"west": {"uv": [5, 8, 7.5, 10.25], "rotation": 180, "texture": "#5"},
				"up": {"uv": [8, 5.5, 5.5, 8], "texture": "#5"},
				"down": {"uv": [5.5, 8, 3, 5.5], "texture": "#5"}
			}
		},
		{
			"from": [6.1, 4, -6.25],
			"to": [9.9, 17, -2.25],
			"rotation": {"angle": 45, "axis": "x", "origin": [8, 14, -5]},
			"faces": {
				"north": {"uv": [11.5, 0, 12.5, 3.25], "texture": "#5"},
				"east": {"uv": [11.5, 0, 12.5, 3.25], "texture": "#5"},
				"south": {"uv": [11.5, 0, 12.5, 3.25], "texture": "#5"},
				"west": {"uv": [11.5, 0, 12.5, 3.25], "texture": "#5"},
				"up": {"uv": [0, 11.25, 1, 12.25], "texture": "#5"},
				"down": {"uv": [0, 11.25, 1, 12.25], "texture": "#5"}
			}
		},
		{
			"from": [7.5, 6, -5],
			"to": [8.5, 11, -1],
			"faces": {
				"north": {"uv": [6.25, 4.25, 6.5, 4.5], "texture": "#5"},
				"east": {"uv": [7.25, 4, 6.25, 5.25], "texture": "#5"},
				"south": {"uv": [7.5, 5, 7.75, 5.25], "texture": "#5"},
				"west": {"uv": [6.25, 4, 7.25, 5.25], "texture": "#5"},
				"up": {"uv": [6.25, 4.25, 6.5, 4.5], "texture": "#5"},
				"down": {"uv": [6.25, 4.25, 6.5, 4.5], "texture": "#5"}
			}
		},
		{
			"from": [7.5, 5, 0],
			"to": [8.5, 10, 4],
			"faces": {
				"north": {"uv": [6.25, 4.25, 6.5, 4.5], "texture": "#5"},
				"east": {"uv": [7.25, 4, 6.25, 5.25], "texture": "#5"},
				"south": {"uv": [7.5, 5, 7.75, 5.25], "texture": "#5"},
				"west": {"uv": [6.25, 4, 7.25, 5.25], "texture": "#5"},
				"up": {"uv": [6.25, 4.25, 6.5, 4.5], "texture": "#5"},
				"down": {"uv": [6.25, 4.25, 6.5, 4.5], "texture": "#5"}
			}
		},
		{
			"from": [7.5, 4, 5],
			"to": [8.5, 9, 9],
			"faces": {
				"north": {"uv": [6.25, 4.25, 6.5, 4.5], "texture": "#5"},
				"east": {"uv": [7.25, 4, 6.25, 5.25], "texture": "#5"},
				"south": {"uv": [7.5, 5, 7.75, 5.25], "texture": "#5"},
				"west": {"uv": [6.25, 4, 7.25, 5.25], "texture": "#5"},
				"up": {"uv": [6.25, 4.25, 6.5, 4.5], "texture": "#5"},
				"down": {"uv": [6.25, 4.25, 6.5, 4.5], "texture": "#5"}
			}
		},
		{
			"from": [7.5, 3, 10],
			"to": [8.5, 8, 14],
			"faces": {
				"north": {"uv": [6.25, 4.25, 6.5, 4.5], "texture": "#5"},
				"east": {"uv": [7.25, 4, 6.25, 5.25], "texture": "#5"},
				"south": {"uv": [7.5, 5, 7.75, 5.25], "texture": "#5"},
				"west": {"uv": [6.25, 4, 7.25, 5.25], "texture": "#5"},
				"up": {"uv": [6.25, 4.25, 6.5, 4.5], "texture": "#5"},
				"down": {"uv": [6.25, 4.25, 6.5, 4.5], "texture": "#5"}
			}
		},
		{
			"from": [8, 11, -4],
			"to": [8, 19, 23],
			"faces": {
				"north": {"uv": [0, 0, 16, 16], "texture": "#4"},
				"east": {"uv": [16, 0, 2.5, 16], "texture": "#4"},
				"south": {"uv": [0, 0, 16, 16], "texture": "#4"},
				"west": {"uv": [2.5, 0, 16, 16], "texture": "#4"},
				"up": {"uv": [0, 0, 16, 16], "texture": "#4"},
				"down": {"uv": [0, 0, 16, 16], "texture": "#4"}
			}
		}
	],
	"display": {
		"head": {
			"scale": [2, 2, 2]
		}
	},
	"groups": [0, 1, 2, 3, 4, 5, 6,
		{
			"name": "body",
			"origin": [0, 0, 0],
			"color": 0,
			"children": [7, 8, 9, 10, 11, 12]
		}, 13, 14, 15, 16, 17, 18]
}