{
	"credit": "Made with Blockbench",
	"texture_size": [32, 32],
	"textures": {
		"0": "item/mobs/infectious_meteor",
		"3": "item/mobs/flames/astrum_aureus_flame_leg",
		"particle": "item/mobs/infectious_meteor"
	},
	"elements": [
		{
			"from": [4, 3, 5],
			"to": [12, 11, 11],
			"rotation": {"angle": 0, "axis": "y", "origin": [0, 2, 0]},
			"faces": {
				"north": {"uv": [0, 0, 4, 4], "texture": "#0"},
				"east": {"uv": [4, 0, 7, 4], "texture": "#0"},
				"south": {"uv": [0, 4, 4, 8], "texture": "#0"},
				"west": {"uv": [4, 4, 7, 8], "texture": "#0"},
				"up": {"uv": [11, 3, 7, 0], "texture": "#0"},
				"down": {"uv": [11, 3, 7, 6], "texture": "#0"}
			}
		},
		{
			"from": [12, 11, 11],
			"to": [4, 3, 5],
			"rotation": {"angle": 0, "axis": "y", "origin": [0, 2, 0]},
			"faces": {
				"north": {"uv": [0, 15.5, 0.5, 16], "texture": "#0"},
				"east": {"uv": [0, 15.5, 0.5, 16], "texture": "#0"},
				"south": {"uv": [0, 15.5, 0.5, 16], "texture": "#0"},
				"west": {"uv": [0, 15.5, 0.5, 16], "texture": "#0"},
				"up": {"uv": [0, 15.5, 0.5, 16], "texture": "#0"},
				"down": {"uv": [0, 15.5, 0.5, 16], "texture": "#0"}
			}
		},
		{
			"from": [11, 7, 6],
			"to": [16, 11, 10],
			"rotation": {"angle": 0, "axis": "y", "origin": [0, 2, 0]},
			"faces": {
				"north": {"uv": [11, 3, 13.5, 5], "texture": "#0"},
				"east": {"uv": [0, 11.5, 2, 13.5], "texture": "#0"},
				"south": {"uv": [11, 5, 13.5, 7], "texture": "#0"},
				"up": {"uv": [13.5, 9, 11, 7], "texture": "#0"},
				"down": {"uv": [13.5, 9, 11, 11], "texture": "#0"}
			}
		},
		{
			"from": [9.5, 1.5, 6],
			"to": [13.5, 8.5, 10],
			"rotation": {"angle": 45, "axis": "z", "origin": [12.5, 4, 8]},
			"faces": {
				"north": {"uv": [7, 6, 9, 9.5], "texture": "#0"},
				"east": {"uv": [0, 8, 2, 11.5], "texture": "#0"},
				"south": {"uv": [2, 8, 4, 11.5], "texture": "#0"},
				"west": {"uv": [4, 8, 6, 11.5], "texture": "#0"},
				"down": {"uv": [13, 11, 11, 13], "texture": "#0"}
			}
		},
		{
			"from": [2.5, 1.5, 6],
			"to": [6.5, 8.5, 10],
			"rotation": {"angle": -45, "axis": "z", "origin": [3.5, 4, 8]},
			"faces": {
				"north": {"uv": [9, 6, 7, 9.5], "texture": "#0"},
				"east": {"uv": [6, 8, 4, 11.5], "texture": "#0"},
				"south": {"uv": [4, 8, 2, 11.5], "texture": "#0"},
				"west": {"uv": [2, 8, 0, 11.5], "texture": "#0"},
				"down": {"uv": [11, 11, 13, 13], "texture": "#0"}
			}
		},
		{
			"from": [0, 7, 6],
			"to": [5, 11, 10],
			"rotation": {"angle": 0, "axis": "y", "origin": [16, 2, 0]},
			"faces": {
				"north": {"uv": [13.5, 3, 11, 5], "texture": "#0"},
				"south": {"uv": [13.5, 5, 11, 7], "texture": "#0"},
				"west": {"uv": [2, 11.5, 0, 13.5], "texture": "#0"},
				"up": {"uv": [11, 9, 13.5, 7], "texture": "#0"},
				"down": {"uv": [11, 9, 13.5, 11], "texture": "#0"}
			}
		},
		{
			"from": [6, 10, 6],
			"to": [10, 16, 10],
			"rotation": {"angle": 0, "axis": "z", "origin": [3.5, 4, 8]},
			"faces": {
				"north": {"uv": [9, 6, 11, 9], "texture": "#0"},
				"east": {"uv": [9, 9, 11, 12], "texture": "#0"},
				"south": {"uv": [6, 9.5, 8, 12.5], "texture": "#0"},
				"west": {"uv": [11, 0, 13, 3], "texture": "#0"},
				"up": {"uv": [4, 13.5, 2, 11.5], "texture": "#0"}
			}
		},
		{
			"from": [3, 7, 8],
			"to": [19, 23, 8],
			"rotation": {"angle": -45, "axis": "z", "origin": [10, 11, 7]},
			"faces": {
				"north": {"uv": [0, 0, 16, 16], "texture": "#3"},
				"east": {"uv": [0, 0, 16, 16], "texture": "#3"},
				"south": {"uv": [0, 0, 16, 16], "texture": "#3"},
				"west": {"uv": [0, 0, 16, 16], "texture": "#3"},
				"up": {"uv": [0, 0, 16, 16], "texture": "#3"},
				"down": {"uv": [0, 0, 16, 16], "texture": "#3"}
			}
		}
	],
	"display": {
		"gui": {
			"rotation": [0, -180, 0]
		},
		"head": {
			"scale": [1.6, 1.6, 1.6]
		}
	}
}