{
	"credit": "Made with Blockbench",
	"texture_size": [32, 32],
	"textures": {
		"0": "item/mobs/mantis_head",
		"particle": "item/mobs/mantis_head"
	},
	"elements": [
		{
			"from": [4, 4, 4],
			"to": [12, 12, 12],
			"faces": {
				"north": {"uv": [0, 0, 4, 4], "texture": "#0"},
				"east": {"uv": [0, 4, 4, 8], "texture": "#0"},
				"south": {"uv": [4, 0, 8, 4], "texture": "#0"},
				"west": {"uv": [4, 4, 8, 8], "texture": "#0"},
				"up": {"uv": [4, 12, 0, 8], "texture": "#0"},
				"down": {"uv": [12, 0, 8, 4], "texture": "#0"}
			}
		},
		{
			"from": [6, 8, 12],
			"to": [10, 12, 18],
			"faces": {
				"north": {"uv": [9, 9, 11, 11], "texture": "#0"},
				"east": {"uv": [4, 8, 7, 10], "texture": "#0"},
				"south": {"uv": [4, 10, 6, 12], "texture": "#0"},
				"west": {"uv": [8, 4, 11, 6], "texture": "#0"},
				"up": {"uv": [10, 9, 8, 6], "texture": "#0"},
				"down": {"uv": [9, 9, 7, 12], "texture": "#0"}
			}
		}
	],
	"display": {
		"head": {
			"scale": [1.6, 1.6, 1.6]
		}
	}
}
