{
	"credit": "Made with Blockbench",
	"texture_size": [64, 64],
	"textures": {
		"2": "item/mobs/flames/stellar_culex_flame",
		"3": "item/mobs/flames/long_astral_flame",
		"4": "item/mobs/stellar_culex",
		"particle": "item/mobs/stellar_culex"
	},
	"elements": [
		{
			"from": [4, 4, -6],
			"to": [12, 14, -1],
			"rotation": {"angle": -22.5, "axis": "x", "origin": [8, 9.5, -4.5]},
			"faces": {
				"north": {"uv": [0, 2.75, 2, 5.25], "texture": "#4"},
				"east": {"uv": [1.25, 5.25, 0, 7.75], "texture": "#4"},
				"south": {"uv": [2.75, 0, 4.75, 2.5], "texture": "#4"},
				"west": {"uv": [0, 5.25, 1.25, 7.75], "texture": "#4"},
				"up": {"uv": [8, 5.5, 6, 4.25], "texture": "#4"},
				"down": {"uv": [8, 5.5, 6, 6.75], "texture": "#4"}
			}
		},
		{
			"from": [4.1, 5, 0],
			"to": [11.9, 13, 8],
			"rotation": {"angle": 22.5, "axis": "x", "origin": [8, 8, 5]},
			"faces": {
				"north": {"uv": [2, 2.75, 4, 4.75], "texture": "#4"},
				"east": {"uv": [6, 4.5, 4, 6.5], "texture": "#4"},
				"south": {"uv": [4, 2.5, 6, 4.5], "texture": "#4"},
				"west": {"uv": [4, 4.5, 6, 6.5], "texture": "#4"},
				"up": {"uv": [6.75, 2, 4.75, 0], "texture": "#4"},
				"down": {"uv": [4, 4.75, 2, 6.75], "texture": "#4"}
			}
		},
		{
			"from": [5, 2.5, 6.5],
			"to": [11, 7.5, 11.5],
			"rotation": {"angle": 45, "axis": "x", "origin": [8, 3.5, 10.5]},
			"faces": {
				"north": {"uv": [4, 6.5, 5.5, 7.75], "texture": "#4"},
				"east": {"uv": [4, 6.75, 2.75, 8], "texture": "#4"},
				"south": {"uv": [6.75, 0, 8.25, 1.25], "texture": "#4"},
				"west": {"uv": [2.75, 6.75, 4, 8], "texture": "#4"},
				"up": {"uv": [2.75, 8, 1.25, 6.75], "texture": "#4"},
				"down": {"uv": [7, 6.75, 5.5, 8], "texture": "#4"}
			}
		},
		{
			"from": [6, 0.25, 11.5],
			"to": [10, 3.25, 14.5],
			"rotation": {"angle": -22.5, "axis": "x", "origin": [8, 1.5, 12.5]},
			"faces": {
				"north": {"uv": [6.75, 1.25, 7.75, 2], "texture": "#4"},
				"east": {"uv": [2, 5.25, 1.25, 6], "texture": "#4"},
				"south": {"uv": [7, 6.75, 8, 7.5], "texture": "#4"},
				"west": {"uv": [1.25, 5.25, 2, 6], "texture": "#4"},
				"up": {"uv": [8.25, 2.75, 7.25, 2], "texture": "#4"},
				"down": {"uv": [8.25, 2.75, 7.25, 3.5], "texture": "#4"}
			}
		},
		{
			"from": [11, 0, -3],
			"to": [15, 8, -3],
			"rotation": {"angle": -22.5, "axis": "y", "origin": [13.5, 6.5, -2]},
			"faces": {
				"north": {"uv": [4, 9, 2, 13], "texture": "#2"},
				"east": {"uv": [0, 0, 0, 3.5], "texture": "#2"},
				"south": {"uv": [0, 9, 2, 13], "texture": "#2"},
				"west": {"uv": [0, 0, 0, 3.5], "texture": "#2"},
				"up": {"uv": [0, 0, 2, 0], "texture": "#2"},
				"down": {"uv": [0, 0, 2, 0], "texture": "#2"}
			}
		},
		{
			"from": [0.50314, 8, -6.74055],
			"to": [4.50314, 16, -6.74055],
			"rotation": {"angle": 45, "axis": "x", "origin": [2.50314, 11.5, -7.74055]},
			"faces": {
				"north": {"uv": [4, 9, 6, 13], "texture": "#2"},
				"east": {"uv": [0, 0, 0, 3.5], "texture": "#2"},
				"south": {"uv": [6, 9, 4, 13], "texture": "#2"},
				"west": {"uv": [0, 0, 0, 3.5], "texture": "#2"},
				"up": {"uv": [2, 0, 0, 0], "texture": "#2"},
				"down": {"uv": [2, 0, 0, 0], "texture": "#2"}
			}
		},
		{
			"from": [3, 10, 0],
			"to": [3, 18, 32],
			"rotation": {"angle": -22.5, "axis": "y", "origin": [4, 13.5, 4.5]},
			"faces": {
				"north": {"uv": [0, 0, 16, 16], "texture": "#3"},
				"east": {"uv": [16, 0, 0, 16], "texture": "#3"},
				"south": {"uv": [0, 0, 16, 16], "texture": "#3"},
				"west": {"uv": [0, 0, 16, 16], "texture": "#3"},
				"up": {"uv": [0, 0, 16, 16], "texture": "#3"},
				"down": {"uv": [0, 0, 16, 16], "texture": "#3"}
			}
		},
		{
			"from": [13, 10, 0],
			"to": [13, 18, 32],
			"rotation": {"angle": 22.5, "axis": "y", "origin": [12, 13.5, 4.5]},
			"faces": {
				"north": {"uv": [16, 0, 0, 16], "texture": "#3"},
				"east": {"uv": [16, 0, 0, 16], "texture": "#3"},
				"south": {"uv": [16, 0, 0, 16], "texture": "#3"},
				"west": {"uv": [0, 0, 16, 16], "texture": "#3"},
				"up": {"uv": [16, 0, 0, 16], "texture": "#3"},
				"down": {"uv": [16, 0, 0, 16], "texture": "#3"}
			}
		},
		{
			"from": [11.49686, 8, -6.74055],
			"to": [15.49686, 16, -6.74055],
			"rotation": {"angle": 45, "axis": "x", "origin": [13.49686, 11.5, -7.74055]},
			"faces": {
				"north": {"uv": [8, 9, 6, 13], "texture": "#2"},
				"east": {"uv": [0, 0, 0, 3.5], "texture": "#2"},
				"south": {"uv": [4, 9, 6, 13], "texture": "#2"},
				"west": {"uv": [0, 0, 0, 3.5], "texture": "#2"},
				"up": {"uv": [0, 0, 2, 0], "texture": "#2"},
				"down": {"uv": [0, 0, 2, 0], "texture": "#2"}
			}
		},
		{
			"from": [1, 0, -3],
			"to": [5, 8, -3],
			"rotation": {"angle": 22.5, "axis": "y", "origin": [2.5, 6.5, -2]},
			"faces": {
				"north": {"uv": [0, 9, 2, 13], "texture": "#2"},
				"east": {"uv": [0, 0, 0, 3.5], "texture": "#2"},
				"south": {"uv": [2, 9, 0, 13], "texture": "#2"},
				"west": {"uv": [0, 0, 0, 3.5], "texture": "#2"},
				"up": {"uv": [2, 0, 0, 0], "texture": "#2"},
				"down": {"uv": [2, 0, 0, 0], "texture": "#2"}
			}
		},
		{
			"from": [2, 9, -2],
			"to": [2, 20, 9],
			"rotation": {"angle": -22.5, "axis": "y", "origin": [4, 12, 4.5]},
			"faces": {
				"north": {"uv": [0, 0, 0, 2.75], "texture": "#4"},
				"east": {"uv": [2.75, 0, 0, 2.75], "texture": "#4"},
				"south": {"uv": [0, 0, 0, 2.75], "texture": "#4"},
				"west": {"uv": [0, 0, 2.75, 2.75], "texture": "#4"},
				"up": {"uv": [0, 2.75, 0, 0], "texture": "#4"},
				"down": {"uv": [0, 0, 0, 2.75], "texture": "#4"}
			}
		},
		{
			"from": [2.5, 9, -1.5],
			"to": [7.5, 18, -1.5],
			"rotation": {"angle": 22.5, "axis": "x", "origin": [4, 12, 4.5]},
			"faces": {
				"north": {"uv": [6, 2, 7.25, 4.25], "texture": "#4"},
				"east": {"uv": [0, 0, 0, 2.25], "texture": "#4"},
				"south": {"uv": [7.25, 2, 6, 4.25], "texture": "#4"},
				"west": {"uv": [0, 0, 0, 2.25], "texture": "#4"},
				"up": {"uv": [1.25, 0, 0, 0], "texture": "#4"},
				"down": {"uv": [1.25, 0, 0, 0], "texture": "#4"}
			}
		},
		{
			"from": [8.5, 9, -1.5],
			"to": [13.5, 18, -1.5],
			"rotation": {"angle": 22.5, "axis": "x", "origin": [12, 12, 4.5]},
			"faces": {
				"north": {"uv": [7.25, 2, 6, 4.25], "texture": "#4"},
				"east": {"uv": [0, 0, 0, 2.25], "texture": "#4"},
				"south": {"uv": [6, 2, 7.25, 4.25], "texture": "#4"},
				"west": {"uv": [0, 0, 0, 2.25], "texture": "#4"},
				"up": {"uv": [0, 0, 1.25, 0], "texture": "#4"},
				"down": {"uv": [0, 0, 1.25, 0], "texture": "#4"}
			}
		},
		{
			"from": [14, 9, -2],
			"to": [14, 20, 9],
			"rotation": {"angle": 22.5, "axis": "y", "origin": [12, 12, 4.5]},
			"faces": {
				"north": {"uv": [0, 0, 0, 2.75], "texture": "#4"},
				"east": {"uv": [2.75, 0, 0, 2.75], "texture": "#4"},
				"south": {"uv": [0, 0, 0, 2.75], "texture": "#4"},
				"west": {"uv": [0, 0, 2.75, 2.75], "texture": "#4"},
				"up": {"uv": [0, 2.75, 0, 0], "texture": "#4"},
				"down": {"uv": [0, 0, 0, 2.75], "texture": "#4"}
			}
		},
		{
			"from": [5.25, 8, 11],
			"to": [6.25, 9, 14],
			"rotation": {"angle": 0, "axis": "y", "origin": [0, 0, -1]},
			"faces": {
				"north": {"uv": [0, 7.75, 0.25, 8], "texture": "#4"},
				"east": {"uv": [1, 7.75, 0.25, 8], "texture": "#4"},
				"south": {"uv": [0, 7.75, 0.25, 8], "texture": "#4"},
				"west": {"uv": [0.25, 7.75, 1, 8], "texture": "#4"},
				"up": {"uv": [0.25, 7.75, 1, 8], "rotation": 90, "texture": "#4"},
				"down": {"uv": [0.25, 7.75, 1, 8], "rotation": 270, "texture": "#4"}
			}
		},
		{
			"from": [9.75, 8, 11],
			"to": [10.75, 9, 14],
			"rotation": {"angle": 0, "axis": "y", "origin": [0, 0, -1]},
			"faces": {
				"north": {"uv": [0, 7.75, 0.25, 8], "texture": "#4"},
				"east": {"uv": [1, 7.75, 0.25, 8], "texture": "#4"},
				"south": {"uv": [0, 7.75, 0.25, 8], "texture": "#4"},
				"west": {"uv": [0.25, 7.75, 1, 8], "texture": "#4"},
				"up": {"uv": [0.25, 7.75, 1, 8], "rotation": 90, "texture": "#4"},
				"down": {"uv": [0.25, 7.75, 1, 8], "rotation": 270, "texture": "#4"}
			}
		},
		{
			"from": [10, 12, 8],
			"to": [11, 13, 11],
			"rotation": {"angle": -22.5, "axis": "x", "origin": [8, 11.5, 10.5]},
			"faces": {
				"north": {"uv": [0, 7.75, 0.25, 8], "texture": "#4"},
				"east": {"uv": [1, 7.75, 0.25, 8], "texture": "#4"},
				"south": {"uv": [0, 7.75, 0.25, 8], "texture": "#4"},
				"west": {"uv": [0.25, 7.75, 1, 8], "texture": "#4"},
				"up": {"uv": [0.25, 7.75, 1, 8], "rotation": 90, "texture": "#4"},
				"down": {"uv": [0.25, 7.75, 1, 8], "rotation": 270, "texture": "#4"}
			}
		},
		{
			"from": [5, 12, 8],
			"to": [6, 13, 11],
			"rotation": {"angle": -22.5, "axis": "x", "origin": [8, 11.5, 10.5]},
			"faces": {
				"north": {"uv": [0, 7.75, 0.25, 8], "texture": "#4"},
				"east": {"uv": [1, 7.75, 0.25, 8], "texture": "#4"},
				"south": {"uv": [0, 7.75, 0.25, 8], "texture": "#4"},
				"west": {"uv": [0.25, 7.75, 1, 8], "texture": "#4"},
				"up": {"uv": [0.25, 7.75, 1, 8], "rotation": 90, "texture": "#4"},
				"down": {"uv": [0.25, 7.75, 1, 8], "rotation": 270, "texture": "#4"}
			}
		}
	],
	"display": {
		"head": {
			"translation": [0, 0, 6],
			"scale": [1.6, 1.6, 1.6]
		}
	},
	"groups": [0, 1, 2, 3,
		{
			"name": "flame",
			"origin": [2.5, 6.5, 3],
			"color": 0,
			"children": [4, 5, 6, 7, 8, 9]
		}, 10, 11, 12, 13, 14, 15, 16, 17]
}