{
    "raid.walker1": {
      "sounds": [
        "mc_silver_sound:entity/walker/sound1"
      ]
    },
    "raid.walker2": {
        "sounds": [
          "mc_silver_sound:entity/walker/sound2"
      ]
    },
    "raid.walker3": {
        "sounds": [
          "mc_silver_sound:entity/walker/sound3"
      ]
    },
    "raid.walker4": {
        "sounds": [
          "mc_silver_sound:entity/walker/sound4"
      ]
    },
    "raid.walker5": {
        "sounds": [
          "mc_silver_sound:entity/walker/sound5"
      ]
    },
    "raid.surge_attack": {
      "sounds": [
        "mc_silver_sound:entity/surge/attack"
    ]
  },
  "raid.music.illager_boss_theme": {
    "sounds": [
      "mc_silver_sound:music/raid/evoker_theme"
  ]  
},
"raid.item.sweep_attack": {
  "sounds": [
    "mc_silver_sound:item/sweep_attack"
  ]  
},
  "raid.surge_teleport": {
    "sounds": [
      "mc_silver_sound:entity/surge/teleport"
  ]
 }
}